-1.877500E-01   
-2.005858E-01   
-2.127807E-01   
-2.243705E-01   
-2.353898E-01   
-2.458716E-01   
-2.558476E-01   
-2.653484E-01   
-2.744033E-01   
-2.830404E-01   
-2.912867E-01   
-2.991680E-01   
-3.067093E-01   
-3.139341E-01   
-3.208655E-01   
-3.275252E-01   
-3.339342E-01   
-3.401125E-01   
-3.460793E-01   
-3.518529E-01   
-3.574509E-01   
-3.628901E-01   
-3.681866E-01   
-3.733556E-01   
-3.784119E-01   
-3.833693E-01   
-3.882413E-01   
-3.930404E-01   
-3.977790E-01   
-4.024684E-01   
-4.071197E-01   
-4.117433E-01   
-4.163492E-01   
-4.209468E-01   
-4.255451E-01   
-4.301526E-01   
-4.347773E-01   
-4.394271E-01   
-4.441089E-01   
-4.488298E-01   
-4.535962E-01   
-4.584141E-01   
-4.632894E-01   
-4.682275E-01   
-4.732334E-01   
-4.783120E-01   
-4.834677E-01   
-4.887047E-01   
-4.940270E-01   
-4.994383E-01   
-5.049419E-01   
-5.105411E-01   
-5.162387E-01   
-5.220375E-01   
-5.279400E-01   
-5.339484E-01   
-5.400650E-01   
-5.462915E-01   
-5.526298E-01   
-5.590813E-01   
-5.656476E-01   
-5.723297E-01   
-5.791289E-01   
-5.860460E-01   
-5.930820E-01   
-6.002373E-01   
-6.075127E-01   
-6.149085E-01   
-6.224250E-01   
-6.300625E-01   
-6.378210E-01   
-6.457007E-01   
-6.537013E-01   
-6.618228E-01   
-6.700648E-01   
-6.784270E-01   
-6.869091E-01   
-6.955105E-01   
-7.042307E-01   
-7.130690E-01   
-7.220248E-01   
-7.310974E-01   
-7.402860E-01   
-7.495896E-01   
-7.590076E-01   
-7.685388E-01   
-7.781823E-01   
-7.879372E-01   
-7.978024E-01   
-8.077767E-01   
-8.178592E-01   
-8.280485E-01   
-8.383436E-01   
-8.487432E-01   
-8.592462E-01   
-8.698512E-01   
-8.805571E-01   
-8.913625E-01   
-9.022662E-01   
-9.132668E-01   
-9.243629E-01   
-9.355534E-01   
-9.468367E-01   
-9.582116E-01   
-9.696767E-01   
-9.812306E-01   
-9.928720E-01   
-1.004599E+00   
-1.016412E+00   
-1.028307E+00   
-1.040284E+00   
-1.052342E+00   
-1.064479E+00   
-1.076694E+00   
-1.088985E+00   
-1.101351E+00   
-1.113791E+00   
-1.126303E+00   
-1.138886E+00   
-1.151538E+00   
-1.164259E+00   
-1.177046E+00   
-1.189899E+00   
-1.202816E+00   
-1.215796E+00   
-1.228838E+00   
-1.241939E+00   
-1.255100E+00   
-1.268318E+00   
-1.281593E+00   
-1.294923E+00   
-1.308307E+00   
-1.321743E+00   
-1.335231E+00   
-1.348769E+00   
-1.362356E+00   
-1.375990E+00   
-1.389672E+00   
-1.403398E+00   
-1.417169E+00   
-1.430984E+00   
-1.444840E+00   
-1.458737E+00   
-1.472674E+00   
-1.486649E+00   
-1.500662E+00   
-1.514712E+00   
-1.528797E+00   
-1.542917E+00   
-1.557070E+00   
-1.571255E+00   
-1.585472E+00   
-1.599719E+00   
-1.613996E+00   
-1.628301E+00   
-1.642634E+00   
-1.656993E+00   
-1.671378E+00   
-1.685788E+00   
-1.700222E+00   
-1.714678E+00   
-1.729157E+00   
-1.743657E+00   
-1.758177E+00   
-1.772718E+00   
-1.787276E+00   
-1.801853E+00   
-1.816447E+00   
-1.831057E+00   
-1.845683E+00   
-1.860324E+00   
-1.874979E+00   
-1.889647E+00   
-1.904328E+00   
-1.919021E+00   
-1.933725E+00   
-1.948440E+00   
-1.963165E+00   
-1.977898E+00   
-1.992641E+00   
-2.007391E+00   
-2.022149E+00   
-2.036913E+00   
-2.051683E+00   
-2.066459E+00   
-2.081240E+00   
-2.096025E+00   
-2.110813E+00   
-2.125605E+00   
-2.140400E+00   
-2.155196E+00   
-2.169994E+00   
-2.184793E+00   
-2.199593E+00   
-2.214392E+00   
-2.229191E+00   
-2.243990E+00   
-2.258786E+00   
-2.273581E+00   
-2.288374E+00   
-2.303163E+00   
-2.317950E+00   
-2.332732E+00   
-2.347511E+00   
-2.362285E+00   
-2.377054E+00   
-2.391818E+00   
-2.406577E+00   
-2.421329E+00   
-2.436074E+00   
-2.450813E+00   
-2.465545E+00   
-2.480269E+00   
-2.494985E+00   
-2.509693E+00   
-2.524392E+00   
-2.539082E+00   
-2.553764E+00   
-2.568435E+00   
-2.583097E+00   
-2.597749E+00   
-2.612390E+00   
-2.627021E+00   
-2.641640E+00   
-2.656249E+00   
-2.670845E+00   
-2.685430E+00   
-2.700003E+00   
-2.714564E+00   
-2.729112E+00   
-2.743647E+00   
-2.758169E+00   
-2.772678E+00   
-2.787173E+00   
-2.801655E+00   
-2.816122E+00   
-2.830576E+00   
-2.845015E+00   
-2.859440E+00   
-2.873850E+00   
-2.888245E+00   
-2.902624E+00   
-2.916989E+00   
-2.931338E+00   
-2.945671E+00   
-2.959989E+00   
-2.974290E+00   
-2.988575E+00   
-3.002844E+00   
-3.017097E+00   
-3.031332E+00   
-3.045551E+00   
-3.059753E+00   
-3.073938E+00   
-3.088106E+00   
-3.102257E+00   
-3.116390E+00   
-3.130505E+00   
-3.144603E+00   
-3.158683E+00   
-3.172744E+00   
-3.186788E+00   
-3.200814E+00   
-3.214821E+00   
-3.228810E+00   
-3.242780E+00   
-3.256732E+00   
-3.270665E+00   
-3.284580E+00   
-3.298475E+00   
-3.312352E+00   
-3.326209E+00   
-3.340047E+00   
-3.353866E+00   
-3.367666E+00   
-3.381447E+00   
-3.395208E+00   
-3.408949E+00   
-3.422671E+00   
-3.436373E+00   
-3.450056E+00   
-3.463718E+00   
-3.477361E+00   
-3.490984E+00   
-3.504587E+00   
-3.518170E+00   
-3.531733E+00   
-3.545276E+00   
-3.558799E+00   
-3.572301E+00   
-3.585783E+00   
-3.599245E+00   
-3.612687E+00   
-3.626108E+00   
-3.639509E+00   
-3.652889E+00   
-3.666249E+00   
-3.679588E+00   
-3.692907E+00   
-3.706205E+00   
-3.719483E+00   
-3.732739E+00   
-3.745976E+00   
-3.759191E+00   
-3.772386E+00   
-3.785560E+00   
-3.798713E+00   
-3.811846E+00   
-3.824957E+00   
-3.838048E+00   
-3.851118E+00   
-3.864167E+00   
-3.877195E+00   
-3.890203E+00   
-3.903189E+00   
-3.916154E+00   
-3.929099E+00   
-3.942023E+00   
-3.954925E+00   
-3.967807E+00   
-3.980668E+00   
-3.993508E+00   
-4.006327E+00   
-4.019125E+00   
-4.031902E+00   
-4.044657E+00   
-4.057392E+00   
-4.070106E+00   
-4.082800E+00   
-4.095472E+00   
-4.108123E+00   
-4.120753E+00   
-4.133362E+00   
-4.145950E+00   
-4.158517E+00   
-4.171064E+00   
-4.183589E+00   
-4.196093E+00   
-4.208577E+00   
-4.221039E+00   
-4.233481E+00   
-4.245902E+00   
-4.258301E+00   
-4.270680E+00   
-4.283038E+00   
-4.295376E+00   
-4.307692E+00   
-4.319987E+00   
-4.332262E+00   
-4.344516E+00   
-4.356749E+00   
-4.368961E+00   
-4.381153E+00   
-4.393323E+00   
-4.405473E+00   
-4.417603E+00   
-4.429711E+00   
-4.441799E+00   
-4.453866E+00   
-4.465913E+00   
-4.477939E+00   
-4.489944E+00   
-4.501928E+00   
-4.513893E+00   
-4.525836E+00   
-4.537759E+00   
-4.549662E+00   
-4.561543E+00   
-4.573405E+00   
-4.585246E+00   
-4.597067E+00   
-4.608867E+00   
-4.620646E+00   
-4.632406E+00   
-4.644145E+00   
-4.655864E+00   
-4.667562E+00   
-4.679240E+00   
-4.690898E+00   
-4.702536E+00   
-4.714153E+00   
-4.725750E+00   
-4.737327E+00   
-4.748884E+00   
-4.760421E+00   
-4.771938E+00   
-4.783435E+00   
-4.794911E+00   
-4.806368E+00   
-4.817805E+00   
-4.829221E+00   
-4.840618E+00   
-4.851995E+00   
-4.863352E+00   
-4.874689E+00   
-4.886006E+00   
-4.897304E+00   
-4.908582E+00   
-4.919839E+00   
-4.931078E+00   
-4.942296E+00   
-4.953495E+00   
-4.964674E+00   
-4.975834E+00   
-4.986974E+00   
-4.998095E+00   
-5.009196E+00   
-5.020277E+00   
-5.031339E+00   
-5.042382E+00   
-5.053405E+00   
-5.064409E+00   
-5.075393E+00   
-5.086358E+00   
-5.097304E+00   
-5.108230E+00   
-5.119138E+00   
-5.130026E+00   
-5.140894E+00   
-5.151744E+00   
-5.162575E+00   
-5.173386E+00   
-5.184179E+00   
-5.194952E+00   
-5.205706E+00   
-5.216442E+00   
-5.227158E+00   
-5.237856E+00   
-5.248534E+00   
-5.259194E+00   
-5.269835E+00   
-5.280457E+00   
-5.291061E+00   
-5.301645E+00   
-5.312211E+00   
-5.322758E+00   
-5.333287E+00   
-5.343797E+00   
-5.354288E+00   
-5.364761E+00   
-5.375215E+00   
-5.385651E+00   
-5.396068E+00   
-5.406467E+00   
-5.416848E+00   
-5.427210E+00   
-5.437553E+00   
-5.447879E+00   
-5.458186E+00   
-5.468475E+00   
-5.478745E+00   
-5.488997E+00   
-5.499232E+00   
-5.509448E+00   
-5.519646E+00   
-5.529825E+00   
-5.539987E+00   
-5.550131E+00   
-5.560257E+00   
-5.570365E+00   
-5.580454E+00   
-5.590526E+00   
-5.600580E+00   
-5.610617E+00   
-5.620635E+00   
-5.630636E+00   
-5.640619E+00   
-5.650584E+00   
-5.660531E+00   
-5.670461E+00   
-5.680373E+00   
-5.690268E+00   
-5.700145E+00   
-5.710004E+00   
-5.719846E+00   
-5.729670E+00   
-5.739477E+00   
-5.749267E+00   
-5.759039E+00   
-5.768794E+00   
-5.778531E+00   
-5.788251E+00   
-5.797954E+00   
-5.807640E+00   
-5.817308E+00   
-5.826959E+00   
-5.836593E+00   
-5.846210E+00   
-5.855810E+00   
-5.865393E+00   
-5.874958E+00   
-5.884507E+00   
-5.894039E+00   
-5.903553E+00   
-5.913051E+00   
-5.922532E+00   
-5.931996E+00   
-5.941443E+00   
-5.950873E+00   
-5.960287E+00   
-5.969684E+00   
-5.979064E+00   
-5.988427E+00   
-5.997774E+00   
-6.007104E+00   
-6.016418E+00   
-6.025715E+00   
-6.034995E+00   
-6.044259E+00   
-6.053506E+00   
-6.062737E+00   
-6.071952E+00   
-6.081150E+00   
-6.090331E+00   
-6.099497E+00   
-6.108646E+00   
-6.117779E+00   
-6.126895E+00   
-6.135995E+00   
-6.145079E+00   
-6.154147E+00   
-6.163199E+00   
-6.172235E+00   
-6.181254E+00   
-6.190257E+00   
-6.199245E+00   
-6.208216E+00   
-6.217172E+00   
-6.226111E+00   
-6.235035E+00   
-6.243942E+00   
-6.252834E+00   
-6.261710E+00   
-6.270570E+00   
-6.279414E+00   
-6.288243E+00   
-6.297056E+00   
-6.305853E+00   
-6.314634E+00   
-6.323400E+00   
-6.332151E+00   
-6.340885E+00   
-6.349604E+00   
-6.358308E+00   
-6.366996E+00   
-6.375668E+00   
-6.384325E+00   
-6.392967E+00   
-6.401593E+00   
-6.410204E+00   
-6.418800E+00   
-6.427380E+00   
-6.435945E+00   
-6.444494E+00   
-6.453029E+00   
-6.461548E+00   
-6.470052E+00   
-6.478541E+00   
-6.487015E+00   
-6.495473E+00   
-6.503917E+00   
-6.512345E+00   
-6.520759E+00   
-6.529158E+00   
-6.537541E+00   
-6.545910E+00   
-6.554263E+00   
-6.562602E+00   
-6.570926E+00   
-6.579235E+00   
-6.587529E+00   
-6.595809E+00   
-6.604074E+00   
-6.612324E+00   
-6.620559E+00   
-6.628779E+00   
-6.636985E+00   
-6.645177E+00   
-6.653354E+00   
-6.661516E+00   
-6.669663E+00   
-6.677796E+00   
-6.685915E+00   
-6.694019E+00   
-6.702109E+00   
-6.710184E+00   
-6.718245E+00   
-6.726291E+00   
-6.734323E+00   
-6.742341E+00   
-6.750345E+00   
-6.758334E+00   
-6.766309E+00   
-6.774270E+00   
-6.782216E+00   
-6.790149E+00   
-6.798067E+00   
-6.805971E+00   
-6.813861E+00   
-6.821737E+00   
-6.829599E+00   
-6.837447E+00   
-6.845281E+00   
-6.853101E+00   
-6.860907E+00   
-6.868699E+00   
-6.876477E+00   
-6.884242E+00   
-6.891992E+00   
-6.899729E+00   
-6.907452E+00   
-6.915161E+00   
-6.922856E+00   
-6.930538E+00   
-6.938206E+00   
-6.945860E+00   
-6.953501E+00   
-6.961128E+00   
-6.968741E+00   
-6.976341E+00   
-6.983928E+00   
-6.991500E+00   
-6.999060E+00   
-7.006605E+00   
-7.014138E+00   
-7.021657E+00   
-7.029162E+00   
-7.036654E+00   
-7.044133E+00   
-7.051598E+00   
-7.059051E+00   
-7.066489E+00   
-7.073915E+00   
-7.081327E+00   
-7.088726E+00   
-7.096112E+00   
-7.103485E+00   
-7.110845E+00   
-7.118191E+00   
-7.125524E+00   
-7.132845E+00   
-7.140152E+00   
-7.147446E+00   
-7.154727E+00   
-7.161995E+00   
-7.169251E+00   
-7.176493E+00   
-7.183722E+00   
-7.190939E+00   
-7.198143E+00   
-7.205333E+00   
-7.212511E+00   
-7.219677E+00   
-7.226829E+00   
-7.233969E+00   
-7.241095E+00   
-7.248210E+00   
-7.255311E+00   
-7.262400E+00   
-7.269476E+00   
-7.276540E+00   
-7.283591E+00   
-7.290629E+00   
-7.297655E+00   
-7.304668E+00   
-7.311669E+00   
-7.318658E+00   
-7.325633E+00   
-7.332597E+00   
-7.339548E+00   
-7.346487E+00   
-7.353413E+00   
-7.360327E+00   
-7.367228E+00   
-7.374118E+00   
-7.380995E+00   
-7.387859E+00   
-7.394712E+00   
-7.401552E+00   
-7.408380E+00   
-7.415196E+00   
-7.422000E+00   
-7.428791E+00   
-7.435571E+00   
-7.442338E+00   
-7.449094E+00   
-7.455837E+00   
-7.462568E+00   
-7.469287E+00   
-7.475995E+00   
-7.482690E+00   
-7.489373E+00   
-7.496045E+00   
-7.502704E+00   
-7.509352E+00   
-7.515988E+00   
-7.522612E+00   
-7.529224E+00   
-7.535824E+00   
-7.542413E+00   
-7.548990E+00   
-7.555555E+00   
-7.562108E+00   
-7.568650E+00   
-7.575180E+00   
-7.581699E+00   
-7.588205E+00   
-7.594701E+00   
-7.601184E+00   
-7.607656E+00   
-7.614117E+00   
-7.620566E+00   
-7.627003E+00   
-7.633429E+00   
-7.639844E+00   
-7.646247E+00   
-7.652639E+00   
-7.659019E+00   
-7.665388E+00   
-7.671745E+00   
-7.678092E+00   
-7.684427E+00   
-7.690750E+00   
-7.697062E+00   
-7.703364E+00   
-7.709653E+00   
-7.715932E+00   
-7.722199E+00   
-7.728456E+00   
-7.734701E+00   
-7.740935E+00   
-7.747158E+00   
-7.753369E+00   
-7.759570E+00   
-7.765759E+00   
-7.771938E+00   
-7.778106E+00   
-7.784262E+00   
-7.790408E+00   
-7.796542E+00   
-7.802666E+00   
-7.808779E+00   
-7.814881E+00   
-7.820972E+00   
-7.827052E+00   
-7.833121E+00   
-7.839179E+00   
-7.845227E+00   
-7.851264E+00   
-7.857290E+00   
-7.863305E+00   
-7.869310E+00   
-7.875304E+00   
-7.881287E+00   
-7.887259E+00   
-7.893221E+00   
-7.899173E+00   
-7.905113E+00   
-7.911043E+00   
-7.916963E+00   
-7.922872E+00   
-7.928770E+00   
-7.934658E+00   
-7.940535E+00   
-7.946402E+00   
-7.952258E+00   
-7.958104E+00   
-7.963940E+00   
-7.969765E+00   
-7.975580E+00   
-7.981384E+00   
-7.987178E+00   
-7.992962E+00   
-7.998735E+00   
-8.004498E+00   
-8.010251E+00   
-8.015994E+00   
-8.021726E+00   
-8.027448E+00   
-8.033160E+00   
-8.038862E+00   
-8.044553E+00   
-8.050235E+00   
-8.055906E+00   
-8.061567E+00   
-8.067218E+00   
-8.072859E+00   
-8.078490E+00   
-8.084111E+00   
-8.089722E+00   
-8.095322E+00   
-8.100913E+00   
-8.106494E+00   
-8.112065E+00   
-8.117626E+00   
-8.123177E+00   
-8.128718E+00   
-8.134249E+00   
-8.139771E+00   
-8.145282E+00   
-8.150784E+00   
-8.156276E+00   
-8.161758E+00   
-8.167231E+00   
-8.172693E+00   
-8.178146E+00   
-8.183589E+00   
-8.189023E+00   
-8.194446E+00   
-8.199860E+00   
-8.205265E+00   
-8.210660E+00   
-8.216045E+00   
-8.221420E+00   
-8.226786E+00   
-8.232143E+00   
-8.237489E+00   
-8.242827E+00   
-8.248154E+00   
-8.253473E+00   
-8.258782E+00   
-8.264081E+00   
-8.269371E+00   
-8.274651E+00   
-8.279922E+00   
-8.285184E+00   
-8.290436E+00   
-8.295679E+00   
-8.300912E+00   
-8.306137E+00   
-8.311351E+00   
-8.316557E+00   
-8.321753E+00   
-8.326940E+00   
-8.332118E+00   
-8.337287E+00   
-8.342446E+00   
-8.347596E+00   
-8.352737E+00   
-8.357869E+00   
-8.362991E+00   
-8.368105E+00   
-8.373209E+00   
-8.378305E+00   
-8.383391E+00   
-8.388468E+00   
-8.393536E+00   
-8.398595E+00   
-8.403645E+00   
-8.408686E+00   
-8.413718E+00   
-8.418741E+00   
-8.423755E+00   
-8.428760E+00   
-8.433756E+00   
-8.438743E+00   
-8.443722E+00   
-8.448691E+00   
-8.453652E+00   
-8.458604E+00   
-8.463547E+00   
-8.468481E+00   
-8.473406E+00   
-8.478323E+00   
-8.483231E+00   
-8.488130E+00   
-8.493020E+00   
-8.497902E+00   
-8.502775E+00   
-8.507639E+00   
-8.512494E+00   
-8.517341E+00   
-8.522179E+00   
-8.527009E+00   
-8.531830E+00   
-8.536642E+00   
-8.541446E+00   
-8.546241E+00   
-8.551028E+00   
-8.555806E+00   
-8.560576E+00   
-8.565337E+00   
-8.570089E+00   
-8.574834E+00   
-8.579569E+00   
-8.584297E+00   
-8.589015E+00   
-8.593726E+00   
-8.598428E+00   
-8.603121E+00   
-8.607807E+00   
-8.612483E+00   
-8.617152E+00   
-8.621812E+00   
-8.626464E+00   
-8.631108E+00   
-8.635743E+00   
-8.640370E+00   
-8.644989E+00   
-8.649600E+00   
-8.654202E+00   
-8.658796E+00   
-8.663382E+00   
-8.667960E+00   
-8.672529E+00   
-8.677091E+00   
-8.681644E+00   
-8.686189E+00   
-8.690726E+00   
-8.695255E+00   
-8.699776E+00   
-8.704289E+00   
-8.708794E+00   
-8.713291E+00   
-8.717780E+00   
-8.722260E+00   
-8.726733E+00   
-8.731198E+00   
-8.735655E+00   
-8.740104E+00   
-8.744545E+00   
-8.748978E+00   
-8.753403E+00   
-8.757820E+00   
-8.762229E+00   
-8.766631E+00   
-8.771024E+00   
-8.775410E+00   
-8.779788E+00   
-8.784158E+00   
-8.788521E+00   
-8.792875E+00   
-8.797222E+00   
-8.801561E+00   
-8.805893E+00   
-8.810216E+00   
-8.814532E+00   
-8.818840E+00   
-8.823141E+00   
-8.827434E+00   
-8.831719E+00   
-8.835997E+00   
-8.840267E+00   
-8.844529E+00   
-8.848784E+00   
-8.853031E+00   
-8.857270E+00   
-8.861502E+00   
-8.865727E+00   
-8.869944E+00   
-8.874153E+00   
-8.878355E+00   
-8.882549E+00   
-8.886736E+00   
-8.890916E+00   
-8.895088E+00   
-8.899252E+00   
-8.903409E+00   
-8.907559E+00   
-8.911701E+00   
-8.915836E+00   
-8.919964E+00   
-8.924084E+00   
-8.928197E+00   
-8.932302E+00   
-8.936401E+00   
-8.940491E+00   
-8.944575E+00   
-8.948651E+00   
-8.952720E+00   
-8.956782E+00   
-8.960837E+00   
-8.964884E+00   
-8.968924E+00   
-8.972957E+00   
-8.976983E+00   
-8.981001E+00   
-8.985012E+00   
-8.989017E+00   
-8.993014E+00   
-8.997004E+00   
-9.000986E+00   
-9.004962E+00   
-9.008931E+00   
-9.012892E+00   
-9.016847E+00   
-9.020794E+00   
-9.024734E+00   
-9.028668E+00   
-9.032594E+00   
-9.036513E+00   
-9.040426E+00   
-9.044331E+00   
-9.048230E+00   
-9.052121E+00   
-9.056006E+00   
-9.059883E+00   
-9.063754E+00   
-9.067618E+00   
-9.071474E+00   
-9.075324E+00   
-9.079168E+00   
-9.083004E+00   
-9.086833E+00   
-9.090656E+00   
-9.094472E+00   
-9.098281E+00   
-9.102083E+00   
-9.105878E+00   
-9.109667E+00   
-9.113449E+00   
-9.117224E+00   
-9.120992E+00   
-9.124754E+00   
-9.128509E+00   
-9.132257E+00   
-9.135999E+00   
-9.139734E+00   
-9.143462E+00   
-9.147184E+00   
-9.150899E+00   
-9.154607E+00   
-9.158309E+00   
-9.162004E+00   
-9.165692E+00   
-9.169374E+00   
-9.173050E+00   
-9.176718E+00   
-9.180381E+00   
-9.184037E+00   
-9.187686E+00   
-9.191329E+00   
-9.194965E+00   
-9.198595E+00   
-9.202218E+00   
-9.205835E+00   
-9.209445E+00   
-9.213049E+00   
-9.216646E+00   
-9.220238E+00   
-9.223822E+00   
-9.227401E+00   
-9.230972E+00   
-9.234538E+00   
-9.238097E+00   
-9.241650E+00   
-9.245197E+00   
-9.248737E+00   
-9.252271E+00   
-9.255798E+00   
-9.259319E+00   
-9.262834E+00   
-9.266343E+00   
-9.269846E+00   
-9.273342E+00   
-9.276832E+00   
-9.280316E+00   
-9.283793E+00   
-9.287265E+00   
-9.290730E+00   
-9.294189E+00   
-9.297641E+00   
-9.301088E+00   
-9.304529E+00   
-9.307963E+00   
-9.311391E+00   
-9.314813E+00   
-9.318229E+00   
-9.321639E+00   
-9.325043E+00   
-9.328441E+00   
-9.331833E+00   
-9.335218E+00   
-9.338598E+00   
-9.341972E+00   
-9.345339E+00   
-9.348701E+00   
-9.352056E+00   
-9.355406E+00   
-9.358750E+00   
-9.362087E+00   
-9.365419E+00   
-9.368745E+00   
-9.372065E+00   
-9.375379E+00   
-9.378687E+00   
-9.381989E+00   
-9.385285E+00   
-9.388575E+00   
-9.391860E+00   
-9.395138E+00   
-9.398411E+00   
-9.401678E+00   
-9.404939E+00   
-9.408195E+00   
-9.411444E+00   
-9.414688E+00   
-9.417926E+00   
-9.421158E+00   
-9.424384E+00   
-9.427605E+00   
-9.430820E+00   
-9.434029E+00   
-9.437232E+00   
-9.440430E+00   
-9.443622E+00   
-9.446808E+00   
-9.449989E+00   
-9.453164E+00   
-9.456333E+00   
-9.459497E+00   
-9.462655E+00   
-9.465807E+00   
-9.468954E+00   
-9.472095E+00   
-9.475231E+00   
-9.478360E+00   
-9.481485E+00   
-9.484604E+00   
-9.487717E+00   
-9.490825E+00   
-9.493927E+00   
-9.497023E+00   
-9.500114E+00   
-9.503200E+00   
-9.506280E+00   
-9.509355E+00   
-9.512424E+00   
-9.515487E+00   
-9.518545E+00   
-9.521598E+00   
-9.524645E+00   
-9.527687E+00   
-9.530724E+00   
-9.533755E+00   
-9.536780E+00   
-9.539800E+00   
-9.542815E+00   
-9.545824E+00   
-9.548829E+00   
-9.551827E+00   
-9.554821E+00   
-9.557809E+00   
-9.560791E+00   
-9.563769E+00   
-9.566741E+00   
-9.569707E+00   
-9.572669E+00   
-9.575625E+00   
-9.578576E+00   
-9.581522E+00   
-9.584462E+00   
-9.587397E+00   
-9.590327E+00   
-9.593252E+00   
-9.596171E+00   
-9.599085E+00   
-9.601994E+00   
-9.604898E+00   
-9.607797E+00   
-9.610691E+00   
-9.613579E+00   
-9.616462E+00   
-9.619340E+00   
-9.622213E+00   
-9.625081E+00   
-9.627944E+00   
-9.630801E+00   
-9.633654E+00   
-9.636501E+00   
-9.639344E+00   
-9.642181E+00   
-9.645013E+00   
-9.647840E+00   
-9.650662E+00   
-9.653479E+00   
-9.656291E+00   
-9.659099E+00   
-9.661901E+00   
-9.664698E+00   
-9.667490E+00   
-9.670277E+00   
-9.673059E+00   
-9.675836E+00   
-9.678608E+00   
-9.681375E+00   
-9.684138E+00   
-9.686895E+00   
-9.689648E+00   
-9.692395E+00   
-9.695138E+00   
-9.697876E+00   
-9.700608E+00   
-9.703336E+00   
-9.706060E+00   
-9.708778E+00   
-9.711491E+00   
-9.714200E+00   
-9.716904E+00   
-9.719603E+00   
-9.722297E+00   
-9.724986E+00   
-9.727671E+00   
-9.730350E+00   
-9.733025E+00   
-9.735696E+00   
-9.738361E+00   
-9.741022E+00   
-9.743678E+00   
-9.746329E+00   
-9.748975E+00   
-9.751617E+00   
-9.754254E+00   
-9.756886E+00   
-9.759514E+00   
-9.762137E+00   
-9.764755E+00   
-9.767369E+00   
-9.769978E+00   
-9.772582E+00   
-9.775182E+00   
-9.777777E+00   
-9.780367E+00   
-9.782953E+00   
-9.785534E+00   
-9.788111E+00   
-9.790683E+00   
-9.793250E+00   
-9.795813E+00   
-9.798371E+00   
-9.800925E+00   
-9.803474E+00   
-9.806018E+00   
-9.808558E+00   
-9.811094E+00   
-9.813625E+00   
-9.816151E+00   
-9.818673E+00   
-9.821191E+00   
-9.823704E+00   
-9.826212E+00   
-9.828716E+00   
-9.831216E+00   
-9.833711E+00   
-9.836202E+00   
-9.838688E+00   
-9.841169E+00   
-9.843647E+00   
-9.846120E+00   
-9.848588E+00   
-9.851052E+00   
-9.853512E+00   
-9.855967E+00   
-9.858418E+00   
-9.860865E+00   
-9.863307E+00   
-9.865745E+00   
-9.868179E+00   
-9.870608E+00   
-9.873033E+00   
-9.875453E+00   
-9.877869E+00   
-9.880281E+00   
-9.882689E+00   
-9.885092E+00   
-9.887491E+00   
-9.889886E+00   
-9.892276E+00   
-9.894662E+00   
-9.897044E+00   
-9.899422E+00   
-9.901795E+00   
-9.904165E+00   
-9.906530E+00   
-9.908890E+00   
-9.911247E+00   
-9.913599E+00   
-9.915948E+00   
-9.918292E+00   
-9.920631E+00   
-9.922967E+00   
-9.925298E+00   
-9.927626E+00   
-9.929949E+00   
-9.932268E+00   
-9.934583E+00   
-9.936894E+00   
-9.939200E+00   
-9.941503E+00   
-9.943801E+00   
-9.946095E+00   
-9.948386E+00   
-9.950672E+00   
-9.952954E+00   
-9.955232E+00   
-9.957506E+00   
-9.959776E+00   
-9.962041E+00   
-9.964303E+00   
-9.966561E+00   
-9.968815E+00   
-9.971064E+00   
-9.973310E+00   
-9.975552E+00   
-9.977789E+00   
-9.980023E+00   
-9.982253E+00   
-9.984478E+00   
-9.986700E+00   
-9.988918E+00   
-9.991132E+00   
-9.993342E+00   
-9.995548E+00   
-9.997750E+00   
-9.999948E+00   
-1.000214E+01   
-1.000433E+01   
-1.000652E+01   
-1.000870E+01   
-1.001088E+01   
-1.001305E+01   
-1.001523E+01   
-1.001739E+01   
-1.001956E+01   
-1.002171E+01   
-1.002387E+01   
-1.002602E+01   
-1.002817E+01   
-1.003031E+01   
-1.003245E+01   
-1.003459E+01   
-1.003672E+01   
-1.003885E+01   
-1.004097E+01   
-1.004310E+01   
-1.004521E+01   
-1.004733E+01   
-1.004944E+01   
-1.005154E+01   
-1.005364E+01   
-1.005574E+01   
-1.005784E+01   
-1.005993E+01   
-1.006202E+01   
-1.006410E+01   
-1.006618E+01   
-1.006825E+01   
-1.007033E+01   
-1.007240E+01   
-1.007446E+01   
-1.007652E+01   
-1.007858E+01   
-1.008063E+01   
-1.008268E+01   
-1.008473E+01   
-1.008677E+01   
-1.008881E+01   
-1.009085E+01   
-1.009288E+01   
-1.009491E+01   
-1.009693E+01   
-1.009896E+01   
-1.010097E+01   
-1.010299E+01   
-1.010500E+01   
-1.010700E+01   
-1.010901E+01   
-1.011101E+01   
-1.011300E+01   
-1.011500E+01   
-1.011698E+01   
-1.011897E+01   
-1.012095E+01   
-1.012293E+01   
-1.012491E+01   
-1.012688E+01   
-1.012884E+01   
-1.013081E+01   
-1.013277E+01   
-1.013473E+01   
-1.013668E+01   
-1.013863E+01   
-1.014058E+01   
-1.014252E+01   
-1.014446E+01   
-1.014640E+01   
-1.014833E+01   
-1.015026E+01   
-1.015219E+01   
-1.015411E+01   
-1.015603E+01   
-1.015794E+01   
-1.015986E+01   
-1.016177E+01   
-1.016367E+01   
-1.016557E+01   
-1.016747E+01   
-1.016937E+01   
-1.017126E+01   
-1.017315E+01   
-1.017503E+01   
-1.017692E+01   
-1.017879E+01   
-1.018067E+01   
-1.018254E+01   
-1.018441E+01   
-1.018627E+01   
-1.018814E+01   
-1.019000E+01   
-1.019185E+01   
-1.019370E+01   
-1.019555E+01   
-1.019740E+01   
-1.019924E+01   
-1.020108E+01   
-1.020291E+01   
-1.020474E+01   
-1.020657E+01   
-1.020840E+01   
-1.021022E+01   
-1.021204E+01   
-1.021386E+01   
-1.021567E+01   
-1.021748E+01   
-1.021929E+01   
-1.022109E+01   
-1.022289E+01   
-1.022468E+01   
-1.022648E+01   
-1.022827E+01   
-1.023006E+01   
-1.023184E+01   
-1.023362E+01   
-1.023540E+01   
-1.023717E+01   
-1.023894E+01   
-1.024071E+01   
-1.024248E+01   
-1.024424E+01   
-1.024600E+01   
-1.024775E+01   
-1.024950E+01   
-1.025125E+01   
-1.025300E+01   
-1.025474E+01   
-1.025648E+01   
-1.025822E+01   
-1.025995E+01   
-1.026168E+01   
-1.026341E+01   
-1.026513E+01   
-1.026685E+01   
-1.026857E+01   
-1.027029E+01   
-1.027200E+01   
-1.027371E+01   
-1.027542E+01   
-1.027712E+01   
-1.027882E+01   
-1.028051E+01   
-1.028221E+01   
-1.028390E+01   
-1.028559E+01   
-1.028727E+01   
-1.028895E+01   
-1.029063E+01   
-1.029231E+01   
-1.029398E+01   
-1.029565E+01   
-1.029732E+01   
-1.029898E+01   
-1.030064E+01   
-1.030230E+01   
-1.030396E+01   
-1.030561E+01   
-1.030726E+01   
-1.030890E+01   
-1.031055E+01   
-1.031219E+01   
-1.031382E+01   
-1.031546E+01   
-1.031709E+01   
-1.031872E+01   
-1.032034E+01   
-1.032197E+01   
-1.032359E+01   
-1.032520E+01   
-1.032682E+01   
-1.032843E+01   
-1.033004E+01   
-1.033164E+01   
-1.033325E+01   
-1.033485E+01   
-1.033644E+01   
-1.033804E+01   
-1.033963E+01   
-1.034122E+01   
-1.034280E+01   
-1.034438E+01   
-1.034596E+01   
-1.034754E+01   
-1.034912E+01   
-1.035069E+01   
-1.035226E+01   
-1.035382E+01   
-1.035538E+01   
-1.035694E+01   
-1.035850E+01   
-1.036006E+01   
-1.036161E+01   
-1.036316E+01   
-1.036470E+01   
-1.036625E+01   
-1.036779E+01   
-1.036933E+01   
-1.037086E+01   
-1.037240E+01   
-1.037393E+01   
-1.037545E+01   
-1.037698E+01   
-1.037850E+01   
-1.038002E+01   
-1.038153E+01   
-1.038305E+01   
-1.038456E+01   
-1.038607E+01   
-1.038757E+01   
-1.038908E+01   
-1.039058E+01   
-1.039207E+01   
-1.039357E+01   
-1.039506E+01   
-1.039655E+01   
-1.039804E+01   
-1.039952E+01   
-1.040100E+01   
-1.040248E+01   
-1.040396E+01   
-1.040543E+01   
-1.040690E+01   
-1.040837E+01   
-1.040984E+01   
-1.041130E+01   
-1.041276E+01   
-1.041422E+01   
-1.041567E+01   
-1.041713E+01   
-1.041858E+01   
-1.042002E+01   
-1.042147E+01   
-1.042291E+01   
-1.042435E+01   
-1.042579E+01   
-1.042722E+01   
-1.042866E+01   
-1.043009E+01   
-1.043151E+01   
-1.043294E+01   
-1.043436E+01   
-1.043578E+01   
-1.043720E+01   
-1.043861E+01   
-1.044002E+01   
-1.044143E+01   
-1.044284E+01   
-1.044424E+01   
-1.044564E+01   
-1.044704E+01   
-1.044844E+01   
-1.044984E+01   
-1.045123E+01   
-1.045262E+01   
-1.045400E+01   
-1.045539E+01   
-1.045677E+01   
-1.045815E+01   
-1.045953E+01   
-1.046090E+01   
-1.046227E+01   
-1.046364E+01   
-1.046501E+01   
-1.046637E+01   
-1.046774E+01   
-1.046910E+01   
-1.047045E+01   
-1.047181E+01   
-1.047316E+01   
-1.047451E+01   
-1.047586E+01   
-1.047721E+01   
-1.047855E+01   
-1.047989E+01   
-1.048123E+01   
-1.048256E+01   
-1.048390E+01   
-1.048523E+01   
-1.048656E+01   
-1.048788E+01   
-1.048921E+01   
-1.049053E+01   
-1.049185E+01   
-1.049317E+01   
-1.049448E+01   
-1.049579E+01   
-1.049710E+01   
-1.049841E+01   
-1.049971E+01   
-1.050102E+01   
-1.050232E+01   
-1.050362E+01   
-1.050491E+01   
-1.050621E+01   
-1.050750E+01   
-1.050879E+01   
-1.051007E+01   
-1.051136E+01   
-1.051264E+01   
-1.051392E+01   
-1.051520E+01   
-1.051647E+01   
-1.051775E+01   
-1.051902E+01   
-1.052028E+01   
-1.052155E+01   
-1.052281E+01   
-1.052408E+01   
-1.052534E+01   
-1.052659E+01   
-1.052785E+01   
-1.052910E+01   
-1.053035E+01   
-1.053160E+01   
-1.053285E+01   
-1.053409E+01   
-1.053533E+01   
-1.053657E+01   
-1.053781E+01   
-1.053904E+01   
-1.054028E+01   
-1.054151E+01   
-1.054273E+01   
-1.054396E+01   
-1.054518E+01   
-1.054641E+01   
-1.054763E+01   
-1.054884E+01   
-1.055006E+01   
-1.055127E+01   
-1.055248E+01   
-1.055369E+01   
-1.055490E+01   
-1.055610E+01   
-1.055731E+01   
-1.055851E+01   
-1.055970E+01   
-1.056090E+01   
-1.056209E+01   
-1.056328E+01   
-1.056447E+01   
-1.056566E+01   
-1.056685E+01   
-1.056803E+01   
-1.056921E+01   
-1.057039E+01   
-1.057157E+01   
-1.057274E+01   
-1.057391E+01   
-1.057509E+01   
-1.057625E+01   
-1.057742E+01   
-1.057858E+01   
-1.057975E+01   
-1.058091E+01   
-1.058207E+01   
-1.058322E+01   
-1.058438E+01   
-1.058553E+01   
-1.058668E+01   
-1.058782E+01   
-1.058897E+01   
-1.059011E+01   
-1.059126E+01   
-1.059240E+01   
-1.059353E+01   
-1.059467E+01   
-1.059580E+01   
-1.059693E+01   
-1.059806E+01   
-1.059919E+01   
-1.060032E+01   
-1.060144E+01   
-1.060256E+01   
-1.060368E+01   
-1.060480E+01   
-1.060591E+01   
-1.060703E+01   
-1.060814E+01   
-1.060925E+01   
-1.061036E+01   
-1.061146E+01   
-1.061257E+01   
-1.061367E+01   
-1.061477E+01   
-1.061586E+01   
-1.061696E+01   
-1.061805E+01   
-1.061915E+01   
-1.062024E+01   
-1.062132E+01   
-1.062241E+01   
-1.062349E+01   
-1.062458E+01   
-1.062566E+01   
-1.062673E+01   
-1.062781E+01   
-1.062889E+01   
-1.062996E+01   
-1.063103E+01   
-1.063210E+01   
-1.063316E+01   
-1.063423E+01   
-1.063529E+01   
-1.063635E+01   
-1.063741E+01   
-1.063847E+01   
-1.063953E+01   
-1.064058E+01   
-1.064163E+01   
-1.064268E+01   
-1.064373E+01   
-1.064477E+01   
-1.064582E+01   
-1.064686E+01   
-1.064790E+01   
-1.064894E+01   
-1.064998E+01   
-1.065101E+01   
-1.065204E+01   
-1.065308E+01   
-1.065411E+01   
-1.065513E+01   
-1.065616E+01   
-1.065718E+01   
-1.065820E+01   
-1.065922E+01   
-1.066024E+01   
-1.066126E+01   
-1.066227E+01   
-1.066329E+01   
-1.066430E+01   
-1.066531E+01   
-1.066632E+01   
-1.066732E+01   
-1.066833E+01   
-1.066933E+01   
-1.067033E+01   
-1.067133E+01   
-1.067232E+01   
-1.067332E+01   
-1.067431E+01   
-1.067530E+01   
-1.067629E+01   
-1.067728E+01   
-1.067827E+01   
-1.067925E+01   
-1.068023E+01   
-1.068122E+01   
-1.068220E+01   
-1.068317E+01   
-1.068415E+01   
-1.068512E+01   
-1.068609E+01   
-1.068707E+01   
-1.068803E+01   
-1.068900E+01   
-1.068997E+01   
-1.069093E+01   
-1.069189E+01   
-1.069285E+01   
-1.069381E+01   
-1.069477E+01   
-1.069572E+01   
-1.069668E+01   
-1.069763E+01   
-1.069858E+01   
-1.069953E+01   
-1.070047E+01   
-1.070142E+01   
-1.070236E+01   
-1.070330E+01   
-1.070424E+01   
-1.070518E+01   
-1.070612E+01   
-1.070705E+01   
-1.070798E+01   
-1.070892E+01   
-1.070985E+01   
-1.071077E+01   
-1.071170E+01   
-1.071262E+01   
-1.071355E+01   
-1.071447E+01   
-1.071539E+01   
-1.071631E+01   
-1.071722E+01   
-1.071814E+01   
-1.071905E+01   
-1.071996E+01   
-1.072087E+01   
-1.072178E+01   
-1.072269E+01   
-1.072360E+01   
-1.072450E+01   
-1.072540E+01   
-1.072630E+01   
-1.072720E+01   
-1.072810E+01   
-1.072899E+01   
-1.072989E+01   
-1.073078E+01   
-1.073167E+01   
-1.073256E+01   
-1.073345E+01   
-1.073433E+01   
-1.073522E+01   
-1.073610E+01   
-1.073698E+01   
-1.073786E+01   
-1.073874E+01   
-1.073962E+01   
-1.074049E+01   
-1.074137E+01   
-1.074224E+01   
-1.074311E+01   
-1.074398E+01   
-1.074484E+01   
-1.074571E+01   
-1.074657E+01   
-1.074744E+01   
-1.074830E+01   
-1.074916E+01   
-1.075002E+01   
-1.075087E+01   
-1.075173E+01   
-1.075258E+01   
-1.075343E+01   
-1.075428E+01   
-1.075513E+01   
-1.075598E+01   
-1.075682E+01   
-1.075767E+01   
-1.075851E+01   
-1.075935E+01   
-1.076019E+01   
-1.076103E+01   
-1.076187E+01   
-1.076270E+01   
-1.076354E+01   
-1.076437E+01   
-1.076520E+01   
-1.076603E+01   
-1.076686E+01   
-1.076769E+01   
-1.076851E+01   
-1.076933E+01   
-1.077016E+01   
-1.077098E+01   
-1.077180E+01   
-1.077261E+01   
-1.077343E+01   
-1.077424E+01   
-1.077506E+01   
-1.077587E+01   
-1.077668E+01   
-1.077749E+01   
-1.077830E+01   
-1.077910E+01   
-1.077991E+01   
-1.078071E+01   
-1.078151E+01   
-1.078231E+01   
-1.078311E+01   
-1.078391E+01   
-1.078470E+01   
-1.078550E+01   
-1.078629E+01   
-1.078708E+01   
-1.078788E+01   
-1.078866E+01   
-1.078945E+01   
-1.079024E+01   
-1.079102E+01   
-1.079181E+01   
-1.079259E+01   
-1.079337E+01   
-1.079415E+01   
-1.079493E+01   
-1.079570E+01   
-1.079648E+01   
-1.079725E+01   
-1.079802E+01   
-1.079879E+01   
-1.079956E+01   
-1.080033E+01   
-1.080110E+01   
-1.080186E+01   
-1.080263E+01   
-1.080339E+01   
-1.080415E+01   
-1.080491E+01   
-1.080567E+01   
-1.080643E+01   
-1.080718E+01   
-1.080794E+01   
-1.080869E+01   
-1.080944E+01   
-1.081019E+01   
-1.081094E+01   
-1.081169E+01   
-1.081244E+01   
-1.081318E+01   
-1.081393E+01   
-1.081467E+01   
-1.081541E+01   
-1.081615E+01   
-1.081689E+01   
-1.081763E+01   
-1.081836E+01   
-1.081910E+01   
-1.081983E+01   
-1.082056E+01   
-1.082129E+01   
-1.082202E+01   
-1.082275E+01   
-1.082348E+01   
-1.082420E+01   
-1.082493E+01   
-1.082565E+01   
-1.082637E+01   
-1.082709E+01   
-1.082781E+01   
-1.082853E+01   
-1.082925E+01   
-1.082996E+01   
-1.083067E+01   
-1.083139E+01   
-1.083210E+01   
-1.083281E+01   
-1.083352E+01   
-1.083423E+01   
-1.083493E+01   
-1.083564E+01   
-1.083634E+01   
-1.083704E+01   
-1.083774E+01   
-1.083844E+01   
-1.083914E+01   
-1.083984E+01   
-1.084054E+01   
-1.084123E+01   
-1.084193E+01   
-1.084262E+01   
-1.084331E+01   
-1.084400E+01   
-1.084469E+01   
-1.084538E+01   
-1.084606E+01   
-1.084675E+01   
-1.084743E+01   
-1.084812E+01   
-1.084880E+01   
-1.084948E+01   
-1.085016E+01   
-1.085083E+01   
-1.085151E+01   
-1.085219E+01   
-1.085286E+01   
-1.085353E+01   
-1.085421E+01   
-1.085488E+01   
-1.085555E+01   
-1.085621E+01   
-1.085688E+01   
-1.085755E+01   
-1.085821E+01   
-1.085888E+01   
-1.085954E+01   
-1.086020E+01   
-1.086086E+01   
-1.086152E+01   
-1.086218E+01   
-1.086283E+01   
-1.086349E+01   
-1.086414E+01   
-1.086480E+01   
-1.086545E+01   
-1.086610E+01   
-1.086675E+01   
-1.086740E+01   
-1.086804E+01   
-1.086869E+01   
-1.086933E+01   
-1.086998E+01   
-1.087062E+01   
-1.087126E+01   
-1.087190E+01   
-1.087254E+01   
-1.087318E+01   
-1.087382E+01   
-1.087445E+01   
-1.087509E+01   
-1.087572E+01   
-1.087635E+01   
-1.087698E+01   
-1.087761E+01   
-1.087824E+01   
-1.087887E+01   
-1.087950E+01   
-1.088012E+01   
-1.088075E+01   
-1.088137E+01   
-1.088199E+01   
-1.088261E+01   
-1.088323E+01   
-1.088385E+01   
-1.088447E+01   
-1.088509E+01   
-1.088570E+01   
-1.088632E+01   
-1.088693E+01   
-1.088754E+01   
-1.088815E+01   
-1.088876E+01   
-1.088937E+01   
-1.088998E+01   
-1.089059E+01   
-1.089119E+01   
-1.089180E+01   
-1.089240E+01   
-1.089301E+01   
-1.089361E+01   
-1.089421E+01   
-1.089481E+01   
-1.089541E+01   
-1.089600E+01   
-1.089660E+01   
-1.089719E+01   
-1.089779E+01   
-1.089838E+01   
-1.089897E+01   
-1.089956E+01   
-1.090015E+01   
-1.090074E+01   
-1.090133E+01   
-1.090192E+01   
-1.090250E+01   
-1.090309E+01   
-1.090367E+01   
-1.090425E+01   
-1.090483E+01   
-1.090541E+01   
-1.090599E+01   
-1.090657E+01   
-1.090715E+01   
-1.090773E+01   
-1.090830E+01   
-1.090888E+01   
-1.090945E+01   
-1.091002E+01   
-1.091059E+01   
-1.091116E+01   
-1.091173E+01   
-1.091230E+01   
-1.091287E+01   
-1.091343E+01   
-1.091400E+01   
-1.091456E+01   
-1.091513E+01   
-1.091569E+01   
-1.091625E+01   
-1.091681E+01   
-1.091737E+01   
-1.091793E+01   
-1.091848E+01   
-1.091904E+01   
-1.091959E+01   
-1.092015E+01   
-1.092070E+01   
-1.092125E+01   
-1.092180E+01   
-1.092235E+01   
-1.092290E+01   
-1.092345E+01   
-1.092400E+01   
-1.092455E+01   
-1.092509E+01   
-1.092563E+01   
-1.092618E+01   
-1.092672E+01   
-1.092726E+01   
-1.092780E+01   
-1.092834E+01   
-1.092888E+01   
-1.092942E+01   
-1.092995E+01   
-1.093049E+01   
-1.093102E+01   
-1.093156E+01   
-1.093209E+01   
-1.093262E+01   
-1.093315E+01   
-1.093368E+01   
-1.093421E+01   
-1.093474E+01   
-1.093527E+01   
-1.093579E+01   
-1.093632E+01   
-1.093684E+01   
-1.093737E+01   
-1.093789E+01   
-1.093841E+01   
-1.093893E+01   
-1.093945E+01   
-1.093997E+01   
-1.094049E+01   
-1.094100E+01   
-1.094152E+01   
-1.094204E+01   
-1.094255E+01   
-1.094306E+01   
-1.094357E+01   
-1.094409E+01   
-1.094460E+01   
-1.094511E+01   
-1.094561E+01   
-1.094612E+01   
-1.094663E+01   
-1.094714E+01   
-1.094764E+01   
-1.094814E+01   
-1.094865E+01   
-1.094915E+01   
-1.094965E+01   
-1.095015E+01   
-1.095065E+01   
-1.095115E+01   
-1.095165E+01   
-1.095214E+01   
-1.095264E+01   
-1.095314E+01   
-1.095363E+01   
-1.095412E+01   
-1.095462E+01   
-1.095511E+01   
-1.095560E+01   
-1.095609E+01   
-1.095658E+01   
-1.095707E+01   
-1.095755E+01   
-1.095804E+01   
-1.095852E+01   
-1.095901E+01   
-1.095949E+01   
-1.095998E+01   
-1.096046E+01   
-1.096094E+01   
-1.096142E+01   
-1.096190E+01   
-1.096238E+01   
-1.096286E+01   
-1.096333E+01   
-1.096381E+01   
-1.096428E+01   
-1.096476E+01   
-1.096523E+01   
-1.096570E+01   
-1.096618E+01   
-1.096665E+01   
-1.096712E+01   
-1.096759E+01   
-1.096806E+01   
-1.096852E+01   
-1.096899E+01   
-1.096946E+01   
-1.096992E+01   
-1.097039E+01   
-1.097085E+01   
-1.097131E+01   
-1.097177E+01   
-1.097224E+01   
-1.097270E+01   
-1.097315E+01   
-1.097361E+01   
-1.097407E+01   
-1.097453E+01   
-1.097498E+01   
-1.097544E+01   
-1.097589E+01   
-1.097635E+01   
-1.097680E+01   
-1.097725E+01   
-1.097770E+01   
-1.097815E+01   
-1.097860E+01   
-1.097905E+01   
-1.097950E+01   
-1.097995E+01   
-1.098039E+01   
-1.098084E+01   
-1.098129E+01   
-1.098173E+01   
-1.098217E+01   
-1.098262E+01   
-1.098306E+01   
-1.098350E+01   
-1.098394E+01   
-1.098438E+01   
-1.098482E+01   
-1.098525E+01   
-1.098569E+01   
-1.098613E+01   
-1.098656E+01   
-1.098700E+01   
-1.098743E+01   
-1.098786E+01   
-1.098830E+01   
-1.098873E+01   
-1.098916E+01   
-1.098959E+01   
-1.099002E+01   
-1.099045E+01   
-1.099087E+01   
-1.099130E+01   
-1.099173E+01   
-1.099215E+01   
-1.099258E+01   
-1.099300E+01   
-1.099342E+01   
-1.099385E+01   
-1.099427E+01   
-1.099469E+01   
-1.099511E+01   
-1.099553E+01   
-1.099595E+01   
-1.099637E+01   
-1.099678E+01   
-1.099720E+01   
-1.099762E+01   
-1.099803E+01   
-1.099844E+01   
-1.099886E+01   
-1.099927E+01   
-1.099968E+01   
-1.100009E+01   
-1.100050E+01   
-1.100091E+01   
-1.100132E+01   
-1.100173E+01   
-1.100214E+01   
-1.100255E+01   
-1.100295E+01   
-1.100336E+01   
-1.100376E+01   
-1.100417E+01   
-1.100457E+01   
-1.100497E+01   
-1.100537E+01   
-1.100578E+01   
-1.100618E+01   
-1.100658E+01   
-1.100697E+01   
-1.100737E+01   
-1.100777E+01   
-1.100817E+01   
-1.100856E+01   
-1.100896E+01   
-1.100935E+01   
-1.100975E+01   
-1.101014E+01   
-1.101053E+01   
-1.101093E+01   
-1.101132E+01   
-1.101171E+01   
-1.101210E+01   
-1.101249E+01   
-1.101287E+01   
-1.101326E+01   
-1.101365E+01   
-1.101404E+01   
-1.101442E+01   
-1.101481E+01   
-1.101519E+01   
-1.101557E+01   
-1.101596E+01   
-1.101634E+01   
-1.101672E+01   
-1.101710E+01   
-1.101748E+01   
-1.101786E+01   
-1.101824E+01   
-1.101862E+01   
-1.101900E+01   
-1.101937E+01   
-1.101975E+01   
-1.102013E+01   
-1.102050E+01   
-1.102087E+01   
-1.102125E+01   
-1.102162E+01   
-1.102199E+01   
-1.102236E+01   
-1.102273E+01   
-1.102310E+01   
-1.102347E+01   
-1.102384E+01   
-1.102421E+01   
-1.102458E+01   
-1.102495E+01   
-1.102531E+01   
-1.102568E+01   
-1.102604E+01   
-1.102641E+01   
-1.102677E+01   
-1.102713E+01   
-1.102750E+01   
-1.102786E+01   
-1.102822E+01   
-1.102858E+01   
-1.102894E+01   
-1.102930E+01   
-1.102966E+01   
-1.103001E+01   
-1.103037E+01   
-1.103073E+01   
-1.103108E+01   
-1.103144E+01   
-1.103179E+01   
-1.103215E+01   
-1.103250E+01   
-1.103285E+01   
-1.103321E+01   
-1.103356E+01   
-1.103391E+01   
-1.103426E+01   
-1.103461E+01   
-1.103496E+01   
-1.103531E+01   
-1.103565E+01   
-1.103600E+01   
-1.103635E+01   
-1.103669E+01   
-1.103704E+01   
-1.103738E+01   
-1.103773E+01   
-1.103807E+01   
-1.103841E+01   
-1.103876E+01   
-1.103910E+01   
-1.103944E+01   
-1.103978E+01   
-1.104012E+01   
-1.104046E+01   
-1.104080E+01   
-1.104113E+01   
-1.104147E+01   
-1.104181E+01   
-1.104214E+01   
-1.104248E+01   
-1.104281E+01   
-1.104315E+01   
-1.104348E+01   
-1.104382E+01   
-1.104415E+01   
-1.104448E+01   
-1.104481E+01   
-1.104514E+01   
-1.104547E+01   
-1.104580E+01   
-1.104613E+01   
-1.104646E+01   
-1.104679E+01   
-1.104711E+01   
-1.104744E+01   
-1.104777E+01   
-1.104809E+01   
-1.104842E+01   
-1.104874E+01   
-1.104907E+01   
-1.104939E+01   
-1.104971E+01   
-1.105003E+01   
-1.105036E+01   
-1.105068E+01   
-1.105100E+01   
-1.105132E+01   
-1.105164E+01   
-1.105195E+01   
-1.105227E+01   
-1.105259E+01   
-1.105291E+01   
-1.105322E+01   
-1.105354E+01   
-1.105385E+01   
-1.105417E+01   
-1.105448E+01   
-1.105480E+01   
-1.105511E+01   
-1.105542E+01   
-1.105573E+01   
-1.105605E+01   
-1.105636E+01   
-1.105667E+01   
-1.105698E+01   
-1.105728E+01   
-1.105759E+01   
-1.105790E+01   
-1.105821E+01   
-1.105852E+01   
-1.105882E+01   
-1.105913E+01   
-1.105943E+01   
-1.105974E+01   
-1.106004E+01   
-1.106035E+01   
-1.106065E+01   
-1.106095E+01   
-1.106125E+01   
-1.106155E+01   
-1.106186E+01   
-1.106216E+01   
-1.106246E+01   
-1.106276E+01   
-1.106305E+01   
-1.106335E+01   
-1.106365E+01   
-1.106395E+01   
-1.106424E+01   
-1.106454E+01   
-1.106484E+01   
-1.106513E+01   
-1.106543E+01   
-1.106572E+01   
-1.106601E+01   
-1.106631E+01   
-1.106660E+01   
-1.106689E+01   
-1.106718E+01   
-1.106747E+01   
-1.106776E+01   
-1.106805E+01   
-1.106834E+01   
-1.106863E+01   
-1.106892E+01   
-1.106921E+01   
-1.106949E+01   
-1.106978E+01   
-1.107007E+01   
-1.107035E+01   
-1.107064E+01   
-1.107092E+01   
-1.107121E+01   
-1.107149E+01   
-1.107177E+01   
-1.107206E+01   
-1.107234E+01   
-1.107262E+01   
-1.107290E+01   
-1.107318E+01   
-1.107346E+01   
-1.107374E+01   
-1.107402E+01   
-1.107430E+01   
-1.107458E+01   
-1.107486E+01   
-1.107513E+01   
-1.107541E+01   
-1.107569E+01   
-1.107596E+01   
-1.107624E+01   
-1.107651E+01   
-1.107679E+01   
-1.107706E+01   
-1.107733E+01   
-1.107761E+01   
-1.107788E+01   
-1.107815E+01   
-1.107842E+01   
-1.107869E+01   
-1.107896E+01   
-1.107923E+01   
-1.107950E+01   
-1.107977E+01   
-1.108004E+01   
-1.108031E+01   
-1.108058E+01   
-1.108084E+01   
-1.108111E+01   
-1.108138E+01   
-1.108164E+01   
-1.108191E+01   
-1.108217E+01   
-1.108243E+01   
-1.108270E+01   
-1.108296E+01   
-1.108322E+01   
-1.108349E+01   
-1.108375E+01   
-1.108401E+01   
-1.108427E+01   
-1.108453E+01   
-1.108479E+01   
-1.108505E+01   
-1.108531E+01   
-1.108557E+01   
-1.108583E+01   
-1.108608E+01   
-1.108634E+01   
-1.108660E+01   
-1.108685E+01   
-1.108711E+01   
-1.108737E+01   
-1.108762E+01   
-1.108787E+01   
-1.108813E+01   
-1.108838E+01   
-1.108864E+01   
-1.108889E+01   
-1.108914E+01   
-1.108939E+01   
-1.108964E+01   
-1.108989E+01   
-1.109014E+01   
-1.109039E+01   
-1.109064E+01   
-1.109089E+01   
-1.109114E+01   
-1.109139E+01   
-1.109164E+01   
-1.109188E+01   
-1.109213E+01   
-1.109238E+01   
-1.109262E+01   
-1.109287E+01   
-1.109311E+01   
-1.109336E+01   
-1.109360E+01   
-1.109385E+01   
-1.109409E+01   
-1.109433E+01   
-1.109458E+01   
-1.109482E+01   
-1.109506E+01   
-1.109530E+01   
-1.109554E+01   
-1.109578E+01   
-1.109602E+01   
-1.109626E+01   
-1.109650E+01   
-1.109674E+01   
-1.109698E+01   
-1.109721E+01   
-1.109745E+01   
-1.109769E+01   
-1.109793E+01   
-1.109816E+01   
-1.109840E+01   
-1.109863E+01   
-1.109887E+01   
-1.109910E+01   
-1.109934E+01   
-1.109957E+01   
-1.109980E+01   
-1.110004E+01   
-1.110027E+01   
-1.110050E+01   
-1.110073E+01   
-1.110096E+01   
-1.110119E+01   
-1.110142E+01   
-1.110165E+01   
-1.110188E+01   
-1.110211E+01   
-1.110234E+01   
-1.110257E+01   
-1.110280E+01   
-1.110302E+01   
-1.110325E+01   
-1.110348E+01   
-1.110370E+01   
-1.110393E+01   
-1.110415E+01   
-1.110438E+01   
-1.110460E+01   
-1.110483E+01   
-1.110505E+01   
-1.110527E+01   
-1.110550E+01   
-1.110572E+01   
-1.110594E+01   
-1.110616E+01   
-1.110639E+01   
-1.110661E+01   
-1.110683E+01   
-1.110705E+01   
-1.110727E+01   
-1.110749E+01   
-1.110771E+01   
-1.110792E+01   
-1.110814E+01   
-1.110836E+01   
-1.110858E+01   
-1.110879E+01   
-1.110901E+01   
-1.110923E+01   
-1.110944E+01   
-1.110966E+01   
-1.110987E+01   
-1.111009E+01   
-1.111030E+01   
-1.111052E+01   
-1.111073E+01   
-1.111094E+01   
-1.111116E+01   
-1.111137E+01   
-1.111158E+01   
-1.111179E+01   
-1.111200E+01   
-1.111222E+01   
-1.111243E+01   
-1.111264E+01   
-1.111285E+01   
-1.111306E+01   
-1.111327E+01   
-1.111347E+01   
-1.111368E+01   
-1.111389E+01   
-1.111410E+01   
-1.111431E+01   
-1.111451E+01   
-1.111472E+01   
-1.111492E+01   
-1.111513E+01   
-1.111534E+01   
-1.111554E+01   
-1.111575E+01   
-1.111595E+01   
-1.111615E+01   
-1.111636E+01   
-1.111656E+01   
-1.111676E+01   
-1.111697E+01   
-1.111717E+01   
-1.111737E+01   
-1.111757E+01   
-1.111777E+01   
-1.111797E+01   
-1.111817E+01   
-1.111837E+01   
-1.111857E+01   
-1.111877E+01   
-1.111897E+01   
-1.111917E+01   
-1.111937E+01   
-1.111957E+01   
-1.111976E+01   
-1.111996E+01   
-1.112016E+01   
-1.112035E+01   
-1.112055E+01   
-1.112074E+01   
-1.112094E+01   
-1.112114E+01   
-1.112133E+01   
-1.112152E+01   
-1.112172E+01   
-1.112191E+01   
-1.112211E+01   
-1.112230E+01   
-1.112249E+01   
-1.112268E+01   
-1.112287E+01   
-1.112307E+01   
-1.112326E+01   
-1.112345E+01   
-1.112364E+01   
-1.112383E+01   
-1.112402E+01   
-1.112421E+01   
-1.112440E+01   
-1.112459E+01   
-1.112478E+01   
-1.112496E+01   
-1.112515E+01   
-1.112534E+01   
-1.112553E+01   
-1.112571E+01   
-1.112590E+01   
-1.112609E+01   
-1.112627E+01   
-1.112646E+01   
-1.112664E+01   
-1.112683E+01   
-1.112701E+01   
-1.112720E+01   
-1.112738E+01   
-1.112756E+01   
-1.112775E+01   
-1.112793E+01   
-1.112811E+01   
-1.112829E+01   
-1.112848E+01   
-1.112866E+01   
-1.112884E+01   
-1.112902E+01   
-1.112920E+01   
-1.112938E+01   
-1.112956E+01   
-1.112974E+01   
-1.112992E+01   
-1.113010E+01   
-1.113028E+01   
-1.113046E+01   
-1.113063E+01   
-1.113081E+01   
-1.113099E+01   
-1.113117E+01   
-1.113134E+01   
-1.113152E+01   
-1.113170E+01   
-1.113187E+01   
-1.113205E+01   
-1.113222E+01   
-1.113240E+01   
-1.113257E+01   
-1.113275E+01   
-1.113292E+01   
-1.113309E+01   
-1.113327E+01   
-1.113344E+01   
-1.113361E+01   
-1.113379E+01   
-1.113396E+01   
-1.113413E+01   
-1.113430E+01   
-1.113447E+01   
-1.113464E+01   
-1.113481E+01   
-1.113498E+01   
-1.113515E+01   
-1.113532E+01   
-1.113549E+01   
-1.113566E+01   
-1.113583E+01   
-1.113600E+01   
-1.113617E+01   
-1.113634E+01   
-1.113650E+01   
-1.113667E+01   
-1.113684E+01   
-1.113700E+01   
-1.113717E+01   
-1.113734E+01   
-1.113750E+01   
-1.113767E+01   
-1.113783E+01   
-1.113800E+01   
-1.113816E+01   
-1.113833E+01   
-1.113849E+01   
-1.113865E+01   
-1.113882E+01   
-1.113898E+01   
-1.113914E+01   
-1.113931E+01   
-1.113947E+01   
-1.113963E+01   
-1.113979E+01   
-1.113995E+01   
-1.114011E+01   
-1.114028E+01   
-1.114044E+01   
-1.114060E+01   
-1.114076E+01   
-1.114092E+01   
-1.114108E+01   
-1.114123E+01   
-1.114139E+01   
-1.114155E+01   
-1.114171E+01   
-1.114187E+01   
-1.114203E+01   
-1.114218E+01   
-1.114234E+01   
-1.114250E+01   
-1.114265E+01   
-1.114281E+01   
-1.114297E+01   
-1.114312E+01   
-1.114328E+01   
-1.114343E+01   
-1.114359E+01   
-1.114374E+01   
-1.114390E+01   
-1.114405E+01   
-1.114420E+01   
-1.114436E+01   
-1.114451E+01   
-1.114466E+01   
-1.114482E+01   
-1.114497E+01   
-1.114512E+01   
-1.114527E+01   
-1.114543E+01   
-1.114558E+01   
-1.114573E+01   
-1.114588E+01   
-1.114603E+01   
-1.114618E+01   
-1.114633E+01   
-1.114648E+01   
-1.114663E+01   
-1.114678E+01   
-1.114693E+01   
-1.114708E+01   
-1.114722E+01   
-1.114737E+01   
-1.114752E+01   
-1.114767E+01   
-1.114781E+01   
-1.114796E+01   
-1.114811E+01   
-1.114826E+01   
-1.114840E+01   
-1.114855E+01   
-1.114869E+01   
-1.114884E+01   
-1.114898E+01   
-1.114913E+01   
-1.114927E+01   
-1.114942E+01   
-1.114956E+01   
-1.114971E+01   
-1.114985E+01   
-1.114999E+01   
-1.115014E+01   
-1.115028E+01   
-1.115042E+01   
-1.115057E+01   
-1.115071E+01   
-1.115085E+01   
-1.115099E+01   
-1.115113E+01   
-1.115127E+01   
-1.115141E+01   
-1.115156E+01   
-1.115170E+01   
-1.115184E+01   
-1.115198E+01   
-1.115212E+01   
-1.115226E+01   
-1.115239E+01   
-1.115253E+01   
-1.115267E+01   
-1.115281E+01   
-1.115295E+01   
-1.115309E+01   
-1.115322E+01   
-1.115336E+01   
-1.115350E+01   
-1.115364E+01   
-1.115377E+01   
-1.115391E+01   
-1.115405E+01   
-1.115418E+01   
-1.115432E+01   
-1.115445E+01   
-1.115459E+01   
-1.115472E+01   
-1.115486E+01   
-1.115499E+01   
-1.115513E+01   
-1.115526E+01   
-1.115539E+01   
-1.115553E+01   
-1.115566E+01   
-1.115579E+01   
-1.115593E+01   
-1.115606E+01   
-1.115619E+01   
-1.115632E+01   
-1.115646E+01   
-1.115659E+01   
-1.115672E+01   
-1.115685E+01   
-1.115698E+01   
-1.115711E+01   
-1.115724E+01   
-1.115737E+01   
-1.115750E+01   
-1.115763E+01   
-1.115776E+01   
-1.115789E+01   
-1.115802E+01   
-1.115815E+01   
-1.115828E+01   
-1.115841E+01   
-1.115854E+01   
-1.115866E+01   
-1.115879E+01   
-1.115892E+01   
-1.115905E+01   
-1.115917E+01   
-1.115930E+01   
-1.115943E+01   
-1.115955E+01   
-1.115968E+01   
-1.115981E+01   
-1.115993E+01   
-1.116006E+01   
-1.116018E+01   
-1.116031E+01   
-1.116043E+01   
-1.116056E+01   
-1.116068E+01   
-1.116080E+01   
-1.116093E+01   
-1.116105E+01   
-1.116118E+01   
-1.116130E+01   
-1.116142E+01   
-1.116154E+01   
-1.116167E+01   
-1.116179E+01   
-1.116191E+01   
-1.116203E+01   
-1.116216E+01   
-1.116228E+01   
-1.116240E+01   
-1.116252E+01   
-1.116264E+01   
-1.116276E+01   
-1.116288E+01   
-1.116300E+01   
-1.116312E+01   
-1.116324E+01   
-1.116336E+01   
-1.116348E+01   
-1.116360E+01   
-1.116372E+01   
-1.116384E+01   
-1.116396E+01   
-1.116407E+01   
-1.116419E+01   
-1.116431E+01   
-1.116443E+01   
-1.116455E+01   
-1.116466E+01   
-1.116478E+01   
-1.116490E+01   
-1.116501E+01   
-1.116513E+01   
-1.116525E+01   
-1.116536E+01   
-1.116548E+01   
-1.116559E+01   
-1.116571E+01   
-1.116582E+01   
-1.116594E+01   
-1.116605E+01   
-1.116617E+01   
-1.116628E+01   
-1.116640E+01   
-1.116651E+01   
-1.116662E+01   
-1.116674E+01   
-1.116685E+01   
-1.116696E+01   
-1.116708E+01   
-1.116719E+01   
-1.116730E+01   
-1.116742E+01   
-1.116753E+01   
-1.116764E+01   
-1.116775E+01   
-1.116786E+01   
-1.116797E+01   
-1.116809E+01   
-1.116820E+01   
-1.116831E+01   
-1.116842E+01   
-1.116853E+01   
-1.116864E+01   
-1.116875E+01   
-1.116886E+01   
-1.116897E+01   
-1.116908E+01   
-1.116919E+01   
-1.116929E+01   
-1.116940E+01   
-1.116951E+01   
-1.116962E+01   
-1.116973E+01   
-1.116984E+01   
-1.116994E+01   
-1.117005E+01   
-1.117016E+01   
-1.117027E+01   
-1.117037E+01   
-1.117048E+01   
-1.117059E+01   
-1.117069E+01   
-1.117080E+01   
-1.117091E+01   
-1.117101E+01   
-1.117112E+01   
-1.117122E+01   
-1.117133E+01   
-1.117143E+01   
-1.117154E+01   
-1.117164E+01   
-1.117175E+01   
-1.117185E+01   
-1.117196E+01   
-1.117206E+01   
-1.117217E+01   
-1.117227E+01   
-1.117237E+01   
-1.117248E+01   
-1.117258E+01   
-1.117268E+01   
-1.117278E+01   
-1.117289E+01   
-1.117299E+01   
-1.117309E+01   
-1.117319E+01   
-1.117330E+01   
-1.117340E+01   
-1.117350E+01   
-1.117360E+01   
-1.117370E+01   
-1.117380E+01   
-1.117390E+01   
-1.117400E+01   
-1.117410E+01   
-1.117420E+01   
-1.117430E+01   
-1.117440E+01   
-1.117450E+01   
-1.117460E+01   
-1.117470E+01   
-1.117480E+01   
-1.117490E+01   
-1.117500E+01   
-1.117510E+01   
-1.117520E+01   
-1.117529E+01   
-1.117539E+01   
-1.117549E+01   
-1.117559E+01   
-1.117569E+01   
-1.117578E+01   
-1.117588E+01   
-1.117598E+01   
-1.117607E+01   
-1.117617E+01   
-1.117627E+01   
-1.117636E+01   
-1.117646E+01   
-1.117656E+01   
-1.117665E+01   
-1.117675E+01   
-1.117684E+01   
-1.117694E+01   
-1.117703E+01   
-1.117713E+01   
-1.117722E+01   
-1.117732E+01   
-1.117741E+01   
-1.117751E+01   
-1.117760E+01   
-1.117770E+01   
-1.117779E+01   
-1.117788E+01   
-1.117798E+01   
-1.117807E+01   
-1.117816E+01   
-1.117826E+01   
-1.117835E+01   
-1.117844E+01   
-1.117853E+01   
-1.117863E+01   
-1.117872E+01   
-1.117881E+01   
-1.117890E+01   
-1.117899E+01   
-1.117908E+01   
-1.117918E+01   
-1.117927E+01   
-1.117936E+01   
-1.117945E+01   
-1.117954E+01   
-1.117963E+01   
-1.117972E+01   
-1.117981E+01   
-1.117990E+01   
-1.117999E+01   
-1.118008E+01   
-1.118017E+01   
-1.118026E+01   
-1.118035E+01   
-1.118044E+01   
-1.118053E+01   
-1.118062E+01   
-1.118070E+01   
-1.118079E+01   
-1.118088E+01   
-1.118097E+01   
-1.118106E+01   
-1.118114E+01   
-1.118123E+01   
-1.118132E+01   
-1.118141E+01   
-1.118149E+01   
-1.118158E+01   
-1.118167E+01   
-1.118176E+01   
-1.118184E+01   
-1.118193E+01   
-1.118201E+01   
-1.118210E+01   
-1.118219E+01   
-1.118227E+01   
-1.118236E+01   
-1.118244E+01   
-1.118253E+01   
-1.118261E+01   
-1.118270E+01   
-1.118278E+01   
-1.118287E+01   
-1.118295E+01   
-1.118304E+01   
-1.118312E+01   
-1.118321E+01   
-1.118329E+01   
-1.118337E+01   
-1.118346E+01   
-1.118354E+01   
-1.118362E+01   
-1.118371E+01   
-1.118379E+01   
-1.118387E+01   
-1.118396E+01   
-1.118404E+01   
-1.118412E+01   
-1.118420E+01   
-1.118429E+01   
-1.118437E+01   
-1.118445E+01   
-1.118453E+01   
-1.118461E+01   
-1.118470E+01   
-1.118478E+01   
-1.118486E+01   
-1.118494E+01   
-1.118502E+01   
-1.118510E+01   
-1.118518E+01   
-1.118526E+01   
-1.118534E+01   
-1.118542E+01   
-1.118550E+01   
-1.118558E+01   
-1.118566E+01   
-1.118574E+01   
-1.118582E+01   
-1.118590E+01   
-1.118598E+01   
-1.118606E+01   
-1.118614E+01   
-1.118622E+01   
-1.118629E+01   
-1.118637E+01   
-1.118645E+01   
-1.118653E+01   
-1.118661E+01   
-1.118669E+01   
-1.118676E+01   
-1.118684E+01   
-1.118692E+01   
-1.118700E+01   
-1.118707E+01   
-1.118715E+01   
-1.118723E+01   
-1.118730E+01   
-1.118738E+01   
-1.118746E+01   
-1.118753E+01   
-1.118761E+01   
-1.118769E+01   
-1.118776E+01   
-1.118784E+01   
-1.118791E+01   
-1.118799E+01   
-1.118806E+01   
-1.118814E+01   
-1.118822E+01   
-1.118829E+01   
-1.118837E+01   
-1.118844E+01   
-1.118851E+01   
-1.118859E+01   
-1.118866E+01   
-1.118874E+01   
-1.118881E+01   
-1.118889E+01   
-1.118896E+01   
-1.118903E+01   
-1.118911E+01   
-1.118918E+01   
-1.118925E+01   
-1.118933E+01   
-1.118940E+01   
-1.118947E+01   
-1.118955E+01   
-1.118962E+01   
-1.118969E+01   
-1.118976E+01   
-1.118984E+01   
-1.118991E+01   
-1.118998E+01   
-1.119005E+01   
-1.119012E+01   
-1.119020E+01   
-1.119027E+01   
-1.119034E+01   
-1.119041E+01   
-1.119048E+01   
-1.119055E+01   
-1.119062E+01   
-1.119069E+01   
-1.119076E+01   
-1.119083E+01   
-1.119090E+01   
-1.119098E+01   
-1.119105E+01   
-1.119112E+01   
-1.119119E+01   
-1.119125E+01   
-1.119132E+01   
-1.119139E+01   
-1.119146E+01   
-1.119153E+01   
-1.119160E+01   
-1.119167E+01   
-1.119174E+01   
-1.119181E+01   
-1.119188E+01   
-1.119195E+01   
-1.119201E+01   
-1.119208E+01   
-1.119215E+01   
-1.119222E+01   
-1.119229E+01   
-1.119235E+01   
-1.119242E+01   
-1.119249E+01   
-1.119256E+01   
-1.119262E+01   
-1.119269E+01   
-1.119276E+01   
-1.119283E+01   
-1.119289E+01   
-1.119296E+01   
-1.119303E+01   
-1.119309E+01   
-1.119316E+01   
-1.119322E+01   
-1.119329E+01   
-1.119336E+01   
-1.119342E+01   
-1.119349E+01   
-1.119355E+01   
-1.119362E+01   
-1.119368E+01   
-1.119375E+01   
-1.119382E+01   
-1.119388E+01   
-1.119395E+01   
-1.119401E+01   
-1.119407E+01   
-1.119414E+01   
-1.119420E+01   
-1.119427E+01   
-1.119433E+01   
-1.119440E+01   
-1.119446E+01   
-1.119452E+01   
-1.119459E+01   
-1.119465E+01   
-1.119472E+01   
-1.119478E+01   
-1.119484E+01   
-1.119491E+01   
-1.119497E+01   
-1.119503E+01   
-1.119509E+01   
-1.119516E+01   
-1.119522E+01   
-1.119528E+01   
-1.119535E+01   
-1.119541E+01   
-1.119547E+01   
-1.119553E+01   
-1.119559E+01   
-1.119566E+01   
-1.119572E+01   
-1.119578E+01   
-1.119584E+01   
-1.119590E+01   
-1.119596E+01   
-1.119603E+01   
-1.119609E+01   
-1.119615E+01   
-1.119621E+01   
-1.119627E+01   
-1.119633E+01   
-1.119639E+01   
-1.119645E+01   
-1.119651E+01   
-1.119657E+01   
-1.119663E+01   
-1.119669E+01   
-1.119675E+01   
-1.119681E+01   
-1.119687E+01   
-1.119693E+01   
-1.119699E+01   
-1.119705E+01   
-1.119711E+01   
-1.119717E+01   
-1.119723E+01   
-1.119729E+01   
-1.119734E+01   
-1.119740E+01   
-1.119746E+01   
-1.119752E+01   
-1.119758E+01   
-1.119764E+01   
-1.119770E+01   
-1.119775E+01   
-1.119781E+01   
-1.119787E+01   
-1.119793E+01   
-1.119799E+01   
-1.119804E+01   
-1.119810E+01   
-1.119816E+01   
-1.119822E+01   
-1.119827E+01   
-1.119833E+01   
-1.119839E+01   
-1.119844E+01   
-1.119850E+01   
-1.119856E+01   
-1.119861E+01   
-1.119867E+01   
-1.119873E+01   
-1.119878E+01   
-1.119884E+01   
-1.119890E+01   
-1.119895E+01   
-1.119901E+01   
-1.119906E+01   
-1.119912E+01   
-1.119917E+01   
-1.119923E+01   
-1.119929E+01   
-1.119934E+01   
-1.119940E+01   
-1.119945E+01   
-1.119951E+01   
-1.119956E+01   
-1.119962E+01   
-1.119967E+01   
-1.119973E+01   
-1.119978E+01   
-1.119983E+01   
-1.119989E+01   
-1.119994E+01   
-1.120000E+01   
-1.120005E+01   
-1.120010E+01   
-1.120016E+01   
-1.120021E+01   
-1.120027E+01   
-1.120032E+01   
-1.120037E+01   
-1.120043E+01   
-1.120048E+01   
-1.120053E+01   
-1.120059E+01   
-1.120064E+01   
-1.120069E+01   
-1.120074E+01   
-1.120080E+01   
-1.120085E+01   
-1.120090E+01   
-1.120095E+01   
-1.120101E+01   
-1.120106E+01   
-1.120111E+01   
-1.120116E+01   
-1.120122E+01   
-1.120127E+01   
-1.120132E+01   
-1.120137E+01   
-1.120142E+01   
-1.120147E+01   
-1.120153E+01   
-1.120158E+01   
-1.120163E+01   
-1.120168E+01   
-1.120173E+01   
-1.120178E+01   
-1.120183E+01   
-1.120188E+01   
-1.120193E+01   
-1.120198E+01   
-1.120203E+01   
-1.120208E+01   
-1.120214E+01   
-1.120219E+01   
-1.120224E+01   
-1.120229E+01   
-1.120234E+01   
-1.120239E+01   
-1.120244E+01   
-1.120249E+01   
-1.120253E+01   
-1.120258E+01   
-1.120263E+01   
-1.120268E+01   
-1.120273E+01   
-1.120278E+01   
-1.120283E+01   
-1.120288E+01   
-1.120293E+01   
-1.120298E+01   
-1.120303E+01   
-1.120307E+01   
-1.120312E+01   
-1.120317E+01   
-1.120322E+01   
-1.120327E+01   
-1.120332E+01   
-1.120336E+01   
-1.120341E+01   
-1.120346E+01   
-1.120351E+01   
-1.120356E+01   
-1.120360E+01   
-1.120365E+01   
-1.120370E+01   
-1.120375E+01   
-1.120379E+01   
-1.120384E+01   
-1.120389E+01   
-1.120394E+01   
-1.120398E+01   
-1.120403E+01   
-1.120408E+01   
-1.120412E+01   
-1.120417E+01   
-1.120422E+01   
-1.120426E+01   
-1.120431E+01   
-1.120436E+01   
-1.120440E+01   
-1.120445E+01   
-1.120449E+01   
-1.120454E+01   
-1.120459E+01   
-1.120463E+01   
-1.120468E+01   
-1.120472E+01   
-1.120477E+01   
-1.120481E+01   
-1.120486E+01   
-1.120491E+01   
-1.120495E+01   
-1.120500E+01   
-1.120504E+01   
-1.120509E+01   
-1.120513E+01   
-1.120518E+01   
-1.120522E+01   
-1.120527E+01   
-1.120531E+01   
-1.120535E+01   
-1.120540E+01   
-1.120544E+01   
-1.120549E+01   
-1.120553E+01   
-1.120558E+01   
-1.120562E+01   
-1.120566E+01   
-1.120571E+01   
-1.120575E+01   
-1.120580E+01   
-1.120584E+01   
-1.120588E+01   
-1.120593E+01   
-1.120597E+01   
-1.120601E+01   
-1.120606E+01   
-1.120610E+01   
-1.120614E+01   
-1.120619E+01   
-1.120623E+01   
-1.120627E+01   
-1.120632E+01   
-1.120636E+01   
-1.120640E+01   
-1.120644E+01   
-1.120649E+01   
-1.120653E+01   
-1.120657E+01   
-1.120661E+01   
-1.120666E+01   
-1.120670E+01   
-1.120674E+01   
-1.120678E+01   
-1.120682E+01   
-1.120687E+01   
-1.120691E+01   
-1.120695E+01   
-1.120699E+01   
-1.120703E+01   
-1.120707E+01   
-1.120711E+01   
-1.120716E+01   
-1.120720E+01   
-1.120724E+01   
-1.120728E+01   
-1.120732E+01   
-1.120736E+01   
-1.120740E+01   
-1.120744E+01   
-1.120748E+01   
-1.120753E+01   
-1.120757E+01   
-1.120761E+01   
-1.120765E+01   
-1.120769E+01   
-1.120773E+01   
-1.120777E+01   
-1.120781E+01   
-1.120785E+01   
-1.120789E+01   
-1.120793E+01   
-1.120797E+01   
-1.120801E+01   
-1.120805E+01   
-1.120809E+01   
-1.120813E+01   
-1.120817E+01   
-1.120821E+01   
-1.120825E+01   
-1.120828E+01   
-1.120832E+01   
-1.120836E+01   
-1.120840E+01   
-1.120844E+01   
-1.120848E+01   
-1.120852E+01   
-1.120856E+01   
-1.120860E+01   
-1.120864E+01   
-1.120867E+01   
-1.120871E+01   
-1.120875E+01   
-1.120879E+01   
-1.120883E+01   
-1.120887E+01   
-1.120890E+01   
-1.120894E+01   
-1.120898E+01   
-1.120902E+01   
-1.120906E+01   
-1.120909E+01   
-1.120913E+01   
-1.120917E+01   
-1.120921E+01   
-1.120925E+01   
-1.120928E+01   
-1.120932E+01   
-1.120936E+01   
-1.120940E+01   
-1.120943E+01   
-1.120947E+01   
-1.120951E+01   
-1.120954E+01   
-1.120958E+01   
-1.120962E+01   
-1.120965E+01   
-1.120969E+01   
-1.120973E+01   
-1.120976E+01   
-1.120980E+01   
-1.120984E+01   
-1.120987E+01   
-1.120991E+01   
-1.120995E+01   
-1.120998E+01   
-1.121002E+01   
-1.121006E+01   
-1.121009E+01   
-1.121013E+01   
-1.121016E+01   
-1.121020E+01   
-1.121024E+01   
-1.121027E+01   
-1.121031E+01   
-1.121034E+01   
-1.121038E+01   
-1.121041E+01   
-1.121045E+01   
-1.121049E+01   
-1.121052E+01   
-1.121056E+01   
-1.121059E+01   
-1.121063E+01   
-1.121066E+01   
-1.121070E+01   
-1.121073E+01   
-1.121077E+01   
-1.121080E+01   
-1.121084E+01   
-1.121087E+01   
-1.121091E+01   
-1.121094E+01   
-1.121097E+01   
-1.121101E+01   
-1.121104E+01   
-1.121108E+01   
-1.121111E+01   
-1.121115E+01   
-1.121118E+01   
-1.121121E+01   
-1.121125E+01   
-1.121128E+01   
-1.121132E+01   
-1.121135E+01   
-1.121138E+01   
-1.121142E+01   
-1.121145E+01   
-1.121148E+01   
-1.121152E+01   
-1.121155E+01   
-1.121159E+01   
-1.121162E+01   
-1.121165E+01   
-1.121169E+01   
-1.121172E+01   
-1.121175E+01   
-1.121178E+01   
-1.121182E+01   
-1.121185E+01   
-1.121188E+01   
-1.121192E+01   
-1.121195E+01   
-1.121198E+01   
-1.121201E+01   
-1.121205E+01   
-1.121208E+01   
-1.121211E+01   
-1.121214E+01   
-1.121218E+01   
-1.121221E+01   
-1.121224E+01   
-1.121227E+01   
-1.121231E+01   
-1.121234E+01   
-1.121237E+01   
-1.121240E+01   
-1.121243E+01   
-1.121247E+01   
-1.121250E+01   
-1.121253E+01   
-1.121256E+01   
-1.121259E+01   
-1.121262E+01   
-1.121266E+01   
-1.121269E+01   
-1.121272E+01   
-1.121275E+01   
-1.121278E+01   
-1.121281E+01   
-1.121284E+01   
-1.121287E+01   
-1.121291E+01   
-1.121294E+01   
-1.121297E+01   
-1.121300E+01   
-1.121303E+01   
-1.121306E+01   
-1.121309E+01   
-1.121312E+01   
-1.121315E+01   
-1.121318E+01   
-1.121321E+01   
-1.121324E+01   
-1.121327E+01   
-1.121330E+01   
-1.121334E+01   
-1.121337E+01   
-1.121340E+01   
-1.121343E+01   
-1.121346E+01   
-1.121349E+01   
-1.121352E+01   
-1.121355E+01   
-1.121358E+01   
-1.121361E+01   
-1.121364E+01   
-1.121367E+01   
-1.121369E+01   
-1.121372E+01   
-1.121375E+01   
-1.121378E+01   
-1.121381E+01   
-1.121384E+01   
-1.121387E+01   
-1.121390E+01   
-1.121393E+01   
-1.121396E+01   
-1.121399E+01   
-1.121402E+01   
-1.121405E+01   
-1.121408E+01   
-1.121410E+01   
-1.121413E+01   
-1.121416E+01   
-1.121419E+01   
-1.121422E+01   
-1.121425E+01   
-1.121428E+01   
-1.121431E+01   
-1.121433E+01   
-1.121436E+01   
-1.121439E+01   
-1.121442E+01   
-1.121445E+01   
-1.121448E+01   
-1.121450E+01   
-1.121453E+01   
-1.121456E+01   
-1.121459E+01   
-1.121462E+01   
-1.121464E+01   
-1.121467E+01   
-1.121470E+01   
-1.121473E+01   
-1.121476E+01   
-1.121478E+01   
-1.121481E+01   
-1.121484E+01   
-1.121487E+01   
-1.121489E+01   
-1.121492E+01   
-1.121495E+01   
-1.121498E+01   
-1.121500E+01   
-1.121503E+01   
-1.121506E+01   
-1.121509E+01   
-1.121511E+01   
-1.121514E+01   
-1.121517E+01   
-1.121519E+01   
-1.121522E+01   
-1.121525E+01   
-1.121527E+01   
-1.121530E+01   
-1.121533E+01   
-1.121535E+01   
-1.121538E+01   
-1.121541E+01   
-1.121543E+01   
-1.121546E+01   
-1.121549E+01   
-1.121551E+01   
-1.121554E+01   
-1.121557E+01   
-1.121559E+01   
-1.121562E+01   
-1.121565E+01   
-1.121567E+01   
-1.121570E+01   
-1.121572E+01   
-1.121575E+01   
-1.121578E+01   
-1.121580E+01   
-1.121583E+01   
-1.121585E+01   
-1.121588E+01   
-1.121590E+01   
-1.121593E+01   
-1.121596E+01   
-1.121598E+01   
-1.121601E+01   
-1.121603E+01   
-1.121606E+01   
-1.121608E+01   
-1.121611E+01   
-1.121613E+01   
-1.121616E+01   
-1.121618E+01   
-1.121621E+01   
-1.121623E+01   
-1.121626E+01   
-1.121628E+01   
-1.121631E+01   
-1.121633E+01   
-1.121636E+01   
-1.121638E+01   
-1.121641E+01   
-1.121643E+01   
-1.121646E+01   
-1.121648E+01   
-1.121651E+01   
-1.121653E+01   
-1.121656E+01   
-1.121658E+01   
-1.121661E+01   
-1.121663E+01   
-1.121665E+01   
-1.121668E+01   
-1.121670E+01   
-1.121673E+01   
-1.121675E+01   
-1.121678E+01   
-1.121680E+01   
-1.121682E+01   
-1.121685E+01   
-1.121687E+01   
-1.121690E+01   
-1.121692E+01   
-1.121694E+01   
-1.121697E+01   
-1.121699E+01   
-1.121702E+01   
-1.121704E+01   
-1.121706E+01   
-1.121709E+01   
-1.121711E+01   
-1.121713E+01   
-1.121716E+01   
-1.121718E+01   
-1.121720E+01   
-1.121723E+01   
-1.121725E+01   
-1.121727E+01   
-1.121730E+01   
-1.121732E+01   
-1.121734E+01   
-1.121737E+01   
-1.121739E+01   
-1.121741E+01   
-1.121744E+01   
-1.121746E+01   
-1.121748E+01   
-1.121750E+01   
-1.121753E+01   
-1.121755E+01   
-1.121757E+01   
-1.121760E+01   
-1.121762E+01   
-1.121764E+01   
-1.121766E+01   
-1.121769E+01   
-1.121771E+01   
-1.121773E+01   
-1.121775E+01   
-1.121778E+01   
-1.121780E+01   
-1.121782E+01   
-1.121784E+01   
-1.121786E+01   
-1.121789E+01   
-1.121791E+01   
-1.121793E+01   
-1.121795E+01   
-1.121797E+01   
-1.121800E+01   
-1.121802E+01   
-1.121804E+01   
-1.121806E+01   
-1.121808E+01   
-1.121811E+01   
-1.121813E+01   
-1.121815E+01   
-1.121817E+01   
-1.121819E+01   
-1.121821E+01   
-1.121824E+01   
-1.121826E+01   
-1.121828E+01   
-1.121830E+01   
-1.121832E+01   
-1.121834E+01   
-1.121836E+01   
-1.121839E+01   
-1.121841E+01   
-1.121843E+01   
-1.121845E+01   
-1.121847E+01   
-1.121849E+01   
-1.121851E+01   
-1.121853E+01   
-1.121855E+01   
-1.121858E+01   
-1.121860E+01   
-1.121862E+01   
-1.121864E+01   
-1.121866E+01   
-1.121868E+01   
-1.121870E+01   
-1.121872E+01   
-1.121874E+01   
-1.121876E+01   
-1.121878E+01   
-1.121880E+01   
-1.121882E+01   
-1.121884E+01   
-1.121887E+01   
-1.121889E+01   
-1.121891E+01   
-1.121893E+01   
-1.121895E+01   
-1.121897E+01   
-1.121899E+01   
-1.121901E+01   
-1.121903E+01   
-1.121905E+01   
-1.121907E+01   
-1.121909E+01   
-1.121911E+01   
-1.121913E+01   
-1.121915E+01   
-1.121917E+01   
-1.121919E+01   
-1.121921E+01   
-1.121923E+01   
-1.121925E+01   
-1.121927E+01   
-1.121929E+01   
-1.121931E+01   
-1.121933E+01   
-1.121934E+01   
-1.121936E+01   
-1.121938E+01   
-1.121940E+01   
-1.121942E+01   
-1.121944E+01   
-1.121946E+01   
-1.121948E+01   
-1.121950E+01   
-1.121952E+01   
-1.121954E+01   
-1.121956E+01   
-1.121958E+01   
-1.121960E+01   
-1.121962E+01   
-1.121963E+01   
-1.121965E+01   
-1.121967E+01   
-1.121969E+01   
-1.121971E+01   
-1.121973E+01   
-1.121975E+01   
-1.121977E+01   
-1.121979E+01   
-1.121980E+01   
-1.121982E+01   
-1.121984E+01   
-1.121986E+01   
-1.121988E+01   
-1.121990E+01   
-1.121992E+01   
-1.121993E+01   
-1.121995E+01   
-1.121997E+01   
-1.121999E+01   
-1.122001E+01   
-1.122003E+01   
-1.122004E+01   
-1.122006E+01   
-1.122008E+01   
-1.122010E+01   
-1.122012E+01   
-1.122014E+01   
-1.122015E+01   
-1.122017E+01   
-1.122019E+01   
-1.122021E+01   
-1.122023E+01   
-1.122024E+01   
-1.122026E+01   
-1.122028E+01   
-1.122030E+01   
-1.122032E+01   
-1.122033E+01   
-1.122035E+01   
-1.122037E+01   
-1.122039E+01   
-1.122040E+01   
-1.122042E+01   
-1.122044E+01   
-1.122046E+01   
-1.122047E+01   
-1.122049E+01   
-1.122051E+01   
-1.122053E+01   
-1.122054E+01   
-1.122056E+01   
-1.122058E+01   
-1.122060E+01   
-1.122061E+01   
-1.122063E+01   
-1.122065E+01   
-1.122067E+01   
-1.122068E+01   
-1.122070E+01   
-1.122072E+01   
-1.122073E+01   
-1.122075E+01   
-1.122077E+01   
-1.122079E+01   
-1.122080E+01   
-1.122082E+01   
-1.122084E+01   
-1.122085E+01   
-1.122087E+01   
-1.122089E+01   
-1.122090E+01   
-1.122092E+01   
-1.122094E+01   
-1.122095E+01   
-1.122097E+01   
-1.122099E+01   
-1.122100E+01   
-1.122102E+01   
-1.122104E+01   
-1.122105E+01   
-1.122107E+01   
-1.122109E+01   
-1.122110E+01   
-1.122112E+01   
-1.122114E+01   
-1.122115E+01   
-1.122117E+01   
-1.122118E+01   
-1.122120E+01   
-1.122122E+01   
-1.122123E+01   
-1.122125E+01   
-1.122127E+01   
-1.122128E+01   
-1.122130E+01   
-1.122131E+01   
-1.122133E+01   
-1.122135E+01   
-1.122136E+01   
-1.122138E+01   
-1.122139E+01   
-1.122141E+01   
-1.122143E+01   
-1.122144E+01   
-1.122146E+01   
-1.122147E+01   
-1.122149E+01   
-1.122150E+01   
-1.122152E+01   
-1.122154E+01   
-1.122155E+01   
-1.122157E+01   
-1.122158E+01   
-1.122160E+01   
-1.122161E+01   
-1.122163E+01   
-1.122164E+01   
-1.122166E+01   
-1.122168E+01   
-1.122169E+01   
-1.122171E+01   
-1.122172E+01   
-1.122174E+01   
-1.122175E+01   
-1.122177E+01   
-1.122178E+01   
-1.122180E+01   
-1.122181E+01   
-1.122183E+01   
-1.122184E+01   
-1.122186E+01   
-1.122187E+01   
-1.122189E+01   
-1.122190E+01   
-1.122192E+01   
-1.122193E+01   
-1.122195E+01   
-1.122196E+01   
-1.122198E+01   
-1.122199E+01   
-1.122201E+01   
-1.122202E+01   
-1.122204E+01   
-1.122205E+01   
-1.122207E+01   
-1.122208E+01   
-1.122210E+01   
-1.122211E+01   
-1.122212E+01   
-1.122214E+01   
-1.122215E+01   
-1.122217E+01   
-1.122218E+01   
-1.122220E+01   
-1.122221E+01   
-1.122223E+01   
-1.122224E+01   
-1.122226E+01   
-1.122227E+01   
-1.122228E+01   
-1.122230E+01   
-1.122231E+01   
-1.122233E+01   
-1.122234E+01   
-1.122236E+01   
-1.122237E+01   
-1.122238E+01   
-1.122240E+01   
-1.122241E+01   
-1.122243E+01   
-1.122244E+01   
-1.122245E+01   
-1.122247E+01   
-1.122248E+01   
-1.122250E+01   
-1.122251E+01   
-1.122252E+01   
-1.122254E+01   
-1.122255E+01   
-1.122257E+01   
-1.122258E+01   
-1.122259E+01   
-1.122261E+01   
-1.122262E+01   
-1.122263E+01   
-1.122265E+01   
-1.122266E+01   
-1.122267E+01   
-1.122269E+01   
-1.122270E+01   
-1.122272E+01   
-1.122273E+01   
-1.122274E+01   
-1.122276E+01   
-1.122277E+01   
-1.122278E+01   
-1.122280E+01   
-1.122281E+01   
-1.122282E+01   
-1.122284E+01   
-1.122285E+01   
-1.122286E+01   
-1.122288E+01   
-1.122289E+01   
-1.122290E+01   
-1.122292E+01   
-1.122293E+01   
-1.122294E+01   
-1.122296E+01   
-1.122297E+01   
-1.122298E+01   
-1.122299E+01   
-1.122301E+01   
-1.122302E+01   
-1.122303E+01   
-1.122305E+01   
-1.122306E+01   
-1.122307E+01   
-1.122309E+01   
-1.122310E+01   
-1.122311E+01   
-1.122312E+01   
-1.122314E+01   
-1.122315E+01   
-1.122316E+01   
-1.122317E+01   
-1.122319E+01   
-1.122320E+01   
-1.122321E+01   
-1.122323E+01   
-1.122324E+01   
-1.122325E+01   
-1.122326E+01   
-1.122328E+01   
-1.122329E+01   
-1.122330E+01   
-1.122331E+01   
-1.122333E+01   
-1.122334E+01   
-1.122335E+01   
-1.122336E+01   
-1.122338E+01   
-1.122339E+01   
-1.122340E+01   
-1.122341E+01   
-1.122342E+01   
-1.122344E+01   
-1.122345E+01   
-1.122346E+01   
-1.122347E+01   
-1.122349E+01   
-1.122350E+01   
-1.122351E+01   
-1.122352E+01   
-1.122353E+01   
-1.122355E+01   
-1.122356E+01   
-1.122357E+01   
-1.122358E+01   
-1.122359E+01   
-1.122361E+01   
-1.122362E+01   
-1.122363E+01   
-1.122364E+01   
-1.122365E+01   
-1.122367E+01   
-1.122368E+01   
-1.122369E+01   
-1.122370E+01   
-1.122371E+01   
-1.122372E+01   
-1.122374E+01   
-1.122375E+01   
-1.122376E+01   
-1.122377E+01   
-1.122378E+01   
-1.122379E+01   
-1.122381E+01   
-1.122382E+01   
-1.122383E+01   
-1.122384E+01   
-1.122385E+01   
-1.122386E+01   
-1.122388E+01   
-1.122389E+01   
-1.122390E+01   
-1.122391E+01   
-1.122392E+01   
-1.122393E+01   
-1.122394E+01   
-1.122396E+01   
-1.122397E+01   
-1.122398E+01   
-1.122399E+01   
-1.122400E+01   
-1.122401E+01   
-1.122402E+01   
-1.122403E+01   
-1.122405E+01   
-1.122406E+01   
-1.122407E+01   
-1.122408E+01   
-1.122409E+01   
-1.122410E+01   
-1.122411E+01   
-1.122412E+01   
-1.122413E+01   
-1.122414E+01   
-1.122416E+01   
-1.122417E+01   
-1.122418E+01   
-1.122419E+01   
-1.122420E+01   
-1.122421E+01   
-1.122422E+01   
-1.122423E+01   
-1.122424E+01   
-1.122425E+01   
-1.122426E+01   
-1.122428E+01   
-1.122429E+01   
-1.122430E+01   
-1.122431E+01   
-1.122432E+01   
-1.122433E+01   
-1.122434E+01   
-1.122435E+01   
-1.122436E+01   
-1.122437E+01   
-1.122438E+01   
-1.122439E+01   
-1.122440E+01   
-1.122441E+01   
-1.122442E+01   
-1.122443E+01   
-1.122444E+01   
-1.122446E+01   
-1.122447E+01   
-1.122448E+01   
-1.122449E+01   
-1.122450E+01   
-1.122451E+01   
-1.122452E+01   
-1.122453E+01   
-1.122454E+01   
-1.122455E+01   
-1.122456E+01   
-1.122457E+01   
-1.122458E+01   
-1.122459E+01   
-1.122460E+01   
-1.122461E+01   
-1.122462E+01   
-1.122463E+01   
-1.122464E+01   
-1.122465E+01   
-1.122466E+01   
-1.122467E+01   
-1.122468E+01   
-1.122469E+01   
-1.122470E+01   
-1.122471E+01   
-1.122472E+01   
-1.122473E+01   
-1.122474E+01   
-1.122475E+01   
-1.122476E+01   
-1.122477E+01   
-1.122478E+01   
-1.122479E+01   
-1.122480E+01   
-1.122481E+01   
-1.122482E+01   
-1.122483E+01   
-1.122484E+01   
-1.122485E+01   
-1.122486E+01   
-1.122487E+01   
-1.122488E+01   
-1.122489E+01   
-1.122490E+01   
-1.122491E+01   
-1.122492E+01   
-1.122493E+01   
-1.122494E+01   
-1.122494E+01   
-1.122495E+01   
-1.122496E+01   
-1.122497E+01   
-1.122498E+01   
-1.122499E+01   
-1.122500E+01   
-1.122501E+01   
-1.122502E+01   
-1.122503E+01   
-1.122504E+01   
-1.122505E+01   
-1.122506E+01   
-1.122507E+01   
-1.122508E+01   
-1.122509E+01   
-1.122510E+01   
-1.122510E+01   
-1.122511E+01   
-1.122512E+01   
-1.122513E+01   
-1.122514E+01   
-1.122515E+01   
-1.122516E+01   
-1.122517E+01   
-1.122518E+01   
-1.122519E+01   
-1.122520E+01   
-1.122521E+01   
-1.122522E+01   
-1.122522E+01   
-1.122523E+01   
-1.122524E+01   
-1.122525E+01   
-1.122526E+01   
-1.122527E+01   
-1.122528E+01   
-1.122529E+01   
-1.122530E+01   
-1.122530E+01   
-1.122531E+01   
-1.122532E+01   
-1.122533E+01   
-1.122534E+01   
-1.122535E+01   
-1.122536E+01   
-1.122537E+01   
-1.122538E+01   
-1.122538E+01   
-1.122539E+01   
-1.122540E+01   
-1.122541E+01   
-1.122542E+01   
-1.122543E+01   
-1.122544E+01   
-1.122545E+01   
-1.122545E+01   
-1.122546E+01   
-1.122547E+01   
-1.122548E+01   
-1.122549E+01   
-1.122550E+01   
-1.122551E+01   
-1.122551E+01   
-1.122552E+01   
-1.122553E+01   
-1.122554E+01   
-1.122555E+01   
-1.122556E+01   
-1.122557E+01   
-1.122557E+01   
-1.122558E+01   
-1.122559E+01   
-1.122560E+01   
-1.122561E+01   
-1.122562E+01   
-1.122562E+01   
-1.122563E+01   
-1.122564E+01   
-1.122565E+01   
-1.122566E+01   
-1.122567E+01   
-1.122567E+01   
-1.122568E+01   
-1.122569E+01   
-1.122570E+01   
-1.122571E+01   
-1.122572E+01   
-1.122572E+01   
-1.122573E+01   
-1.122574E+01   
-1.122575E+01   
-1.122576E+01   
-1.122576E+01   
-1.122577E+01   
-1.122578E+01   
-1.122579E+01   
-1.122580E+01   
-1.122580E+01   
-1.122581E+01   
-1.122582E+01   
-1.122583E+01   
-1.122584E+01   
-1.122584E+01   
-1.122585E+01   
-1.122586E+01   
-1.122587E+01   
-1.122588E+01   
-1.122588E+01   
-1.122589E+01   
-1.122590E+01   
-1.122591E+01   
-1.122592E+01   
-1.122592E+01   
-1.122593E+01   
-1.122594E+01   
-1.122595E+01   
-1.122595E+01   
-1.122596E+01   
-1.122597E+01   
-1.122598E+01   
-1.122599E+01   
-1.122599E+01   
-1.122600E+01   
-1.122601E+01   
-1.122602E+01   
-1.122602E+01   
-1.122603E+01   
-1.122604E+01   
-1.122605E+01   
-1.122605E+01   
-1.122606E+01   
-1.122607E+01   
-1.122608E+01   
-1.122608E+01   
-1.122609E+01   
-1.122610E+01   
-1.122611E+01   
-1.122611E+01   
-1.122612E+01   
-1.122613E+01   
-1.122614E+01   
-1.122614E+01   
-1.122615E+01   
-1.122616E+01   
-1.122617E+01   
-1.122617E+01   
-1.122618E+01   
-1.122619E+01   
-1.122620E+01   
-1.122620E+01   
-1.122621E+01   
-1.122622E+01   
-1.122622E+01   
-1.122623E+01   
-1.122624E+01   
-1.122625E+01   
-1.122625E+01   
-1.122626E+01   
-1.122627E+01   
-1.122628E+01   
-1.122628E+01   
-1.122629E+01   
-1.122630E+01   
-1.122630E+01   
-1.122631E+01   
-1.122632E+01   
-1.122633E+01   
-1.122633E+01   
-1.122634E+01   
-1.122635E+01   
-1.122635E+01   
-1.122636E+01   
-1.122637E+01   
-1.122637E+01   
-1.122638E+01   
-1.122639E+01   
-1.122640E+01   
-1.122640E+01   
-1.122641E+01   
-1.122642E+01   
-1.122642E+01   
-1.122643E+01   
-1.122644E+01   
-1.122644E+01   
-1.122645E+01   
-1.122646E+01   
-1.122646E+01   
-1.122647E+01   
-1.122648E+01   
-1.122649E+01   
-1.122649E+01   
-1.122650E+01   
-1.122651E+01   
-1.122651E+01   
-1.122652E+01   
-1.122653E+01   
-1.122653E+01   
-1.122654E+01   
-1.122655E+01   
-1.122655E+01   
-1.122656E+01   
-1.122657E+01   
-1.122657E+01   
-1.122658E+01   
-1.122659E+01   
-1.122659E+01   
-1.122660E+01   
-1.122661E+01   
-1.122661E+01   
-1.122662E+01   
-1.122663E+01   
-1.122663E+01   
-1.122664E+01   
-1.122665E+01   
-1.122665E+01   
-1.122666E+01   
-1.122666E+01   
-1.122667E+01   
-1.122668E+01   
-1.122668E+01   
-1.122669E+01   
-1.122670E+01   
-1.122670E+01   
-1.122671E+01   
-1.122672E+01   
-1.122672E+01   
-1.122673E+01   
-1.122674E+01   
-1.122674E+01   
-1.122675E+01   
-1.122675E+01   
-1.122676E+01   
-1.122677E+01   
-1.122677E+01   
-1.122678E+01   
-1.122679E+01   
-1.122679E+01   
-1.122680E+01   
-1.122680E+01   
-1.122681E+01   
-1.122682E+01   
-1.122682E+01   
-1.122683E+01   
-1.122684E+01   
-1.122684E+01   
-1.122685E+01   
-1.122685E+01   
-1.122686E+01   
-1.122687E+01   
-1.122687E+01   
-1.122688E+01   
-1.122688E+01   
-1.122689E+01   
-1.122690E+01   
-1.122690E+01   
-1.122691E+01   
-1.122692E+01   
-1.122692E+01   
-1.122693E+01   
-1.122693E+01   
-1.122694E+01   
-1.122695E+01   
-1.122695E+01   
-1.122696E+01   
-1.122696E+01   
-1.122697E+01   
-1.122698E+01   
-1.122698E+01   
-1.122699E+01   
-1.122699E+01   
-1.122700E+01   
-1.122700E+01   
-1.122701E+01   
-1.122702E+01   
-1.122702E+01   
-1.122703E+01   
-1.122703E+01   
-1.122704E+01   
-1.122705E+01   
-1.122705E+01   
-1.122706E+01   
-1.122706E+01   
-1.122707E+01   
-1.122707E+01   
-1.122708E+01   
-1.122709E+01   
-1.122709E+01   
-1.122710E+01   
-1.122710E+01   
-1.122711E+01   
-1.122711E+01   
-1.122712E+01   
-1.122713E+01   
-1.122713E+01   
-1.122714E+01   
-1.122714E+01   
-1.122715E+01   
-1.122715E+01   
-1.122716E+01   
-1.122717E+01   
-1.122717E+01   
-1.122718E+01   
-1.122718E+01   
-1.122719E+01   
-1.122719E+01   
-1.122720E+01   
-1.122720E+01   
-1.122721E+01   
-1.122722E+01   
-1.122722E+01   
-1.122723E+01   
-1.122723E+01   
-1.122724E+01   
-1.122724E+01   
-1.122725E+01   
-1.122725E+01   
-1.122726E+01   
-1.122726E+01   
-1.122727E+01   
-1.122728E+01   
-1.122728E+01   
-1.122729E+01   
-1.122729E+01   
-1.122730E+01   
-1.122730E+01   
-1.122731E+01   
-1.122731E+01   
-1.122732E+01   
-1.122732E+01   
-1.122733E+01   
-1.122733E+01   
-1.122734E+01   
-1.122734E+01   
-1.122735E+01   
-1.122736E+01   
-1.122736E+01   
-1.122737E+01   
-1.122737E+01   
-1.122738E+01   
-1.122738E+01   
-1.122739E+01   
-1.122739E+01   
-1.122740E+01   
-1.122740E+01   
-1.122741E+01   
-1.122741E+01   
-1.122742E+01   
-1.122742E+01   
-1.122743E+01   
-1.122743E+01   
-1.122744E+01   
-1.122744E+01   
-1.122745E+01   
-1.122745E+01   
-1.122746E+01   
-1.122746E+01   
-1.122747E+01   
-1.122747E+01   
-1.122748E+01   
-1.122748E+01   
-1.122749E+01   
-1.122749E+01   
-1.122750E+01   
-1.122750E+01   
-1.122751E+01   
-1.122751E+01   
-1.122752E+01   
-1.122752E+01   
-1.122753E+01   
-1.122753E+01   
-1.122754E+01   
-1.122754E+01   
-1.122755E+01   
-1.122755E+01   
-1.122756E+01   
-1.122756E+01   
-1.122757E+01   
-1.122757E+01   
-1.122758E+01   
-1.122758E+01   
-1.122759E+01   
-1.122759E+01   
-1.122760E+01   
-1.122760E+01   
-1.122761E+01   
-1.122761E+01   
-1.122762E+01   
-1.122762E+01   
-1.122763E+01   
-1.122763E+01   
-1.122764E+01   
-1.122764E+01   
-1.122764E+01   
-1.122765E+01   
-1.122765E+01   
-1.122766E+01   
-1.122766E+01   
-1.122767E+01   
-1.122767E+01   
-1.122768E+01   
-1.122768E+01   
-1.122769E+01   
-1.122769E+01   
-1.122770E+01   
-1.122770E+01   
-1.122771E+01   
-1.122771E+01   
-1.122771E+01   
-1.122772E+01   
-1.122772E+01   
-1.122773E+01   
-1.122773E+01   
-1.122774E+01   
-1.122774E+01   
-1.122775E+01   
-1.122775E+01   
-1.122776E+01   
-1.122776E+01   
-1.122777E+01   
-1.122777E+01   
-1.122777E+01   
-1.122778E+01   
-1.122778E+01   
-1.122779E+01   
-1.122779E+01   
-1.122780E+01   
-1.122780E+01   
-1.122781E+01   
-1.122781E+01   
-1.122781E+01   
-1.122782E+01   
-1.122782E+01   
-1.122783E+01   
-1.122783E+01   
-1.122784E+01   
-1.122784E+01   
-1.122785E+01   
-1.122785E+01   
-1.122785E+01   
-1.122786E+01   
-1.122786E+01   
-1.122787E+01   
-1.122787E+01   
-1.122788E+01   
-1.122788E+01   
-1.122788E+01   
-1.122789E+01   
-1.122789E+01   
-1.122790E+01   
-1.122790E+01   
-1.122791E+01   
-1.122791E+01   
-1.122791E+01   
-1.122792E+01   
-1.122792E+01   
-1.122793E+01   
-1.122793E+01   
-1.122794E+01   
-1.122794E+01   
-1.122794E+01   
-1.122795E+01   
-1.122795E+01   
-1.122796E+01   
-1.122796E+01   
-1.122796E+01   
-1.122797E+01   
-1.122797E+01   
-1.122798E+01   
-1.122798E+01   
-1.122799E+01   
-1.122799E+01   
-1.122799E+01   
-1.122800E+01   
-1.122800E+01   
-1.122801E+01   
-1.122801E+01   
-1.122801E+01   
-1.122802E+01   
-1.122802E+01   
-1.122803E+01   
-1.122803E+01   
-1.122803E+01   
-1.122804E+01   
-1.122804E+01   
-1.122805E+01   
-1.122805E+01   
-1.122805E+01   
-1.122806E+01   
-1.122806E+01   
-1.122807E+01   
-1.122807E+01   
-1.122807E+01   
-1.122808E+01   
-1.122808E+01   
-1.122809E+01   
-1.122809E+01   
-1.122809E+01   
-1.122810E+01   
-1.122810E+01   
-1.122811E+01   
-1.122811E+01   
-1.122811E+01   
-1.122812E+01   
-1.122812E+01   
-1.122813E+01   
-1.122813E+01   
-1.122813E+01   
-1.122814E+01   
-1.122814E+01   
-1.122815E+01   
-1.122815E+01   
-1.122815E+01   
-1.122816E+01   
-1.122816E+01   
-1.122816E+01   
-1.122817E+01   
-1.122817E+01   
-1.122818E+01   
-1.122818E+01   
-1.122818E+01   
-1.122819E+01   
-1.122819E+01   
-1.122819E+01   
-1.122820E+01   
-1.122820E+01   
-1.122821E+01   
-1.122821E+01   
-1.122821E+01   
-1.122822E+01   
-1.122822E+01   
-1.122822E+01   
-1.122823E+01   
-1.122823E+01   
-1.122824E+01   
-1.122824E+01   
-1.122824E+01   
-1.122825E+01   
-1.122825E+01   
-1.122825E+01   
-1.122826E+01   
-1.122826E+01   
-1.122826E+01   
-1.122827E+01   
-1.122827E+01   
-1.122828E+01   
-1.122828E+01   
-1.122828E+01   
-1.122829E+01   
-1.122829E+01   
-1.122829E+01   
-1.122830E+01   
-1.122830E+01   
-1.122830E+01   
-1.122831E+01   
-1.122831E+01   
-1.122832E+01   
-1.122832E+01   
-1.122832E+01   
-1.122833E+01   
-1.122833E+01   
-1.122833E+01   
-1.122834E+01   
-1.122834E+01   
-1.122834E+01   
-1.122835E+01   
-1.122835E+01   
-1.122835E+01   
-1.122836E+01   
-1.122836E+01   
-1.122836E+01   
-1.122837E+01   
-1.122837E+01   
-1.122837E+01   
-1.122838E+01   
-1.122838E+01   
-1.122838E+01   
-1.122839E+01   
-1.122839E+01   
-1.122839E+01   
-1.122840E+01   
-1.122840E+01   
-1.122841E+01   
-1.122841E+01   
-1.122841E+01   
-1.122842E+01   
-1.122842E+01   
-1.122842E+01   
-1.122843E+01   
-1.122843E+01   
-1.122843E+01   
-1.122844E+01   
-1.122844E+01   
-1.122844E+01   
-1.122845E+01   
-1.122845E+01   
-1.122845E+01   
-1.122846E+01   
-1.122846E+01   
-1.122846E+01   
-1.122846E+01   
-1.122847E+01   
-1.122847E+01   
-1.122847E+01   
-1.122848E+01   
-1.122848E+01   
-1.122848E+01   
-1.122849E+01   
-1.122849E+01   
-1.122849E+01   
-1.122850E+01   
-1.122850E+01   
-1.122850E+01   
-1.122851E+01   
-1.122851E+01   
-1.122851E+01   
-1.122852E+01   
-1.122852E+01   
-1.122852E+01   
-1.122853E+01   
-1.122853E+01   
-1.122853E+01   
-1.122854E+01   
-1.122854E+01   
-1.122854E+01   
-1.122855E+01   
-1.122855E+01   
-1.122855E+01   
-1.122855E+01   
-1.122856E+01   
-1.122856E+01   
-1.122856E+01   
-1.122857E+01   
-1.122857E+01   
-1.122857E+01   
-1.122858E+01   
-1.122858E+01   
-1.122858E+01   
-1.122859E+01   
-1.122859E+01   
-1.122859E+01   
-1.122859E+01   
-1.122860E+01   
-1.122860E+01   
-1.122860E+01   
-1.122861E+01   
-1.122861E+01   
-1.122861E+01   
-1.122862E+01   
-1.122862E+01   
-1.122862E+01   
-1.122862E+01   
-1.122863E+01   
-1.122863E+01   
-1.122863E+01   
-1.122864E+01   
-1.122864E+01   
-1.122864E+01   
-1.122865E+01   
-1.122865E+01   
-1.122865E+01   
-1.122865E+01   
-1.122866E+01   
-1.122866E+01   
-1.122866E+01   
-1.122867E+01   
-1.122867E+01   
-1.122867E+01   
-1.122867E+01   
-1.122868E+01   
-1.122868E+01   
-1.122868E+01   
-1.122869E+01   
-1.122869E+01   
-1.122869E+01   
-1.122869E+01   
-1.122870E+01   
-1.122870E+01   
-1.122870E+01   
-1.122871E+01   
-1.122871E+01   
-1.122871E+01   
-1.122871E+01   
-1.122872E+01   
-1.122872E+01   
-1.122872E+01   
-1.122873E+01   
-1.122873E+01   
-1.122873E+01   
-1.122873E+01   
-1.122874E+01   
-1.122874E+01   
-1.122874E+01   
-1.122875E+01   
-1.122875E+01   
-1.122875E+01   
-1.122875E+01   
-1.122876E+01   
-1.122876E+01   
-1.122876E+01   
-1.122876E+01   
-1.122877E+01   
-1.122877E+01   
-1.122877E+01   
-1.122878E+01   
-1.122878E+01   
-1.122878E+01   
-1.122878E+01   
-1.122879E+01   
-1.122879E+01   
-1.122879E+01   
-1.122879E+01   
-1.122880E+01   
-1.122880E+01   
-1.122880E+01   
-1.122881E+01   
-1.122881E+01   
-1.122881E+01   
-1.122881E+01   
-1.122882E+01   
-1.122882E+01   
-1.122882E+01   
-1.122882E+01   
-1.122883E+01   
-1.122883E+01   
-1.122883E+01   
-1.122883E+01   
-1.122884E+01   
-1.122884E+01   
-1.122884E+01   
-1.122884E+01   
-1.122885E+01   
-1.122885E+01   
-1.122885E+01   
-1.122886E+01   
-1.122886E+01   
-1.122886E+01   
-1.122886E+01   
-1.122887E+01   
-1.122887E+01   
-1.122887E+01   
-1.122887E+01   
-1.122888E+01   
-1.122888E+01   
-1.122888E+01   
-1.122888E+01   
-1.122889E+01   
-1.122889E+01   
-1.122889E+01   
-1.122889E+01   
-1.122890E+01   
-1.122890E+01   
-1.122890E+01   
-1.122890E+01   
-1.122891E+01   
-1.122891E+01   
-1.122891E+01   
-1.122891E+01   
-1.122892E+01   
-1.122892E+01   
-1.122892E+01   
-1.122892E+01   
-1.122893E+01   
-1.122893E+01   
-1.122893E+01   
-1.122893E+01   
-1.122894E+01   
-1.122894E+01   
-1.122894E+01   
-1.122894E+01   
-1.122895E+01   
-1.122895E+01   
-1.122895E+01   
-1.122895E+01   
-1.122895E+01   
-1.122896E+01   
-1.122896E+01   
-1.122896E+01   
-1.122896E+01   
-1.122897E+01   
-1.122897E+01   
-1.122897E+01   
-1.122897E+01   
-1.122898E+01   
-1.122898E+01   
-1.122898E+01   
-1.122898E+01   
-1.122899E+01   
-1.122899E+01   
-1.122899E+01   
-1.122899E+01   
-1.122900E+01   
-1.122900E+01   
-1.122900E+01   
-1.122900E+01   
-1.122900E+01   
-1.122901E+01   
-1.122901E+01   
-1.122901E+01   
-1.122901E+01   
-1.122902E+01   
-1.122902E+01   
-1.122902E+01   
-1.122902E+01   
-1.122903E+01   
-1.122903E+01   
-1.122903E+01   
-1.122903E+01   
-1.122903E+01   
-1.122904E+01   
-1.122904E+01   
-1.122904E+01   
-1.122904E+01   
-1.122905E+01   
-1.122905E+01   
-1.122905E+01   
-1.122905E+01   
-1.122905E+01   
-1.122906E+01   
-1.122906E+01   
-1.122906E+01   
-1.122906E+01   
-1.122907E+01   
-1.122907E+01   
-1.122907E+01   
-1.122907E+01   
-1.122907E+01   
-1.122908E+01   
-1.122908E+01   
-1.122908E+01   
-1.122908E+01   
-1.122908E+01   
-1.122909E+01   
-1.122909E+01   
-1.122909E+01   
-1.122909E+01   
-1.122910E+01   
-1.122910E+01   
-1.122910E+01   
-1.122910E+01   
-1.122910E+01   
-1.122911E+01   
-1.122911E+01   
-1.122911E+01   
-1.122911E+01   
-1.122911E+01   
-1.122912E+01   
-1.122912E+01   
-1.122912E+01   
-1.122912E+01   
-1.122913E+01   
-1.122913E+01   
-1.122913E+01   
-1.122913E+01   
-1.122913E+01   
-1.122914E+01   
-1.122914E+01   
-1.122914E+01   
-1.122914E+01   
-1.122914E+01   
-1.122915E+01   
-1.122915E+01   
-1.122915E+01   
-1.122915E+01   
-1.122915E+01   
-1.122916E+01   
-1.122916E+01   
-1.122916E+01   
-1.122916E+01   
-1.122916E+01   
-1.122917E+01   
-1.122917E+01   
-1.122917E+01   
-1.122917E+01   
-1.122917E+01   
-1.122918E+01   
-1.122918E+01   
-1.122918E+01   
-1.122918E+01   
-1.122918E+01   
-1.122919E+01   
-1.122919E+01   
-1.122919E+01   
-1.122919E+01   
-1.122919E+01   
-1.122920E+01   
-1.122920E+01   
-1.122920E+01   
-1.122920E+01   
-1.122920E+01   
-1.122921E+01   
-1.122921E+01   
-1.122921E+01   
-1.122921E+01   
-1.122921E+01   
-1.122922E+01   
-1.122922E+01   
-1.122922E+01   
-1.122922E+01   
-1.122922E+01   
-1.122923E+01   
-1.122923E+01   
-1.122923E+01   
-1.122923E+01   
-1.122923E+01   
-1.122924E+01   
-1.122924E+01   
-1.122924E+01   
-1.122924E+01   
-1.122924E+01   
-1.122924E+01   
-1.122925E+01   
-1.122925E+01   
-1.122925E+01   
-1.122925E+01   
-1.122925E+01   
-1.122926E+01   
-1.122926E+01   
-1.122926E+01   
-1.122926E+01   
-1.122926E+01   
-1.122927E+01   
-1.122927E+01   
-1.122927E+01   
-1.122927E+01   
-1.122927E+01   
-1.122927E+01   
-1.122928E+01   
-1.122928E+01   
-1.122928E+01   
-1.122928E+01   
-1.122928E+01   
-1.122929E+01   
-1.122929E+01   
-1.122929E+01   
-1.122929E+01   
-1.122929E+01   
-1.122929E+01   
-1.122930E+01   
-1.122930E+01   
-1.122930E+01   
-1.122930E+01   
-1.122930E+01   
-1.122931E+01   
-1.122931E+01   
-1.122931E+01   
-1.122931E+01   
-1.122931E+01   
-1.122931E+01   
-1.122932E+01   
-1.122932E+01   
-1.122932E+01   
-1.122932E+01   
-1.122932E+01   
-1.122932E+01   
-1.122933E+01   
-1.122933E+01   
-1.122933E+01   
-1.122933E+01   
-1.122933E+01   
-1.122933E+01   
-1.122934E+01   
-1.122934E+01   
-1.122934E+01   
-1.122934E+01   
-1.122934E+01   
-1.122935E+01   
-1.122935E+01   
-1.122935E+01   
-1.122935E+01   
-1.122935E+01   
-1.122935E+01   
-1.122936E+01   
-1.122936E+01   
-1.122936E+01   
-1.122936E+01   
-1.122936E+01   
-1.122936E+01   
-1.122937E+01   
-1.122937E+01   
-1.122937E+01   
-1.122937E+01   
-1.122937E+01   
-1.122937E+01   
-1.122938E+01   
-1.122938E+01   
-1.122938E+01   
-1.122938E+01   
-1.122938E+01   
-1.122938E+01   
-1.122939E+01   
-1.122939E+01   
-1.122939E+01   
-1.122939E+01   
-1.122939E+01   
-1.122939E+01   
-1.122939E+01   
-1.122940E+01   
-1.122940E+01   
-1.122940E+01   
-1.122940E+01   
-1.122940E+01   
-1.122940E+01   
-1.122941E+01   
-1.122941E+01   
-1.122941E+01   
-1.122941E+01   
-1.122941E+01   
-1.122941E+01   
-1.122942E+01   
-1.122942E+01   
-1.122942E+01   
-1.122942E+01   
-1.122942E+01   
-1.122942E+01   
-1.122943E+01   
-1.122943E+01   
-1.122943E+01   
-1.122943E+01   
-1.122943E+01   
-1.122943E+01   
-1.122943E+01   
-1.122944E+01   
-1.122944E+01   
-1.122944E+01   
-1.122944E+01   
-1.122944E+01   
-1.122944E+01   
-1.122945E+01   
-1.122945E+01   
-1.122945E+01   
-1.122945E+01   
-1.122945E+01   
-1.122945E+01   
-1.122945E+01   
-1.122946E+01   
-1.122946E+01   
-1.122946E+01   
-1.122946E+01   
-1.122946E+01   
-1.122946E+01   
-1.122946E+01   
-1.122947E+01   
-1.122947E+01   
-1.122947E+01   
-1.122947E+01   
-1.122947E+01   
-1.122947E+01   
-1.122948E+01   
-1.122948E+01   
-1.122948E+01   
-1.122948E+01   
-1.122948E+01   
-1.122948E+01   
-1.122948E+01   
-1.122949E+01   
-1.122949E+01   
-1.122949E+01   
-1.122949E+01   
-1.122949E+01   
-1.122949E+01   
-1.122949E+01   
-1.122950E+01   
-1.122950E+01   
-1.122950E+01   
-1.122950E+01   
-1.122950E+01   
-1.122950E+01   
-1.122950E+01   
-1.122951E+01   
-1.122951E+01   
-1.122951E+01   
-1.122951E+01   
-1.122951E+01   
-1.122951E+01   
-1.122951E+01   
-1.122952E+01   
-1.122952E+01   
-1.122952E+01   
-1.122952E+01   
-1.122952E+01   
-1.122952E+01   
-1.122952E+01   
-1.122953E+01   
-1.122953E+01   
-1.122953E+01   
-1.122953E+01   
-1.122953E+01   
-1.122953E+01   
-1.122953E+01   
-1.122953E+01   
-1.122954E+01   
-1.122954E+01   
-1.122954E+01   
-1.122954E+01   
-1.122954E+01   
-1.122954E+01   
-1.122954E+01   
-1.122955E+01   
-1.122955E+01   
-1.122955E+01   
-1.122955E+01   
-1.122955E+01   
-1.122955E+01   
-1.122955E+01   
-1.122955E+01   
-1.122956E+01   
-1.122956E+01   
-1.122956E+01   
-1.122956E+01   
-1.122956E+01   
-1.122956E+01   
-1.122956E+01   
-1.122957E+01   
-1.122957E+01   
-1.122957E+01   
-1.122957E+01   
-1.122957E+01   
-1.122957E+01   
-1.122957E+01   
-1.122957E+01   
-1.122958E+01   
-1.122958E+01   
-1.122958E+01   
-1.122958E+01   
-1.122958E+01   
-1.122958E+01   
-1.122958E+01   
-1.122958E+01   
-1.122959E+01   
-1.122959E+01   
-1.122959E+01   
-1.122959E+01   
-1.122959E+01   
-1.122959E+01   
-1.122959E+01   
-1.122960E+01   
-1.122960E+01   
-1.122960E+01   
-1.122960E+01   
-1.122960E+01   
-1.122960E+01   
-1.122960E+01   
-1.122960E+01   
-1.122961E+01   
-1.122961E+01   
-1.122961E+01   
-1.122961E+01   
-1.122961E+01   
-1.122961E+01   
-1.122961E+01   
-1.122961E+01   
-1.122961E+01   
-1.122962E+01   
-1.122962E+01   
-1.122962E+01   
-1.122962E+01   
-1.122962E+01   
-1.122962E+01   
-1.122962E+01   
-1.122962E+01   
-1.122963E+01   
-1.122963E+01   
-1.122963E+01   
-1.122963E+01   
-1.122963E+01   
-1.122963E+01   
-1.122963E+01   
-1.122963E+01   
-1.122964E+01   
-1.122964E+01   
-1.122964E+01   
-1.122964E+01   
-1.122964E+01   
-1.122964E+01   
-1.122964E+01   
-1.122964E+01   
-1.122964E+01   
-1.122965E+01   
-1.122965E+01   
-1.122965E+01   
-1.122965E+01   
-1.122965E+01   
-1.122965E+01   
-1.122965E+01   
-1.122965E+01   
-1.122966E+01   
-1.122966E+01   
-1.122966E+01   
-1.122966E+01   
-1.122966E+01   
-1.122966E+01   
-1.122966E+01   
-1.122966E+01   
-1.122966E+01   
-1.122967E+01   
-1.122967E+01   
-1.122967E+01   
-1.122967E+01   
-1.122967E+01   
-1.122967E+01   
-1.122967E+01   
-1.122967E+01   
-1.122967E+01   
-1.122968E+01   
-1.122968E+01   
-1.122968E+01   
-1.122968E+01   
-1.122968E+01   
-1.122968E+01   
-1.122968E+01   
-1.122968E+01   
-1.122968E+01   
-1.122969E+01   
-1.122969E+01   
-1.122969E+01   
-1.122969E+01   
-1.122969E+01   
-1.122969E+01   
-1.122969E+01   
-1.122969E+01   
-1.122969E+01   
-1.122970E+01   
-1.122970E+01   
-1.122970E+01   
-1.122970E+01   
-1.122970E+01   
-1.122970E+01   
-1.122970E+01   
-1.122970E+01   
-1.122970E+01   
-1.122971E+01   
-1.122971E+01   
-1.122971E+01   
-1.122971E+01   
-1.122971E+01   
-1.122971E+01   
-1.122971E+01   
-1.122971E+01   
-1.122971E+01   
-1.122971E+01   
-1.122972E+01   
-1.122972E+01   
-1.122972E+01   
-1.122972E+01   
-1.122972E+01   
-1.122972E+01   
-1.122972E+01   
-1.122972E+01   
-1.122972E+01   
-1.122972E+01   
-1.122973E+01   
-1.122973E+01   
-1.122973E+01   
-1.122973E+01   
-1.122973E+01   
-1.122973E+01   
-1.122973E+01   
-1.122973E+01   
-1.122973E+01   
-1.122974E+01   
-1.122974E+01   
-1.122974E+01   
-1.122974E+01   
-1.122974E+01   
-1.122974E+01   
-1.122974E+01   
-1.122974E+01   
-1.122974E+01   
-1.122974E+01   
-1.122975E+01   
-1.122975E+01   
-1.122975E+01   
-1.122975E+01   
-1.122975E+01   
-1.122975E+01   
-1.122975E+01   
-1.122975E+01   
-1.122975E+01   
-1.122975E+01   
-1.122975E+01   
-1.122976E+01   
-1.122976E+01   
-1.122976E+01   
-1.122976E+01   
-1.122976E+01   
-1.122976E+01   
-1.122976E+01   
-1.122976E+01   
-1.122976E+01   
-1.122976E+01   
-1.122977E+01   
-1.122977E+01   
-1.122977E+01   
-1.122977E+01   
-1.122977E+01   
-1.122977E+01   
-1.122977E+01   
-1.122977E+01   
-1.122977E+01   
-1.122977E+01   
-1.122977E+01   
-1.122978E+01   
-1.122978E+01   
-1.122978E+01   
-1.122978E+01   
-1.122978E+01   
-1.122978E+01   
-1.122978E+01   
-1.122978E+01   
-1.122978E+01   
-1.122978E+01   
-1.122979E+01   
-1.122979E+01   
-1.122979E+01   
-1.122979E+01   
-1.122979E+01   
-1.122979E+01   
-1.122979E+01   
-1.122979E+01   
-1.122979E+01   
-1.122979E+01   
-1.122979E+01   
-1.122980E+01   
-1.122980E+01   
-1.122980E+01   
-1.122980E+01   
-1.122980E+01   
-1.122980E+01   
-1.122980E+01   
-1.122980E+01   
-1.122980E+01   
-1.122980E+01   
-1.122980E+01   
-1.122980E+01   
-1.122981E+01   
-1.122981E+01   
-1.122981E+01   
-1.122981E+01   
-1.122981E+01   
-1.122981E+01   
-1.122981E+01   
-1.122981E+01   
-1.122981E+01   
-1.122981E+01   
-1.122981E+01   
-1.122982E+01   
-1.122982E+01   
-1.122982E+01   
-1.122982E+01   
-1.122982E+01   
-1.122982E+01   
-1.122982E+01   
-1.122982E+01   
-1.122982E+01   
-1.122982E+01   
-1.122982E+01   
-1.122982E+01   
-1.122983E+01   
-1.122983E+01   
-1.122983E+01   
-1.122983E+01   
-1.122983E+01   
-1.122983E+01   
-1.122983E+01   
-1.122983E+01   
-1.122983E+01   
-1.122983E+01   
-1.122983E+01   
-1.122983E+01   
-1.122984E+01   
-1.122984E+01   
-1.122984E+01   
-1.122984E+01   
-1.122984E+01   
-1.122984E+01   
-1.122984E+01   
-1.122984E+01   
-1.122984E+01   
-1.122984E+01   
-1.122984E+01   
-1.122984E+01   
-1.122985E+01   
-1.122985E+01   
-1.122985E+01   
-1.122985E+01   
-1.122985E+01   
-1.122985E+01   
-1.122985E+01   
-1.122985E+01   
-1.122985E+01   
-1.122985E+01   
-1.122985E+01   
-1.122985E+01   
-1.122986E+01   
-1.122986E+01   
-1.122986E+01   
-1.122986E+01   
-1.122986E+01   
-1.122986E+01   
-1.122986E+01   
-1.122986E+01   
-1.122986E+01   
-1.122986E+01   
-1.122986E+01   
-1.122986E+01   
-1.122986E+01   
-1.122987E+01   
-1.122987E+01   
-1.122987E+01   
-1.122987E+01   
-1.122987E+01   
-1.122987E+01   
-1.122987E+01   
-1.122987E+01   
-1.122987E+01   
-1.122987E+01   
-1.122987E+01   
-1.122987E+01   
-1.122987E+01   
-1.122988E+01   
-1.122988E+01   
-1.122988E+01   
-1.122988E+01   
-1.122988E+01   
-1.122988E+01   
-1.122988E+01   
-1.122988E+01   
-1.122988E+01   
-1.122988E+01   
-1.122988E+01   
-1.122988E+01   
-1.122988E+01   
-1.122989E+01   
-1.122989E+01   
-1.122989E+01   
-1.122989E+01   
-1.122989E+01   
-1.122989E+01   
-1.122989E+01   
-1.122989E+01   
-1.122989E+01   
-1.122989E+01   
-1.122989E+01   
-1.122989E+01   
-1.122989E+01   
-1.122989E+01   
-1.122990E+01   
-1.122990E+01   
-1.122990E+01   
-1.122990E+01   
-1.122990E+01   
-1.122990E+01   
-1.122990E+01   
-1.122990E+01   
-1.122990E+01   
-1.122990E+01   
-1.122990E+01   
-1.122990E+01   
-1.122990E+01   
-1.122990E+01   
-1.122991E+01   
-1.122991E+01   
-1.122991E+01   
-1.122991E+01   
-1.122991E+01   
-1.122991E+01   
-1.122991E+01   
-1.122991E+01   
-1.122991E+01   
-1.122991E+01   
-1.122991E+01   
-1.122991E+01   
-1.122991E+01   
-1.122991E+01   
-1.122992E+01   
-1.122992E+01   
-1.122992E+01   
-1.122992E+01   
-1.122992E+01   
-1.122992E+01   
-1.122992E+01   
-1.122992E+01   
-1.122992E+01   
-1.122992E+01   
-1.122992E+01   
-1.122992E+01   
-1.122992E+01   
-1.122992E+01   
-1.122992E+01   
-1.122993E+01   
-1.122993E+01   
-1.122993E+01   
-1.122993E+01   
-1.122993E+01   
-1.122993E+01   
-1.122993E+01   
-1.122993E+01   
-1.122993E+01   
-1.122993E+01   
-1.122993E+01   
-1.122993E+01   
-1.122993E+01   
-1.122993E+01   
-1.122993E+01   
-1.122994E+01   
-1.122994E+01   
-1.122994E+01   
-1.122994E+01   
-1.122994E+01   
-1.122994E+01   
-1.122994E+01   
-1.122994E+01   
-1.122994E+01   
-1.122994E+01   
-1.122994E+01   
-1.122994E+01   
-1.122994E+01   
-1.122994E+01   
-1.122994E+01   
-1.122994E+01   
-1.122995E+01   
-1.122995E+01   
-1.122995E+01   
-1.122995E+01   
-1.122995E+01   
-1.122995E+01   
-1.122995E+01   
-1.122995E+01   
-1.122995E+01   
-1.122995E+01   
-1.122995E+01   
-1.122995E+01   
-1.122995E+01   
-1.122995E+01   
-1.122995E+01   
-1.122995E+01   
-1.122996E+01   
-1.122996E+01   
-1.122996E+01   
-1.122996E+01   
-1.122996E+01   
-1.122996E+01   
-1.122996E+01   
-1.122996E+01   
-1.122996E+01   
-1.122996E+01   
-1.122996E+01   
-1.122996E+01   
-1.122996E+01   
-1.122996E+01   
-1.122996E+01   
-1.122996E+01   
-1.122997E+01   
-1.122997E+01   
-1.122997E+01   
-1.122997E+01   
-1.122997E+01   
-1.122997E+01   
-1.122997E+01   
-1.122997E+01   
-1.122997E+01   
-1.122997E+01   
-1.122997E+01   
-1.122997E+01   
-1.122997E+01   
-1.122997E+01   
-1.122997E+01   
-1.122997E+01   
-1.122997E+01   
-1.122998E+01   
-1.122998E+01   
-1.122998E+01   
-1.122998E+01   
-1.122998E+01   
-1.122998E+01   
-1.122998E+01   
-1.122998E+01   
-1.122998E+01   
-1.122998E+01   
-1.122998E+01   
-1.122998E+01   
-1.122998E+01   
-1.122998E+01   
-1.122998E+01   
-1.122998E+01   
-1.122998E+01   
-1.122998E+01   
-1.122999E+01   
-1.122999E+01   
-1.122999E+01   
-1.122999E+01   
-1.122999E+01   
-1.122999E+01   
-1.122999E+01   
-1.122999E+01   
-1.122999E+01   
-1.122999E+01   
-1.122999E+01   
-1.122999E+01   
-1.122999E+01   
-1.122999E+01   
-1.122999E+01   
-1.122999E+01   
-1.122999E+01   
-1.122999E+01   
-1.123000E+01   
-1.123000E+01   
-1.123000E+01   
-1.123000E+01   
-1.123000E+01   
-1.123000E+01   
-1.123000E+01   
-1.123000E+01   
-1.123000E+01   
-1.123000E+01   
-1.123000E+01   
-1.123000E+01   
-1.123000E+01   
-1.123000E+01   
-1.123000E+01   
-1.123000E+01   
-1.123000E+01   
-1.123000E+01   
-1.123000E+01   
-1.123001E+01   
-1.123001E+01   
-1.123001E+01   
-1.123001E+01   
-1.123001E+01   
-1.123001E+01   
-1.123001E+01   
-1.123001E+01   
-1.123001E+01   
-1.123001E+01   
-1.123001E+01   
-1.123001E+01   
-1.123001E+01   
-1.123001E+01   
-1.123001E+01   
-1.123001E+01   
-1.123001E+01   
-1.123001E+01   
-1.123001E+01   
-1.123002E+01   
-1.123002E+01   
-1.123002E+01   
-1.123002E+01   
-1.123002E+01   
-1.123002E+01   
-1.123002E+01   
-1.123002E+01   
-1.123002E+01   
-1.123002E+01   
-1.123002E+01   
-1.123002E+01   
-1.123002E+01   
-1.123002E+01   
-1.123002E+01   
-1.123002E+01   
-1.123002E+01   
-1.123002E+01   
-1.123002E+01   
-1.123002E+01   
-1.123003E+01   
-1.123003E+01   
-1.123003E+01   
-1.123003E+01   
-1.123003E+01   
-1.123003E+01   
-1.123003E+01   
-1.123003E+01   
-1.123003E+01   
-1.123003E+01   
-1.123003E+01   
-1.123003E+01   
-1.123003E+01   
-1.123003E+01   
-1.123003E+01   
-1.123003E+01   
-1.123003E+01   
-1.123003E+01   
-1.123003E+01   
-1.123003E+01   
-1.123003E+01   
-1.123004E+01   
-1.123004E+01   
-1.123004E+01   
-1.123004E+01   
-1.123004E+01   
-1.123004E+01   
-1.123004E+01   
-1.123004E+01   
-1.123004E+01   
-1.123004E+01   
-1.123004E+01   
-1.123004E+01   
-1.123004E+01   
-1.123004E+01   
-1.123004E+01   
-1.123004E+01   
-1.123004E+01   
-1.123004E+01   
-1.123004E+01   
-1.123004E+01   
-1.123004E+01   
-1.123005E+01   
-1.123005E+01   
-1.123005E+01   
-1.123005E+01   
-1.123005E+01   
-1.123005E+01   
-1.123005E+01   
-1.123005E+01   
-1.123005E+01   
-1.123005E+01   
-1.123005E+01   
-1.123005E+01   
-1.123005E+01   
-1.123005E+01   
-1.123005E+01   
-1.123005E+01   
-1.123005E+01   
-1.123005E+01   
-1.123005E+01   
-1.123005E+01   
-1.123005E+01   
-1.123005E+01   
-1.123005E+01   
-1.123006E+01   
-1.123006E+01   
-1.123006E+01   
-1.123006E+01   
-1.123006E+01   
-1.123006E+01   
-1.123006E+01   
-1.123006E+01   
-1.123006E+01   
-1.123006E+01   
-1.123006E+01   
-1.123006E+01   
-1.123006E+01   
-1.123006E+01   
-1.123006E+01   
-1.123006E+01   
-1.123006E+01   
-1.123006E+01   
-1.123006E+01   
-1.123006E+01   
-1.123006E+01   
-1.123006E+01   
-1.123006E+01   
-1.123007E+01   
-1.123007E+01   
-1.123007E+01   
-1.123007E+01   
-1.123007E+01   
-1.123007E+01   
-1.123007E+01   
-1.123007E+01   
-1.123007E+01   
-1.123007E+01   
-1.123007E+01   
-1.123007E+01   
-1.123007E+01   
-1.123007E+01   
-1.123007E+01   
-1.123007E+01   
-1.123007E+01   
-1.123007E+01   
-1.123007E+01   
-1.123007E+01   
-1.123007E+01   
-1.123007E+01   
-1.123007E+01   
-1.123007E+01   
-1.123008E+01   
-1.123008E+01   
-1.123008E+01   
-1.123008E+01   
-1.123008E+01   
-1.123008E+01   
-1.123008E+01   
-1.123008E+01   
-1.123008E+01   
-1.123008E+01   
-1.123008E+01   
-1.123008E+01   
-1.123008E+01   
-1.123008E+01   
-1.123008E+01   
-1.123008E+01   
-1.123008E+01   
-1.123008E+01   
-1.123008E+01   
-1.123008E+01   
-1.123008E+01   
-1.123008E+01   
-1.123008E+01   
-1.123008E+01   
-1.123008E+01   
-1.123008E+01   
-1.123009E+01   
-1.123009E+01   
-1.123009E+01   
-1.123009E+01   
-1.123009E+01   
-1.123009E+01   
-1.123009E+01   
-1.123009E+01   
-1.123009E+01   
-1.123009E+01   
-1.123009E+01   
-1.123009E+01   
-1.123009E+01   
-1.123009E+01   
-1.123009E+01   
-1.123009E+01   
-1.123009E+01   
-1.123009E+01   
-1.123009E+01   
-1.123009E+01   
-1.123009E+01   
-1.123009E+01   
-1.123009E+01   
-1.123009E+01   
-1.123009E+01   
-1.123009E+01   
-1.123010E+01   
-1.123010E+01   
-1.123010E+01   
-1.123010E+01   
-1.123010E+01   
-1.123010E+01   
-1.123010E+01   
-1.123010E+01   
-1.123010E+01   
-1.123010E+01   
-1.123010E+01   
-1.123010E+01   
-1.123010E+01   
-1.123010E+01   
-1.123010E+01   
-1.123010E+01   
-1.123010E+01   
-1.123010E+01   
-1.123010E+01   
-1.123010E+01   
-1.123010E+01   
-1.123010E+01   
-1.123010E+01   
-1.123010E+01   
-1.123010E+01   
-1.123010E+01   
-1.123010E+01   
-1.123010E+01   
-1.123011E+01   
-1.123011E+01   
-1.123011E+01   
-1.123011E+01   
-1.123011E+01   
-1.123011E+01   
-1.123011E+01   
-1.123011E+01   
-1.123011E+01   
-1.123011E+01   
-1.123011E+01   
-1.123011E+01   
-1.123011E+01   
-1.123011E+01   
-1.123011E+01   
-1.123011E+01   
-1.123011E+01   
-1.123011E+01   
-1.123011E+01   
-1.123011E+01   
-1.123011E+01   
-1.123011E+01   
-1.123011E+01   
-1.123011E+01   
-1.123011E+01   
-1.123011E+01   
-1.123011E+01   
-1.123011E+01   
-1.123011E+01   
-1.123011E+01   
-1.123012E+01   
-1.123012E+01   
-1.123012E+01   
-1.123012E+01   
-1.123012E+01   
-1.123012E+01   
-1.123012E+01   
-1.123012E+01   
-1.123012E+01   
-1.123012E+01   
-1.123012E+01   
-1.123012E+01   
-1.123012E+01   
-1.123012E+01   
-1.123012E+01   
-1.123012E+01   
-1.123012E+01   
-1.123012E+01   
-1.123012E+01   
-1.123012E+01   
-1.123012E+01   
-1.123012E+01   
-1.123012E+01   
-1.123012E+01   
-1.123012E+01   
-1.123012E+01   
-1.123012E+01   
-1.123012E+01   
-1.123012E+01   
-1.123012E+01   
-1.123012E+01   
-1.123013E+01   
-1.123013E+01   
-1.123013E+01   
-1.123013E+01   
-1.123013E+01   
-1.123013E+01   
-1.123013E+01   
-1.123013E+01   
-1.123013E+01   
-1.123013E+01   
-1.123013E+01   
-1.123013E+01   
-1.123013E+01   
-1.123013E+01   
-1.123013E+01   
-1.123013E+01   
-1.123013E+01   
-1.123013E+01   
-1.123013E+01   
-1.123013E+01   
-1.123013E+01   
-1.123013E+01   
-1.123013E+01   
-1.123013E+01   
-1.123013E+01   
-1.123013E+01   
-1.123013E+01   
-1.123013E+01   
-1.123013E+01   
-1.123013E+01   
-1.123013E+01   
-1.123013E+01   
-1.123013E+01   
-1.123014E+01   
-1.123014E+01   
-1.123014E+01   
-1.123014E+01   
-1.123014E+01   
-1.123014E+01   
-1.123014E+01   
-1.123014E+01   
-1.123014E+01   
-1.123014E+01   
-1.123014E+01   
-1.123014E+01   
-1.123014E+01   
-1.123014E+01   
-1.123014E+01   
-1.123014E+01   
-1.123014E+01   
-1.123014E+01   
-1.123014E+01   
-1.123014E+01   
-1.123014E+01   
-1.123014E+01   
-1.123014E+01   
-1.123014E+01   
-1.123014E+01   
-1.123014E+01   
-1.123014E+01   
-1.123014E+01   
-1.123014E+01   
-1.123014E+01   
-1.123014E+01   
-1.123014E+01   
-1.123014E+01   
-1.123014E+01   
-1.123014E+01   
-1.123015E+01   
-1.123015E+01   
-1.123015E+01   
-1.123015E+01   
-1.123015E+01   
-1.123015E+01   
-1.123015E+01   
-1.123015E+01   
-1.123015E+01   
-1.123015E+01   
-1.123015E+01   
-1.123015E+01   
-1.123015E+01   
-1.123015E+01   
-1.123015E+01   
-1.123015E+01   
-1.123015E+01   
-1.123015E+01   
-1.123015E+01   
-1.123015E+01   
-1.123015E+01   
-1.123015E+01   
-1.123015E+01   
-1.123015E+01   
-1.123015E+01   
-1.123015E+01   
-1.123015E+01   
-1.123015E+01   
-1.123015E+01   
-1.123015E+01   
-1.123015E+01   
-1.123015E+01   
-1.123015E+01   
-1.123015E+01   
-1.123015E+01   
-1.123015E+01   
-1.123015E+01   
-1.123016E+01   
-1.123016E+01   
-1.123016E+01   
-1.123016E+01   
-1.123016E+01   
-1.123016E+01   
-1.123016E+01   
-1.123016E+01   
-1.123016E+01   
-1.123016E+01   
-1.123016E+01   
-1.123016E+01   
-1.123016E+01   
-1.123016E+01   
-1.123016E+01   
-1.123016E+01   
-1.123016E+01   
-1.123016E+01   
-1.123016E+01   
-1.123016E+01   
-1.123016E+01   
-1.123016E+01   
-1.123016E+01   
-1.123016E+01   
-1.123016E+01   
-1.123016E+01   
-1.123016E+01   
-1.123016E+01   
-1.123016E+01   
-1.123016E+01   
-1.123016E+01   
-1.123016E+01   
-1.123016E+01   
-1.123016E+01   
-1.123016E+01   
-1.123016E+01   
-1.123016E+01   
-1.123016E+01   
-1.123016E+01   
-1.123016E+01   
-1.123017E+01   
-1.123017E+01   
-1.123017E+01   
-1.123017E+01   
-1.123017E+01   
-1.123017E+01   
-1.123017E+01   
-1.123017E+01   
-1.123017E+01   
-1.123017E+01   
-1.123017E+01   
-1.123017E+01   
-1.123017E+01   
-1.123017E+01   
-1.123017E+01   
-1.123017E+01   
-1.123017E+01   
-1.123017E+01   
-1.123017E+01   
-1.123017E+01   
-1.123017E+01   
-1.123017E+01   
-1.123017E+01   
-1.123017E+01   
-1.123017E+01   
-1.123017E+01   
-1.123017E+01   
-1.123017E+01   
-1.123017E+01   
-1.123017E+01   
-1.123017E+01   
-1.123017E+01   
-1.123017E+01   
-1.123017E+01   
-1.123017E+01   
-1.123017E+01   
-1.123017E+01   
-1.123017E+01   
-1.123017E+01   
-1.123017E+01   
-1.123017E+01   
-1.123017E+01   
-1.123017E+01   
-1.123017E+01   
-1.123018E+01   
-1.123018E+01   
-1.123018E+01   
-1.123018E+01   
-1.123018E+01   
-1.123018E+01   
-1.123018E+01   
-1.123018E+01   
-1.123018E+01   
-1.123018E+01   
-1.123018E+01   
-1.123018E+01   
-1.123018E+01   
-1.123018E+01   
-1.123018E+01   
-1.123018E+01   
-1.123018E+01   
-1.123018E+01   
-1.123018E+01   
-1.123018E+01   
-1.123018E+01   
-1.123018E+01   
-1.123018E+01   
-1.123018E+01   
-1.123018E+01   
-1.123018E+01   
-1.123018E+01   
-1.123018E+01   
-1.123018E+01   
-1.123018E+01   
-1.123018E+01   
-1.123018E+01   
-1.123018E+01   
-1.123018E+01   
-1.123018E+01   
-1.123018E+01   
-1.123018E+01   
-1.123018E+01   
-1.123018E+01   
-1.123018E+01   
-1.123018E+01   
-1.123018E+01   
-1.123018E+01   
-1.123018E+01   
-1.123018E+01   
-1.123018E+01   
-1.123019E+01   
-1.123019E+01   
-1.123019E+01   
-1.123019E+01   
-1.123019E+01   
-1.123019E+01   
-1.123019E+01   
-1.123019E+01   
-1.123019E+01   
-1.123019E+01   
-1.123019E+01   
-1.123019E+01   
-1.123019E+01   
-1.123019E+01   
-1.123019E+01   
-1.123019E+01   
-1.123019E+01   
-1.123019E+01   
-1.123019E+01   
-1.123019E+01   
-1.123019E+01   
-1.123019E+01   
-1.123019E+01   
-1.123019E+01   
-1.123019E+01   
-1.123019E+01   
-1.123019E+01   
-1.123019E+01   
-1.123019E+01   
-1.123019E+01   
-1.123019E+01   
-1.123019E+01   
-1.123019E+01   
-1.123019E+01   
-1.123019E+01   
-1.123019E+01   
-1.123019E+01   
-1.123019E+01   
-1.123019E+01   
-1.123019E+01   
-1.123019E+01   
-1.123019E+01   
-1.123019E+01   
-1.123019E+01   
-1.123019E+01   
-1.123019E+01   
-1.123019E+01   
-1.123019E+01   
-1.123019E+01   
-1.123019E+01   
-1.123019E+01   
-1.123020E+01   
-1.123020E+01   
-1.123020E+01   
-1.123020E+01   
-1.123020E+01   
-1.123020E+01   
-1.123020E+01   
-1.123020E+01   
-1.123020E+01   
-1.123020E+01   
-1.123020E+01   
-1.123020E+01   
-1.123020E+01   
-1.123020E+01   
-1.123020E+01   
-1.123020E+01   
-1.123020E+01   
-1.123020E+01   
-1.123020E+01   
-1.123020E+01   
-1.123020E+01   
-1.123020E+01   
-1.123020E+01   
-1.123020E+01   
-1.123020E+01   
-1.123020E+01   
-1.123020E+01   
-1.123020E+01   
-1.123020E+01   
-1.123020E+01   
-1.123020E+01   
-1.123020E+01   
-1.123020E+01   
-1.123020E+01   
-1.123020E+01   
-1.123020E+01   
-1.123020E+01   
-1.123020E+01   
-1.123020E+01   
-1.123020E+01   
-1.123020E+01   
-1.123020E+01   
-1.123020E+01   
-1.123020E+01   
-1.123020E+01   
-1.123020E+01   
-1.123020E+01   
-1.123020E+01   
-1.123020E+01   
-1.123020E+01   
-1.123020E+01   
-1.123020E+01   
-1.123020E+01   
-1.123020E+01   
-1.123020E+01   
-1.123020E+01   
-1.123021E+01   
-1.123021E+01   
-1.123021E+01   
-1.123021E+01   
-1.123021E+01   
-1.123021E+01   
-1.123021E+01   
-1.123021E+01   
-1.123021E+01   
-1.123021E+01   
-1.123021E+01   
-1.123021E+01   
-1.123021E+01   
-1.123021E+01   
-1.123021E+01   
-1.123021E+01   
-1.123021E+01   
-1.123021E+01   
-1.123021E+01   
-1.123021E+01   
-1.123021E+01   
-1.123021E+01   
-1.123021E+01   
-1.123021E+01   
-1.123021E+01   
-1.123021E+01   
-1.123021E+01   
-1.123021E+01   
-1.123021E+01   
-1.123021E+01   
-1.123021E+01   
-1.123021E+01   
-1.123021E+01   
-1.123021E+01   
-1.123021E+01   
-1.123021E+01   
-1.123021E+01   
-1.123021E+01   
-1.123021E+01   
-1.123021E+01   
-1.123021E+01   
-1.123021E+01   
-1.123021E+01   
-1.123021E+01   
-1.123021E+01   
-1.123021E+01   
-1.123021E+01   
-1.123021E+01   
-1.123021E+01   
-1.123021E+01   
-1.123021E+01   
-1.123021E+01   
-1.123021E+01   
-1.123021E+01   
-1.123021E+01   
-1.123021E+01   
-1.123021E+01   
-1.123021E+01   
-1.123021E+01   
-1.123021E+01   
-1.123021E+01   
-1.123021E+01   
-1.123021E+01   
-1.123022E+01   
-1.123022E+01   
-1.123022E+01   
-1.123022E+01   
-1.123022E+01   
-1.123022E+01   
-1.123022E+01   
-1.123022E+01   
-1.123022E+01   
-1.123022E+01   
-1.123022E+01   
-1.123022E+01   
-1.123022E+01   
-1.123022E+01   
-1.123022E+01   
-1.123022E+01   
-1.123022E+01   
-1.123022E+01   
-1.123022E+01   
-1.123022E+01   
-1.123022E+01   
-1.123022E+01   
-1.123022E+01   
-1.123022E+01   
-1.123022E+01   
-1.123022E+01   
-1.123022E+01   
-1.123022E+01   
-1.123022E+01   
-1.123022E+01   
-1.123022E+01   
-1.123022E+01   
-1.123022E+01   
-1.123022E+01   
-1.123022E+01   
-1.123022E+01   
-1.123022E+01   
-1.123022E+01   
-1.123022E+01   
-1.123022E+01   
-1.123022E+01   
-1.123022E+01   
-1.123022E+01   
-1.123022E+01   
-1.123022E+01   
-1.123022E+01   
-1.123022E+01   
-1.123022E+01   
-1.123022E+01   
-1.123022E+01   
-1.123022E+01   
-1.123022E+01   
-1.123022E+01   
-1.123022E+01   
-1.123022E+01   
-1.123022E+01   
-1.123022E+01   
-1.123022E+01   
-1.123022E+01   
-1.123022E+01   
-1.123022E+01   
-1.123022E+01   
-1.123022E+01   
-1.123022E+01   
-1.123022E+01   
-1.123022E+01   
-1.123022E+01   
-1.123022E+01   
-1.123022E+01   
-1.123022E+01   
-1.123023E+01   
-1.123023E+01   
-1.123023E+01   
-1.123023E+01   
-1.123023E+01   
-1.123023E+01   
-1.123023E+01   
-1.123023E+01   
-1.123023E+01   
-1.123023E+01   
-1.123023E+01   
-1.123023E+01   
-1.123023E+01   
-1.123023E+01   
-1.123023E+01   
-1.123023E+01   
-1.123023E+01   
-1.123023E+01   
-1.123023E+01   
-1.123023E+01   
-1.123023E+01   
-1.123023E+01   
-1.123023E+01   
-1.123023E+01   
-1.123023E+01   
-1.123023E+01   
-1.123023E+01   
-1.123023E+01   
-1.123023E+01   
-1.123023E+01   
-1.123023E+01   
-1.123023E+01   
-1.123023E+01   
-1.123023E+01   
-1.123023E+01   
-1.123023E+01   
-1.123023E+01   
-1.123023E+01   
-1.123023E+01   
-1.123023E+01   
-1.123023E+01   
-1.123023E+01   
-1.123023E+01   
-1.123023E+01   
-1.123023E+01   
-1.123023E+01   
-1.123023E+01   
-1.123023E+01   
-1.123023E+01   
-1.123023E+01   
-1.123023E+01   
-1.123023E+01   
-1.123023E+01   
-1.123023E+01   
-1.123023E+01   
-1.123023E+01   
-1.123023E+01   
-1.123023E+01   
-1.123023E+01   
-1.123023E+01   
-1.123023E+01   
-1.123023E+01   
-1.123023E+01   
-1.123023E+01   
-1.123023E+01   
-1.123023E+01   
-1.123023E+01   
-1.123023E+01   
-1.123023E+01   
-1.123023E+01   
-1.123023E+01   
-1.123023E+01   
-1.123023E+01   
-1.123023E+01   
-1.123023E+01   
-1.123023E+01   
-1.123023E+01   
-1.123023E+01   
-1.123023E+01   
-1.123023E+01   
-1.123024E+01   
-1.123024E+01   
-1.123024E+01   
-1.123024E+01   
-1.123024E+01   
-1.123024E+01   
-1.123024E+01   
-1.123024E+01   
-1.123024E+01   
-1.123024E+01   
-1.123024E+01   
-1.123024E+01   
-1.123024E+01   
-1.123024E+01   
-1.123024E+01   
-1.123024E+01   
-1.123024E+01   
-1.123024E+01   
-1.123024E+01   
-1.123024E+01   
-1.123024E+01   
-1.123024E+01   
-1.123024E+01   
-1.123024E+01   
-1.123024E+01   
-1.123024E+01   
-1.123024E+01   
-1.123024E+01   
-1.123024E+01   
-1.123024E+01   
-1.123024E+01   
-1.123024E+01   
-1.123024E+01   
-1.123024E+01   
-1.123024E+01   
-1.123024E+01   
-1.123024E+01   
-1.123024E+01   
-1.123024E+01   
-1.123024E+01   
-1.123024E+01   
-1.123024E+01   
-1.123024E+01   
-1.123024E+01   
-1.123024E+01   
-1.123024E+01   
-1.123024E+01   
-1.123024E+01   
-1.123024E+01   
-1.123024E+01   
-1.123024E+01   
-1.123024E+01   
-1.123024E+01   
-1.123024E+01   
-1.123024E+01   
-1.123024E+01   
-1.123024E+01   
-1.123024E+01   
-1.123024E+01   
-1.123024E+01   
-1.123024E+01   
-1.123024E+01   
-1.123024E+01   
-1.123024E+01   
-1.123024E+01   
-1.123024E+01   
-1.123024E+01   
-1.123024E+01   
-1.123024E+01   
-1.123024E+01   
-1.123024E+01   
-1.123024E+01   
-1.123024E+01   
-1.123024E+01   
-1.123024E+01   
-1.123024E+01   
-1.123024E+01   
-1.123024E+01   
-1.123024E+01   
-1.123024E+01   
-1.123024E+01   
-1.123024E+01   
-1.123024E+01   
-1.123024E+01   
-1.123024E+01   
-1.123024E+01   
-1.123024E+01   
-1.123024E+01   
-1.123024E+01   
-1.123024E+01   
-1.123024E+01   
-1.123024E+01   
-1.123024E+01   
-1.123024E+01   
-1.123025E+01   
-1.123025E+01   
-1.123025E+01   
-1.123025E+01   
-1.123025E+01   
-1.123025E+01   
-1.123025E+01   
-1.123025E+01   
-1.123025E+01   
-1.123025E+01   
-1.123025E+01   
-1.123025E+01   
-1.123025E+01   
-1.123025E+01   
-1.123025E+01   
-1.123025E+01   
-1.123025E+01   
-1.123025E+01   
-1.123025E+01   
-1.123025E+01   
-1.123025E+01   
-1.123025E+01   
-1.123025E+01   
-1.123025E+01   
-1.123025E+01   
-1.123025E+01   
-1.123025E+01   
-1.123025E+01   
-1.123025E+01   
-1.123025E+01   
-1.123025E+01   
-1.123025E+01   
-1.123025E+01   
-1.123025E+01   
-1.123025E+01   
-1.123025E+01   
-1.123025E+01   
-1.123025E+01   
-1.123025E+01   
-1.123025E+01   
-1.123025E+01   
-1.123025E+01   
-1.123025E+01   
-1.123025E+01   
-1.123025E+01   
-1.123025E+01   
-1.123025E+01   
-1.123025E+01   
-1.123025E+01   
-1.123025E+01   
-1.123025E+01   
-1.123025E+01   
-1.123025E+01   
-1.123025E+01   
-1.123025E+01   
-1.123025E+01   
-1.123025E+01   
-1.123025E+01   
-1.123025E+01   
-1.123025E+01   
-1.123025E+01   
-1.123025E+01   
-1.123025E+01   
-1.123025E+01   
-1.123025E+01   
-1.123025E+01   
-1.123025E+01   
-1.123025E+01   
-1.123025E+01   
-1.123025E+01   
-1.123025E+01   
-1.123025E+01   
-1.123025E+01   
-1.123025E+01   
-1.123025E+01   
-1.123025E+01   
-1.123025E+01   
-1.123025E+01   
-1.123025E+01   
-1.123025E+01   
-1.123025E+01   
-1.123025E+01   
-1.123025E+01   
-1.123025E+01   
-1.123025E+01   
-1.123025E+01   
-1.123025E+01   
-1.123025E+01   
-1.123025E+01   
-1.123025E+01   
-1.123025E+01   
-1.123025E+01   
-1.123025E+01   
-1.123025E+01   
-1.123025E+01   
-1.123025E+01   
-1.123025E+01   
-1.123025E+01   
-1.123025E+01   
-1.123025E+01   
-1.123025E+01   
-1.123025E+01   
-1.123025E+01   
-1.123025E+01   
-1.123025E+01   
-1.123025E+01   
-1.123025E+01   
-1.123025E+01   
-1.123025E+01   
-1.123025E+01   
-1.123025E+01   
-1.123025E+01   
-1.123026E+01   
-1.123026E+01   
-1.123026E+01   
-1.123026E+01   
-1.123026E+01   
-1.123026E+01   
-1.123026E+01   
-1.123026E+01   
-1.123026E+01   
-1.123026E+01   
-1.123026E+01   
-1.123026E+01   
-1.123026E+01   
-1.123026E+01   
-1.123026E+01   
-1.123026E+01   
-1.123026E+01   
-1.123026E+01   
-1.123026E+01   
-1.123026E+01   
-1.123026E+01   
-1.123026E+01   
-1.123026E+01   
-1.123026E+01   
-1.123026E+01   
-1.123026E+01   
-1.123026E+01   
-1.123026E+01   
-1.123026E+01   
-1.123026E+01   
-1.123026E+01   
-1.123026E+01   
-1.123026E+01   
-1.123026E+01   
-1.123026E+01   
-1.123026E+01   
-1.123026E+01   
-1.123026E+01   
-1.123026E+01   
-1.123026E+01   
-1.123026E+01   
-1.123026E+01   
-1.123026E+01   
-1.123026E+01   
-1.123026E+01   
-1.123026E+01   
-1.123026E+01   
-1.123026E+01   
-1.123026E+01   
-1.123026E+01   
-1.123026E+01   
-1.123026E+01   
-1.123026E+01   
-1.123026E+01   
-1.123026E+01   
-1.123026E+01   
-1.123026E+01   
-1.123026E+01   
-1.123026E+01   
-1.123026E+01   
-1.123026E+01   
-1.123026E+01   
-1.123026E+01   
-1.123026E+01   
-1.123026E+01   
-1.123026E+01   
-1.123026E+01   
-1.123026E+01   
-1.123026E+01   
-1.123026E+01   
-1.123026E+01   
-1.123026E+01   
-1.123026E+01   
-1.123026E+01   
-1.123026E+01   
-1.123026E+01   
-1.123026E+01   
-1.123026E+01   
-1.123026E+01   
-1.123026E+01   
-1.123026E+01   
-1.123026E+01   
-1.123026E+01   
-1.123026E+01   
-1.123026E+01   
-1.123026E+01   
-1.123026E+01   
-1.123026E+01   
-1.123026E+01   
-1.123026E+01   
-1.123026E+01   
-1.123026E+01   
-1.123026E+01   
-1.123026E+01   
-1.123026E+01   
-1.123026E+01   
-1.123026E+01   
-1.123026E+01   
-1.123026E+01   
-1.123026E+01   
-1.123026E+01   
-1.123026E+01   
-1.123026E+01   
-1.123026E+01   
-1.123026E+01   
-1.123026E+01   
-1.123026E+01   
-1.123026E+01   
-1.123026E+01   
-1.123026E+01   
-1.123026E+01   
-1.123026E+01   
-1.123026E+01   
-1.123026E+01   
-1.123026E+01   
-1.123026E+01   
-1.123026E+01   
-1.123026E+01   
-1.123026E+01   
-1.123026E+01   
-1.123026E+01   
-1.123026E+01   
-1.123026E+01   
-1.123026E+01   
-1.123026E+01   
-1.123026E+01   
-1.123026E+01   
-1.123026E+01   
-1.123026E+01   
-1.123026E+01   
-1.123026E+01   
-1.123026E+01   
-1.123026E+01   
-1.123026E+01   
-1.123026E+01   
-1.123026E+01   
-1.123026E+01   
-1.123026E+01   
-1.123026E+01   
-1.123026E+01   
-1.123026E+01   
-1.123027E+01   
-1.123027E+01   
-1.123027E+01   
-1.123027E+01   
-1.123027E+01   
-1.123027E+01   
-1.123027E+01   
-1.123027E+01   
-1.123027E+01   
-1.123027E+01   
-1.123027E+01   
-1.123027E+01   
-1.123027E+01   
-1.123027E+01   
-1.123027E+01   
-1.123027E+01   
-1.123027E+01   
-1.123027E+01   
-1.123027E+01   
-1.123027E+01   
-1.123027E+01   
-1.123027E+01   
-1.123027E+01   
-1.123027E+01   
-1.123027E+01   
-1.123027E+01   
-1.123027E+01   
-1.123027E+01   
-1.123027E+01   
-1.123027E+01   
-1.123027E+01   
-1.123027E+01   
-1.123027E+01   
-1.123027E+01   
-1.123027E+01   
-1.123027E+01   
-1.123027E+01   
-1.123027E+01   
-1.123027E+01   
-1.123027E+01   
-1.123027E+01   
-1.123027E+01   
-1.123027E+01   
-1.123027E+01   
-1.123027E+01   
-1.123027E+01   
-1.123027E+01   
-1.123027E+01   
-1.123027E+01   
-1.123027E+01   
-1.123027E+01   
-1.123027E+01   
-1.123027E+01   
-1.123027E+01   
-1.123027E+01   
-1.123027E+01   
-1.123027E+01   
-1.123027E+01   
-1.123027E+01   
-1.123027E+01   
-1.123027E+01   
-1.123027E+01   
-1.123027E+01   
-1.123027E+01   
-1.123027E+01   
-1.123027E+01   
-1.123027E+01   
-1.123027E+01   
-1.123027E+01   
-1.123027E+01   
-1.123027E+01   
-1.123027E+01   
-1.123027E+01   
-1.123027E+01   
-1.123027E+01   
-1.123027E+01   
-1.123027E+01   
-1.123027E+01   
-1.123027E+01   
-1.123027E+01   
-1.123027E+01   
-1.123027E+01   
-1.123027E+01   
-1.123027E+01   
-1.123027E+01   
-1.123027E+01   
-1.123027E+01   
-1.123027E+01   
-1.123027E+01   
-1.123027E+01   
-1.123027E+01   
-1.123027E+01   
-1.123027E+01   
-1.123027E+01   
-1.123027E+01   
-1.123027E+01   
-1.123027E+01   
-1.123027E+01   
-1.123027E+01   
-1.123027E+01   
-1.123027E+01   
-1.123027E+01   
-1.123027E+01   
-1.123027E+01   
-1.123027E+01   
-1.123027E+01   
-1.123027E+01   
-1.123027E+01   
-1.123027E+01   
-1.123027E+01   
-1.123027E+01   
-1.123027E+01   
-1.123027E+01   
-1.123027E+01   
-1.123027E+01   
-1.123027E+01   
-1.123027E+01   
-1.123027E+01   
-1.123027E+01   
-1.123027E+01   
-1.123027E+01   
-1.123027E+01   
-1.123027E+01   
-1.123027E+01   
-1.123027E+01   
-1.123027E+01   
-1.123027E+01   
-1.123027E+01   
-1.123027E+01   
-1.123027E+01   
-1.123027E+01   
-1.123027E+01   
-1.123027E+01   
-1.123027E+01   
-1.123027E+01   
-1.123027E+01   
-1.123027E+01   
-1.123027E+01   
-1.123027E+01   
-1.123027E+01   
-1.123027E+01   
-1.123027E+01   
-1.123027E+01   
-1.123027E+01   
-1.123027E+01   
-1.123027E+01   
-1.123027E+01   
-1.123027E+01   
-1.123027E+01   
-1.123027E+01   
-1.123027E+01   
-1.123027E+01   
-1.123027E+01   
-1.123027E+01   
-1.123027E+01   
-1.123027E+01   
-1.123027E+01   
-1.123027E+01   
-1.123027E+01   
-1.123027E+01   
-1.123027E+01   
-1.123027E+01   
-1.123027E+01   
-1.123027E+01   
-1.123027E+01   
-1.123027E+01   
-1.123027E+01   
-1.123027E+01   
-1.123027E+01   
-1.123027E+01   
-1.123027E+01   
-1.123027E+01   
-1.123027E+01   
-1.123027E+01   
-1.123027E+01   
-1.123027E+01   
-1.123027E+01   
-1.123027E+01   
-1.123027E+01   
-1.123027E+01   
-1.123027E+01   
-1.123027E+01   
-1.123027E+01   
-1.123027E+01   
-1.123027E+01   
-1.123027E+01   
-1.123027E+01   
-1.123027E+01   
-1.123028E+01   
-1.123028E+01   
-1.123028E+01   
-1.123028E+01   
-1.123028E+01   
-1.123028E+01   
-1.123028E+01   
-1.123028E+01   
-1.123028E+01   
-1.123028E+01   
-1.123028E+01   
-1.123028E+01   
-1.123028E+01   
-1.123028E+01   
-1.123028E+01   
-1.123028E+01   
-1.123028E+01   
-1.123028E+01   
-1.123028E+01   
-1.123028E+01   
-1.123028E+01   
-1.123028E+01   
-1.123028E+01   
-1.123028E+01   
-1.123028E+01   
-1.123028E+01   
-1.123028E+01   
-1.123028E+01   
-1.123028E+01   
-1.123028E+01   
-1.123028E+01   
-1.123028E+01   
-1.123028E+01   
-1.123028E+01   
-1.123028E+01   
-1.123028E+01   
-1.123028E+01   
-1.123028E+01   
-1.123028E+01   
-1.123028E+01   
-1.123028E+01   
-1.123028E+01   
-1.123028E+01   
-1.123028E+01   
-1.123028E+01   
-1.123028E+01   
-1.123028E+01   
-1.123028E+01   
-1.123028E+01   
-1.123028E+01   
-1.123028E+01   
-1.123028E+01   
-1.123028E+01   
-1.123028E+01   
-1.123028E+01   
-1.123028E+01   
-1.123028E+01   
-1.123028E+01   
-1.123028E+01   
-1.123028E+01   
-1.123028E+01   
-1.123028E+01   
-1.123028E+01   
-1.123028E+01   
-1.123028E+01   
-1.123028E+01   
-1.123028E+01   
-1.123028E+01   
-1.123028E+01   
-1.123028E+01   
-1.123028E+01   
-1.123028E+01   
-1.123028E+01   
-1.123028E+01   
-1.123028E+01   
-1.123028E+01   
-1.123028E+01   
-1.123028E+01   
-1.123028E+01   
-1.123028E+01   
-1.123028E+01   
-1.123028E+01   
-1.123028E+01   
-1.123028E+01   
-1.123028E+01   
-1.123028E+01   
-1.123028E+01   
-1.123028E+01   
-1.123028E+01   
-1.123028E+01   
-1.123028E+01   
-1.123028E+01   
-1.123028E+01   
-1.123028E+01   
-1.123028E+01   
-1.123028E+01   
-1.123028E+01   
-1.123028E+01   
-1.123028E+01   
-1.123028E+01   
-1.123028E+01   
-1.123028E+01   
-1.123028E+01   
-1.123028E+01   
-1.123028E+01   
-1.123028E+01   
-1.123028E+01   
-1.123028E+01   
-1.123028E+01   
-1.123028E+01   
-1.123028E+01   
-1.123028E+01   
-1.123028E+01   
-1.123028E+01   
-1.123028E+01   
-1.123028E+01   
-1.123028E+01   
-1.123028E+01   
-1.123028E+01   
-1.123028E+01   
-1.123028E+01   
-1.123028E+01   
-1.123028E+01   
-1.123028E+01   
-1.123028E+01   
-1.123028E+01   
-1.123028E+01   
-1.123028E+01   
-1.123028E+01   
-1.123028E+01   
-1.123028E+01   
-1.123028E+01   
-1.123028E+01   
-1.123028E+01   
-1.123028E+01   
-1.123028E+01   
-1.123028E+01   
-1.123028E+01   
-1.123028E+01   
-1.123028E+01   
-1.123028E+01   
-1.123028E+01   
-1.123028E+01   
-1.123028E+01   
-1.123028E+01   
-1.123028E+01   
-1.123028E+01   
-1.123028E+01   
-1.123028E+01   
-1.123028E+01   
-1.123028E+01   
-1.123028E+01   
-1.123028E+01   
-1.123028E+01   
-1.123028E+01   
-1.123028E+01   
-1.123028E+01   
-1.123028E+01   
-1.123028E+01   
-1.123028E+01   
-1.123028E+01   
-1.123028E+01   
-1.123028E+01   
-1.123028E+01   
-1.123028E+01   
-1.123028E+01   
-1.123028E+01   
-1.123028E+01   
-1.123028E+01   
-1.123028E+01   
-1.123028E+01   
-1.123028E+01   
-1.123028E+01   
-1.123028E+01   
-1.123028E+01   
-1.123028E+01   
-1.123028E+01   
-1.123028E+01   
-1.123028E+01   
-1.123028E+01   
-1.123028E+01   
-1.123028E+01   
-1.123028E+01   
-1.123028E+01   
-1.123028E+01   
-1.123028E+01   
-1.123028E+01   
-1.123028E+01   
-1.123028E+01   
-1.123028E+01   
-1.123028E+01   
-1.123028E+01   
-1.123028E+01   
-1.123028E+01   
-1.123028E+01   
-1.123028E+01   
-1.123028E+01   
-1.123028E+01   
-1.123028E+01   
-1.123028E+01   
-1.123028E+01   
-1.123028E+01   
-1.123028E+01   
-1.123028E+01   
-1.123028E+01   
-1.123028E+01   
-1.123028E+01   
-1.123028E+01   
-1.123028E+01   
-1.123028E+01   
-1.123028E+01   
-1.123028E+01   
-1.123028E+01   
-1.123028E+01   
-1.123028E+01   
-1.123028E+01   
-1.123028E+01   
-1.123028E+01   
-1.123028E+01   
-1.123028E+01   
-1.123028E+01   
-1.123028E+01   
-1.123028E+01   
-1.123028E+01   
-1.123028E+01   
-1.123028E+01   
-1.123028E+01   
-1.123028E+01   
-1.123028E+01   
-1.123028E+01   
-1.123028E+01   
-1.123028E+01   
-1.123028E+01   
-1.123028E+01   
-1.123028E+01   
-1.123028E+01   
-1.123028E+01   
-1.123028E+01   
-1.123028E+01   
-1.123028E+01   
-1.123028E+01   
-1.123028E+01   
-1.123028E+01   
-1.123028E+01   
-1.123028E+01   
-1.123028E+01   
-1.123028E+01   
-1.123028E+01   
-1.123028E+01   
-1.123028E+01   
-1.123028E+01   
-1.123028E+01   
-1.123028E+01   
-1.123028E+01   
-1.123028E+01   
-1.123028E+01   
-1.123028E+01   
-1.123028E+01   
-1.123028E+01   
-1.123028E+01   
-1.123028E+01   
-1.123028E+01   
-1.123028E+01   
-1.123028E+01   
-1.123028E+01   
-1.123028E+01   
-1.123028E+01   
-1.123028E+01   
-1.123028E+01   
-1.123028E+01   
-1.123028E+01   
-1.123028E+01   
-1.123028E+01   
-1.123028E+01   
-1.123028E+01   
-1.123028E+01   
-1.123028E+01   
-1.123028E+01   
-1.123028E+01   
-1.123028E+01   
-1.123028E+01   
-1.123028E+01   
-1.123028E+01   
-1.123028E+01   
-1.123028E+01   
-1.123028E+01   
-1.123029E+01   
-1.123029E+01   
-1.123029E+01   
-1.123029E+01   
-1.123029E+01   
-1.123029E+01   
-1.123029E+01   
-1.123029E+01   
-1.123029E+01   
-1.123029E+01   
-1.123029E+01   
-1.123029E+01   
-1.123029E+01   
-1.123029E+01   
-1.123029E+01   
-1.123029E+01   
-1.123029E+01   
-1.123029E+01   
-1.123029E+01   
-1.123029E+01   
-1.123029E+01   
-1.123029E+01   
-1.123029E+01   
-1.123029E+01   
-1.123029E+01   
-1.123029E+01   
-1.123029E+01   
-1.123029E+01   
-1.123029E+01   
-1.123029E+01   
-1.123029E+01   
-1.123029E+01   
-1.123029E+01   
-1.123029E+01   
-1.123029E+01   
-1.123029E+01   
-1.123029E+01   
-1.123029E+01   
-1.123029E+01   
-1.123029E+01   
-1.123029E+01   
-1.123029E+01   
-1.123029E+01   
-1.123029E+01   
-1.123029E+01   
-1.123029E+01   
-1.123029E+01   
-1.123029E+01   
-1.123029E+01   
-1.123029E+01   
-1.123029E+01   
-1.123029E+01   
-1.123029E+01   
-1.123029E+01   
-1.123029E+01   
-1.123029E+01   
-1.123029E+01   
-1.123029E+01   
-1.123029E+01   
-1.123029E+01   
-1.123029E+01   
-1.123029E+01   
-1.123029E+01   
-1.123029E+01   
-1.123029E+01   
-1.123029E+01   
-1.123029E+01   
-1.123029E+01   
-1.123029E+01   
-1.123029E+01   
-1.123029E+01   
-1.123029E+01   
-1.123029E+01   
-1.123029E+01   
-1.123029E+01   
-1.123029E+01   
-1.123029E+01   
-1.123029E+01   
-1.123029E+01   
-1.123029E+01   
-1.123029E+01   
-1.123029E+01   
-1.123029E+01   
-1.123029E+01   
-1.123029E+01   
-1.123029E+01   
-1.123029E+01   
-1.123029E+01   
-1.123029E+01   
-1.123029E+01   
-1.123029E+01   
-1.123029E+01   
-1.123029E+01   
-1.123029E+01   
-1.123029E+01   
-1.123029E+01   
-1.123029E+01   
-1.123029E+01   
-1.123029E+01   
-1.123029E+01   
-1.123029E+01   
-1.123029E+01   
-1.123029E+01   
-1.123029E+01   
-1.123029E+01   
-1.123029E+01   
-1.123029E+01   
-1.123029E+01   
-1.123029E+01   
-1.123029E+01   
-1.123029E+01   
-1.123029E+01   
-1.123029E+01   
-1.123029E+01   
-1.123029E+01   
-1.123029E+01   
-1.123029E+01   
-1.123029E+01   
-1.123029E+01   
-1.123029E+01   
-1.123029E+01   
-1.123029E+01   
-1.123029E+01   
-1.123029E+01   
-1.123029E+01   
-1.123029E+01   
-1.123029E+01   
-1.123029E+01   
-1.123029E+01   
-1.123029E+01   
-1.123029E+01   
-1.123029E+01   
-1.123029E+01   
-1.123029E+01   
-1.123029E+01   
-1.123029E+01   
-1.123029E+01   
-1.123029E+01   
-1.123029E+01   
-1.123029E+01   
-1.123029E+01   
-1.123029E+01   
-1.123029E+01   
-1.123029E+01   
-1.123029E+01   
-1.123029E+01   
-1.123029E+01   
-1.123029E+01   
-1.123029E+01   
-1.123029E+01   
-1.123029E+01   
-1.123029E+01   
-1.123029E+01   
-1.123029E+01   
-1.123029E+01   
-1.123029E+01   
-1.123029E+01   
-1.123029E+01   
-1.123029E+01   
-1.123029E+01   
-1.123029E+01   
-1.123029E+01   
-1.123029E+01   
-1.123029E+01   
-1.123029E+01   
-1.123029E+01   
-1.123029E+01   
-1.123029E+01   
-1.123029E+01   
-1.123029E+01   
-1.123029E+01   
-1.123029E+01   
-1.123029E+01   
-1.123029E+01   
-1.123029E+01   
-1.123029E+01   
-1.123029E+01   
-1.123029E+01   
-1.123029E+01   
-1.123029E+01   
-1.123029E+01   
-1.123029E+01   
-1.123029E+01   
-1.123029E+01   
-1.123029E+01   
-1.123029E+01   
-1.123029E+01   
-1.123029E+01   
-1.123029E+01   
-1.123029E+01   
-1.123029E+01   
-1.123029E+01   
-1.123029E+01   
-1.123029E+01   
-1.123029E+01   
-1.123029E+01   
-1.123029E+01   
-1.123029E+01   
-1.123029E+01   
-1.123029E+01   
-1.123029E+01   
-1.123029E+01   
-1.123029E+01   
-1.123029E+01   
-1.123029E+01   
-1.123029E+01   
-1.123029E+01   
-1.123029E+01   
-1.123029E+01   
-1.123029E+01   
-1.123029E+01   
-1.123029E+01   
-1.123029E+01   
-1.123029E+01   
-1.123029E+01   
-1.123029E+01   
-1.123029E+01   
-1.123029E+01   
-1.123029E+01   
-1.123029E+01   
-1.123029E+01   
-1.123029E+01   
-1.123029E+01   
-1.123029E+01   
-1.123029E+01   
-1.123029E+01   
-1.123029E+01   
-1.123029E+01   
-1.123029E+01   
-1.123029E+01   
-1.123029E+01   
-1.123029E+01   
-1.123029E+01   
-1.123029E+01   
-1.123029E+01   
-1.123029E+01   
-1.123029E+01   
-1.123029E+01   
-1.123029E+01   
-1.123029E+01   
-1.123029E+01   
-1.123029E+01   
-1.123029E+01   
-1.123029E+01   
-1.123029E+01   
-1.123029E+01   
-1.123029E+01   
-1.123029E+01   
-1.123029E+01   
-1.123029E+01   
-1.123029E+01   
-1.123029E+01   
-1.123029E+01   
-1.123029E+01   
-1.123029E+01   
-1.123029E+01   
-1.123029E+01   
-1.123029E+01   
-1.123029E+01   
-1.123029E+01   
-1.123029E+01   
-1.123029E+01   
-1.123029E+01   
-1.123029E+01   
-1.123029E+01   
-1.123029E+01   
-1.123029E+01   
-1.123029E+01   
-1.123029E+01   
-1.123029E+01   
-1.123029E+01   
-1.123029E+01   
-1.123029E+01   
-1.123029E+01   
-1.123029E+01   
-1.123029E+01   
-1.123029E+01   
-1.123029E+01   
-1.123029E+01   
-1.123029E+01   
-1.123029E+01   
-1.123029E+01   
-1.123029E+01   
-1.123029E+01   
-1.123029E+01   
-1.123029E+01   
-1.123029E+01   
-1.123029E+01   
-1.123029E+01   
-1.123029E+01   
-1.123029E+01   
-1.123029E+01   
-1.123029E+01   
-1.123029E+01   
-1.123029E+01   
-1.123029E+01   
-1.123029E+01   
-1.123029E+01   
-1.123029E+01   
-1.123029E+01   
-1.123029E+01   
-1.123029E+01   
-1.123029E+01   
-1.123029E+01   
-1.123029E+01   
-1.123029E+01   
-1.123029E+01   
-1.123029E+01   
-1.123029E+01   
-1.123029E+01   
-1.123029E+01   
-1.123029E+01   
-1.123029E+01   
-1.123029E+01   
-1.123029E+01   
-1.123029E+01   
-1.123029E+01   
-1.123029E+01   
-1.123029E+01   
-1.123029E+01   
-1.123029E+01   
-1.123029E+01   
-1.123029E+01   
-1.123029E+01   
-1.123029E+01   
-1.123029E+01   
-1.123029E+01   
-1.123029E+01   
-1.123029E+01   
-1.123029E+01   
-1.123029E+01   
-1.123029E+01   
-1.123029E+01   
-1.123029E+01   
-1.123029E+01   
-1.123029E+01   
-1.123029E+01   
-1.123029E+01   
-1.123029E+01   
-1.123029E+01   
-1.123029E+01   
-1.123029E+01   
-1.123029E+01   
-1.123029E+01   
-1.123029E+01   
-1.123029E+01   
-1.123029E+01   
-1.123029E+01   
-1.123029E+01   
-1.123029E+01   
-1.123029E+01   
-1.123029E+01   
-1.123029E+01   
-1.123029E+01   
-1.123029E+01   
-1.123029E+01   
-1.123029E+01   
-1.123029E+01   
-1.123029E+01   
-1.123029E+01   
-1.123029E+01   
-1.123029E+01   
-1.123029E+01   
-1.123029E+01   
-1.123029E+01   
-1.123029E+01   
-1.123029E+01   
-1.123029E+01   
-1.123029E+01   
-1.123029E+01   
-1.123029E+01   
-1.123029E+01   
-1.123029E+01   
-1.123029E+01   
-1.123029E+01   
-1.123029E+01   
-1.123029E+01   
-1.123029E+01   
-1.123029E+01   
-1.123029E+01   
-1.123029E+01   
-1.123029E+01   
-1.123029E+01   
-1.123029E+01   
-1.123029E+01   
-1.123029E+01   
-1.123029E+01   
-1.123029E+01   
-1.123029E+01   
-1.123029E+01   
-1.123029E+01   
-1.123029E+01   
-1.123029E+01   
-1.123029E+01   
-1.123029E+01   
-1.123029E+01   
-1.123029E+01   
-1.123029E+01   
-1.123029E+01   
-1.123029E+01   
-1.123029E+01   
-1.123029E+01   
-1.123029E+01   
-1.123029E+01   
-1.123029E+01   
-1.123029E+01   
-1.123029E+01   
-1.123029E+01   
-1.123029E+01   
-1.123029E+01   
-1.123029E+01   
-1.123029E+01   
-1.123029E+01   
-1.123029E+01   
-1.123029E+01   
-1.123029E+01   
-1.123029E+01   
-1.123029E+01   
-1.123029E+01   
-1.123029E+01   
-1.123029E+01   
-1.123029E+01   
-1.123029E+01   
-1.123029E+01   
-1.123029E+01   
-1.123029E+01   
-1.123029E+01   
-1.123029E+01   
-1.123029E+01   
-1.123029E+01   
-1.123029E+01   
-1.123029E+01   
-1.123029E+01   
-1.123029E+01   
-1.123029E+01   
-1.123029E+01   
-1.123029E+01   
-1.123029E+01   
-1.123029E+01   
-1.123029E+01   
-1.123029E+01   
-1.123029E+01   
-1.123029E+01   
-1.123029E+01   
-1.123029E+01   
-1.123029E+01   
-1.123029E+01   
-1.123029E+01   
-1.123029E+01   
-1.123029E+01   
-1.123029E+01   
-1.123029E+01   
-1.123029E+01   
-1.123029E+01   
-1.123029E+01   
-1.123029E+01   
-1.123029E+01   
-1.123029E+01   
-1.123029E+01   
-1.123029E+01   
-1.123029E+01   
-1.123029E+01   
-1.123029E+01   
-1.123029E+01   
-1.123029E+01   
-1.123029E+01   
-1.123029E+01   
-1.123029E+01   
-1.123029E+01   
-1.123029E+01   
-1.123029E+01   
-1.123029E+01   
-1.123029E+01   
-1.123029E+01   
-1.123029E+01   
-1.123029E+01   
-1.123029E+01   
-1.123029E+01   
-1.123029E+01   
-1.123029E+01   
-1.123029E+01   
-1.123029E+01   
-1.123029E+01   
-1.123029E+01   
-1.123029E+01   
-1.123029E+01   
-1.123029E+01   
-1.123029E+01   
-1.123029E+01   
-1.123029E+01   
-1.123029E+01   
-1.123029E+01   
-1.123029E+01   
-1.123029E+01   
-1.123029E+01   
-1.123029E+01   
-1.123029E+01   
-1.123029E+01   
-1.123029E+01   
-1.123029E+01   
-1.123029E+01   
-1.123029E+01   
-1.123029E+01   
-1.123029E+01   
-1.123029E+01   
-1.123029E+01   
-1.123029E+01   
-1.123029E+01   
-1.123029E+01   
-1.123029E+01   
-1.123029E+01   
-1.123029E+01   
-1.123029E+01   
-1.123029E+01   
-1.123029E+01   
-1.123029E+01   
-1.123029E+01   
-1.123029E+01   
-1.123029E+01   
-1.123029E+01   
-1.123029E+01   
-1.123029E+01   
-1.123029E+01   
-1.123029E+01   
-1.123029E+01   
-1.123029E+01   
-1.123029E+01   
-1.123029E+01   
-1.123029E+01   
-1.123029E+01   
-1.123029E+01   
-1.123029E+01   
-1.123029E+01   
-1.123029E+01   
-1.123029E+01   
-1.123029E+01   
-1.123029E+01   
-1.123029E+01   
-1.123029E+01   
-1.123029E+01   
-1.123029E+01   
-1.123029E+01   
-1.123029E+01   
-1.123029E+01   
-1.123029E+01   
-1.123029E+01   
-1.123029E+01   
-1.123029E+01   
-1.123029E+01   
-1.123029E+01   
-1.123029E+01   
-1.123029E+01   
-1.123029E+01   
-1.123029E+01   
-1.123029E+01   
-1.123029E+01   
-1.123029E+01   
-1.123029E+01   
-1.123029E+01   
-1.123029E+01   
-1.123029E+01   
-1.123029E+01   
-1.123029E+01   
-1.123029E+01   
-1.123029E+01   
-1.123029E+01   
-1.123029E+01   
-1.123029E+01   
-1.123029E+01   
-1.123029E+01   
-1.123029E+01   
-1.123029E+01   
-1.123029E+01   
-1.123029E+01   
-1.123029E+01   
-1.123029E+01   
-1.123029E+01   
-1.123029E+01   
-1.123029E+01   
-1.123029E+01   
-1.123029E+01   
-1.123029E+01   
-1.123029E+01   
-1.123029E+01   
-1.123029E+01   
-1.123029E+01   
-1.123029E+01   
-1.123029E+01   
-1.123029E+01   
-1.123029E+01   
-1.123029E+01   
-1.123029E+01   
-1.123029E+01   
-1.123029E+01   
-1.123029E+01   
-1.123029E+01   
-1.123029E+01   
-1.123029E+01   
-1.123029E+01   
-1.123029E+01   
-1.123029E+01   
-1.123029E+01   
-1.123029E+01   
-1.123029E+01   
-1.123029E+01   
-1.123029E+01   
-1.123029E+01   
-1.123029E+01   
-1.123029E+01   
-1.123029E+01   
-1.123029E+01   
-1.123029E+01   
-1.123029E+01   
-1.123029E+01   
-1.123029E+01   
-1.123029E+01   
-1.123030E+01   
-1.123030E+01   
-1.123030E+01   
-1.123030E+01   
-1.123030E+01   
-1.123030E+01   
-1.123030E+01   
-1.123030E+01   
-1.123030E+01   
-1.123030E+01   
-1.123030E+01   
-1.123030E+01   
-1.123030E+01   
-1.123030E+01   
-1.123030E+01   
-1.123030E+01   
-1.123030E+01   
-1.123030E+01   
-1.123030E+01   
-1.123030E+01   
-1.123030E+01   
-1.123030E+01   
-1.123030E+01   
-1.123030E+01   
-1.123030E+01   
-1.123030E+01   
-1.123030E+01   
-1.123030E+01   
-1.123030E+01   
-1.123030E+01   
-1.123030E+01   
-1.123030E+01   
-1.123030E+01   
-1.123030E+01   
-1.123030E+01   
-1.123030E+01   
-1.123030E+01   
-1.123030E+01   
-1.123030E+01   
-1.123030E+01   
-1.123030E+01   
-1.123030E+01   
-1.123030E+01   
-1.123030E+01   
-1.123030E+01   
-1.123030E+01   
-1.123030E+01   
-1.123030E+01   
-1.123030E+01   
-1.123030E+01   
-1.123030E+01   
-1.123030E+01   
-1.123030E+01   
-1.123030E+01   
-1.123030E+01   
-1.123030E+01   
-1.123030E+01   
-1.123030E+01   
-1.123030E+01   
-1.123030E+01   
-1.123030E+01   
-1.123030E+01   
-1.123030E+01   
-1.123030E+01   
-1.123030E+01   
-1.123030E+01   
-1.123030E+01   
-1.123030E+01   
-1.123030E+01   
-1.123030E+01   
-1.123030E+01   
-1.123030E+01   
-1.123030E+01   
-1.123030E+01   
-1.123030E+01   
-1.123030E+01   
-1.123030E+01   
-1.123030E+01   
-1.123030E+01   
-1.123030E+01   
-1.123030E+01   
-1.123030E+01   
-1.123030E+01   
-1.123030E+01   
-1.123030E+01   
-1.123030E+01   
-1.123030E+01   
-1.123030E+01   
-1.123030E+01   
-1.123030E+01   
-1.123030E+01   
-1.123030E+01   
-1.123030E+01   
-1.123030E+01   
-1.123030E+01   
-1.123030E+01   
-1.123030E+01   
-1.123030E+01   
-1.123030E+01   
-1.123030E+01   
-1.123030E+01   
-1.123030E+01   
-1.123030E+01   
-1.123030E+01   
-1.123030E+01   
-1.123030E+01   
-1.123030E+01   
-1.123030E+01   
-1.123030E+01   
-1.123030E+01   
-1.123030E+01   
-1.123030E+01   
-1.123030E+01   
-1.123030E+01   
-1.123030E+01   
-1.123030E+01   
-1.123030E+01   
-1.123030E+01   
-1.123030E+01   
-1.123030E+01   
-1.123030E+01   
-1.123030E+01   
-1.123030E+01   
-1.123030E+01   
-1.123030E+01   
-1.123030E+01   
-1.123030E+01   
-1.123030E+01   
-1.123030E+01   
-1.123030E+01   
-1.123030E+01   
-1.123030E+01   
-1.123030E+01   
-1.123030E+01   
-1.123030E+01   
-1.123030E+01   
-1.123030E+01   
-1.123030E+01   
-1.123030E+01   
-1.123030E+01   
-1.123030E+01   
-1.123030E+01   
-1.123030E+01   
-1.123030E+01   
-1.123030E+01   
-1.123030E+01   
-1.123030E+01   
-1.123030E+01   
-1.123030E+01   
-1.123030E+01   
-1.123030E+01   
-1.123030E+01   
-1.123030E+01   
-1.123030E+01   
-1.123030E+01   
-1.123030E+01   
-1.123030E+01   
-1.123030E+01   
-1.123030E+01   
-1.123030E+01   
-1.123030E+01   
-1.123030E+01   
-1.123030E+01   
-1.123030E+01   
-1.123030E+01   
-1.123030E+01   
-1.123030E+01   
-1.123030E+01   
-1.123030E+01   
-1.123030E+01   
-1.123030E+01   
-1.123030E+01   
-1.123030E+01   
-1.123030E+01   
-1.123030E+01   
-1.123030E+01   
-1.123030E+01   
-1.123030E+01   
-1.123030E+01   
-1.123030E+01   
-1.123030E+01   
-1.123030E+01   
-1.123030E+01   
-1.123030E+01   
-1.123030E+01   
-1.123030E+01   
-1.123030E+01   
-1.123030E+01   
-1.123030E+01   
-1.123030E+01   
-1.123030E+01   
-1.123030E+01   
-1.123030E+01   
-1.123030E+01   
-1.123030E+01   
-1.123030E+01   
-1.123030E+01   
-1.123030E+01   
-1.123030E+01   
-1.123030E+01   
-1.123030E+01   
-1.123030E+01   
-1.123030E+01   
-1.123030E+01   
-1.123030E+01   
-1.123030E+01   
-1.123030E+01   
-1.123030E+01   
-1.123030E+01   
-1.123030E+01   
-1.123030E+01   
-1.123030E+01   
-1.123030E+01   
-1.123030E+01   
-1.123030E+01   
-1.123030E+01   
-1.123030E+01   
-1.123030E+01   
-1.123030E+01   
-1.123030E+01   
-1.123030E+01   
-1.123030E+01   
-1.123030E+01   
-1.123030E+01   
-1.123030E+01   
-1.123030E+01   
-1.123030E+01   
-1.123030E+01   
-1.123030E+01   
-1.123030E+01   
-1.123030E+01   
-1.123030E+01   
-1.123030E+01   
-1.123030E+01   
-1.123030E+01   
-1.123030E+01   
-1.123030E+01   
-1.123030E+01   
-1.123030E+01   
-1.123030E+01   
-1.123030E+01   
-1.123030E+01   
-1.123030E+01   
-1.123030E+01   
-1.123030E+01   
-1.123030E+01   
-1.123030E+01   
-1.123030E+01   
-1.123030E+01   
-1.123030E+01   
-1.123030E+01   
-1.123030E+01   
-1.123030E+01   
-1.123030E+01   
-1.123030E+01   
-1.123030E+01   
-1.123030E+01   
-1.123030E+01   
-1.123030E+01   
-1.123030E+01   
-1.123030E+01   
-1.123030E+01   
-1.123030E+01   
-1.123030E+01   
-1.123030E+01   
-1.123030E+01   
-1.123030E+01   
-1.123030E+01   
-1.123030E+01   
-1.123030E+01   
-1.123030E+01   
-1.123030E+01   
-1.123030E+01   
-1.123030E+01   
-1.123030E+01   
-1.123030E+01   
-1.123030E+01   
-1.123030E+01   
-1.123030E+01   
-1.123030E+01   
-1.123030E+01   
-1.123030E+01   
-1.123030E+01   
-1.123030E+01   
-1.123030E+01   
-1.123030E+01   
-1.123030E+01   
-1.123030E+01   
-1.123030E+01   
-1.123030E+01   
-1.123030E+01   
-1.123030E+01   
-1.123030E+01   
-1.123030E+01   
-1.123030E+01   
-1.123030E+01   
-1.123030E+01   
-1.123030E+01   
-1.123030E+01   
-1.123030E+01   
-1.123030E+01   
-1.123030E+01   
-1.123030E+01   
-1.123030E+01   
-1.123030E+01   
-1.123030E+01   
-1.123030E+01   
-1.123030E+01   
-1.123030E+01   
-1.123030E+01   
-1.123030E+01   
-1.123030E+01   
-1.123030E+01   
-1.123030E+01   
-1.123030E+01   
-1.123030E+01   
-1.123030E+01   
-1.123030E+01   
-1.123030E+01   
-1.123030E+01   
-1.123030E+01   
-1.123030E+01   
-1.123030E+01   
-1.123030E+01   
-1.123030E+01   
-1.123030E+01   
-1.123030E+01   
-1.123030E+01   
-1.123030E+01   
-1.123030E+01   
-1.123030E+01   
-1.123030E+01   
-1.123030E+01   
-1.123030E+01   
-1.123030E+01   
-1.123030E+01   
-1.123030E+01   
-1.123030E+01   
-1.123030E+01   
-1.123030E+01   
-1.123030E+01   
-1.123030E+01   
-1.123030E+01   
-1.123030E+01   
-1.123030E+01   
-1.123030E+01   
-1.123030E+01   
-1.123030E+01   
-1.123030E+01   
-1.123030E+01   
-1.123030E+01   
-1.123030E+01   
-1.123030E+01   
-1.123030E+01   
-1.123030E+01   
-1.123030E+01   
-1.123030E+01   
-1.123030E+01   
-1.123030E+01   
-1.123030E+01   
-1.123030E+01   
-1.123030E+01   
-1.123030E+01   
-1.123030E+01   
-1.123030E+01   
-1.123030E+01   
-1.123030E+01   
-1.123030E+01   
-1.123030E+01   
-1.123030E+01   
-1.123030E+01   
-1.123030E+01   
-1.123030E+01   
-1.123030E+01   
-1.123030E+01   
-1.123030E+01   
-1.123030E+01   
-1.123030E+01   
-1.123030E+01   
-1.123030E+01   
-1.123030E+01   
-1.123030E+01   
-1.123030E+01   
-1.123030E+01   
-1.123030E+01   
-1.123030E+01   
-1.123030E+01   
-1.123030E+01   
-1.123030E+01   
-1.123030E+01   
-1.123030E+01   
-1.123030E+01   
-1.123030E+01   
-1.123030E+01   
-1.123030E+01   
-1.123030E+01   
-1.123030E+01   
-1.123030E+01   
-1.123030E+01   
-1.123030E+01   
-1.123030E+01   
-1.123030E+01   
-1.123030E+01   
-1.123030E+01   
-1.123030E+01   
-1.123030E+01   
-1.123030E+01   
-1.123030E+01   
-1.123030E+01   
-1.123030E+01   
-1.123030E+01   
-1.123030E+01   
-1.123030E+01   
-1.123030E+01   
-1.123030E+01   
-1.123030E+01   
-1.123030E+01   
-1.123030E+01   
-1.123030E+01   
-1.123030E+01   
-1.123030E+01   
-1.123030E+01   
-1.123030E+01   
-1.123030E+01   
-1.123030E+01   
-1.123030E+01   
-1.123030E+01   
-1.123030E+01   
-1.123030E+01   
-1.123030E+01   
-1.123030E+01   
-1.123030E+01   
-1.123030E+01   
-1.123030E+01   
-1.123030E+01   
-1.123030E+01   
-1.123030E+01   
-1.123030E+01   
-1.123030E+01   
-1.123030E+01   
-1.123030E+01   
-1.123030E+01   
-1.123030E+01   
-1.123030E+01   
-1.123030E+01   
-1.123030E+01   
-1.123030E+01   
-1.123030E+01   
-1.123030E+01   
-1.123030E+01   
-1.123030E+01   
-1.123030E+01   
-1.123030E+01   
-1.123030E+01   
-1.123030E+01   
-1.123030E+01   
-1.123030E+01   
-1.123030E+01   
-1.123030E+01   
-1.123030E+01   
-1.123030E+01   
-1.123030E+01   
-1.123030E+01   
-1.123030E+01   
-1.123030E+01   
-1.123030E+01   
-1.123030E+01   
-1.123030E+01   
-1.123030E+01   
-1.123030E+01   
-1.123030E+01   
-1.123030E+01   
-1.123030E+01   
-1.123030E+01   
-1.123030E+01   
-1.123030E+01   
-1.123030E+01   
-1.123030E+01   
-1.123030E+01   
-1.123030E+01   
-1.123030E+01   
-1.123030E+01   
-1.123030E+01   
-1.123030E+01   
-1.123030E+01   
-1.123030E+01   
-1.123030E+01   
-1.123030E+01   
-1.123030E+01   
-1.123030E+01   
-1.123030E+01   
-1.123030E+01   
-1.123030E+01   
-1.123030E+01   
-1.123030E+01   
-1.123030E+01   
-1.123030E+01   
-1.123030E+01   
-1.123030E+01   
-1.123030E+01   
-1.123030E+01   
-1.123030E+01   
-1.123030E+01   
-1.123030E+01   
-1.123030E+01   
-1.123030E+01   
-1.123030E+01   
-1.123030E+01   
-1.123030E+01   
-1.123030E+01   
-1.123030E+01   
-1.123030E+01   
-1.123030E+01   
-1.123030E+01   
-1.123030E+01   
-1.123030E+01   
-1.123030E+01   
-1.123030E+01   
-1.123030E+01   
-1.123030E+01   
-1.123030E+01   
-1.123030E+01   
-1.123030E+01   
-1.123030E+01   
-1.123030E+01   
-1.123030E+01   
-1.123030E+01   
-1.123030E+01   
-1.123030E+01   
-1.123030E+01   
-1.123030E+01   
-1.123030E+01   
-1.123030E+01   
-1.123030E+01   
-1.123030E+01   
-1.123030E+01   
-1.123030E+01   
-1.123030E+01   
-1.123030E+01   
-1.123030E+01   
-1.123030E+01   
-1.123030E+01   
-1.123030E+01   
-1.123030E+01   
-1.123030E+01   
-1.123030E+01   
-1.123030E+01   
-1.123030E+01   
-1.123030E+01   
-1.123030E+01   
-1.123030E+01   
-1.123030E+01   
-1.123030E+01   
-1.123030E+01   
-1.123030E+01   
-1.123030E+01   
-1.123030E+01   
-1.123030E+01   
-1.123030E+01   
-1.123030E+01   
-1.123030E+01   
-1.123030E+01   
-1.123030E+01   
-1.123030E+01   
-1.123030E+01   
-1.123030E+01   
-1.123030E+01   
-1.123030E+01   
-1.123030E+01   
-1.123030E+01   
-1.123030E+01   
-1.123030E+01   
-1.123030E+01   
-1.123030E+01   
-1.123030E+01   
-1.123030E+01   
-1.123030E+01   
-1.123030E+01   
-1.123030E+01   
-1.123030E+01   
-1.123030E+01   
-1.123030E+01   
-1.123030E+01   
-1.123030E+01   
-1.123030E+01   
-1.123030E+01   
-1.123030E+01   
-1.123030E+01   
-1.123030E+01   
-1.123030E+01   
-1.123030E+01   
-1.123030E+01   
-1.123030E+01   
-1.123030E+01   
-1.123030E+01   
-1.123030E+01   
-1.123030E+01   
-1.123030E+01   
-1.123030E+01   
-1.123030E+01   
-1.123030E+01   
-1.123030E+01   
-1.123030E+01   
-1.123030E+01   
-1.123030E+01   
-1.123030E+01   
-1.123030E+01   
-1.123030E+01   
-1.123030E+01   
-1.123030E+01   
-1.123030E+01   
-1.123030E+01   
-1.123030E+01   
-1.123030E+01   
-1.123030E+01   
-1.123030E+01   
-1.123030E+01   
-1.123030E+01   
-1.123030E+01   
-1.123030E+01   
-1.123030E+01   
-1.123030E+01   
-1.123030E+01   
-1.123030E+01   
-1.123030E+01   
-1.123030E+01   
-1.123030E+01   
-1.123030E+01   
-1.123030E+01   
-1.123030E+01   
-1.123030E+01   
-1.123030E+01   
-1.123030E+01   
-1.123030E+01   
-1.123030E+01   
-1.123030E+01   
-1.123030E+01   
-1.123030E+01   
-1.123030E+01   
-1.123030E+01   
-1.123030E+01   
-1.123030E+01   
-1.123030E+01   
-1.123030E+01   
-1.123030E+01   
-1.123030E+01   
-1.123030E+01   
-1.123030E+01   
-1.123030E+01   
-1.123030E+01   
-1.123030E+01   
-1.123030E+01   
-1.123030E+01   
-1.123030E+01   
-1.123030E+01   
-1.123030E+01   
-1.123030E+01   
-1.123030E+01   
-1.123030E+01   
-1.123030E+01   
-1.123030E+01   
-1.123030E+01   
-1.123030E+01   
-1.123030E+01   
-1.123030E+01   
-1.123030E+01   
-1.123030E+01   
-1.123030E+01   
-1.123030E+01   
-1.123030E+01   
-1.123030E+01   
-1.123030E+01   
-1.123030E+01   
-1.123030E+01   
-1.123030E+01   
-1.123030E+01   
-1.123030E+01   
-1.123030E+01   
-1.123030E+01   
-1.123030E+01   
-1.123030E+01   
-1.123030E+01   
-1.123030E+01   
-1.123030E+01   
-1.123030E+01   
-1.123030E+01   
-1.123030E+01   
-1.123030E+01   
-1.123030E+01   
-1.123030E+01   
-1.123030E+01   
-1.123030E+01   
-1.123030E+01   
-1.123030E+01   
-1.123030E+01   
-1.123030E+01   
-1.123030E+01   
-1.123030E+01   
-1.123030E+01   
-1.123030E+01   
-1.123030E+01   
-1.123030E+01   
-1.123030E+01   
-1.123030E+01   
-1.123030E+01   
-1.123030E+01   
-1.123030E+01   
-1.123030E+01   
-1.123030E+01   
-1.123030E+01   
-1.123030E+01   
-1.123030E+01   
-1.123030E+01   
-1.123030E+01   
-1.123030E+01   
-1.123030E+01   
-1.123030E+01   
-1.123030E+01   
-1.123030E+01   
-1.123030E+01   
-1.123030E+01   
-1.123030E+01   
-1.123030E+01   
-1.123030E+01   
-1.123030E+01   
-1.123030E+01   
-1.123030E+01   
-1.123030E+01   
-1.123030E+01   
-1.123030E+01   
-1.123030E+01   
-1.123030E+01   
-1.123030E+01   
-1.123030E+01   
-1.123030E+01   
-1.123030E+01   
-1.123030E+01   
-1.123030E+01   
-1.123030E+01   
-1.123030E+01   
-1.123030E+01   
-1.123030E+01   
-1.123030E+01   
-1.123030E+01   
-1.123030E+01   
-1.123030E+01   
-1.123030E+01   
-1.123030E+01   
-1.123030E+01   
-1.123030E+01   
-1.123030E+01   
-1.123030E+01   
-1.123030E+01   
-1.123030E+01   
-1.123030E+01   
-1.123030E+01   
-1.123030E+01   
-1.123030E+01   
-1.123030E+01   
-1.123030E+01   
-1.123030E+01   
-1.123030E+01   
-1.123030E+01   
-1.123030E+01   
-1.123030E+01   
-1.123030E+01   
-1.123030E+01   
-1.123030E+01   
-1.123030E+01   
-1.123030E+01   
-1.123030E+01   
-1.123030E+01   
-1.123030E+01   
-1.123030E+01   
-1.123030E+01   
-1.123030E+01   
-1.123030E+01   
-1.123030E+01   
-1.123030E+01   
-1.123030E+01   
-1.123030E+01   
-1.123030E+01   
-1.123030E+01   
-1.123030E+01   
-1.123030E+01   
-1.123030E+01   
-1.123030E+01   
-1.123030E+01   
-1.123030E+01   
-1.123030E+01   
-1.123030E+01   
-1.123030E+01   
-1.123030E+01   
-1.123030E+01   
-1.123030E+01   
-1.123030E+01   
-1.123030E+01   
-1.123030E+01   
-1.123030E+01   
-1.123030E+01   
-1.123030E+01   
-1.123030E+01   
-1.123030E+01   
-1.123030E+01   
-1.123030E+01   
-1.123030E+01   
-1.123030E+01   
-1.123030E+01   
-1.123030E+01   
-1.123030E+01   
-1.123030E+01   
-1.123030E+01   
-1.123030E+01   
-1.123030E+01   
-1.123030E+01   
-1.123030E+01   
-1.123030E+01   
-1.123030E+01   
-1.123030E+01   
-1.123030E+01   
-1.123030E+01   
-1.123030E+01   
-1.123030E+01   
-1.123030E+01   
-1.123030E+01   
-1.123030E+01   
-1.123030E+01   
-1.123030E+01   
-1.123030E+01   
-1.123030E+01   
-1.123030E+01   
-1.123030E+01   
-1.123030E+01   
-1.123030E+01   
-1.123030E+01   
-1.123030E+01   
-1.123030E+01   
-1.123030E+01   
-1.123030E+01   
-1.123030E+01   
-1.123030E+01   
-1.123030E+01   
-1.123030E+01   
-1.123030E+01   
-1.123030E+01   
-1.123030E+01   
-1.123030E+01   
-1.123030E+01   
-1.123030E+01   
-1.123030E+01   
-1.123030E+01   
-1.123030E+01   
-1.123030E+01   
-1.123030E+01   
-1.123030E+01   
-1.123030E+01   
-1.123030E+01   
-1.123030E+01   
-1.123030E+01   
-1.123030E+01   
-1.123030E+01   
-1.123030E+01   
-1.123030E+01   
-1.123030E+01   
-1.123030E+01   
-1.123030E+01   
-1.123030E+01   
-1.123030E+01   
-1.123030E+01   
-1.123030E+01   
-1.123030E+01   
-1.123030E+01   
-1.123030E+01   
-1.123030E+01   
-1.123030E+01   
-1.123030E+01   
-1.123030E+01   
-1.123030E+01   
-1.123030E+01   
-1.123030E+01   
-1.123030E+01   
-1.123030E+01   
-1.123030E+01   
-1.123030E+01   
-1.123030E+01   
-1.123030E+01   
-1.123030E+01   
-1.123030E+01   
-1.123030E+01   
-1.123030E+01   
-1.123030E+01   
-1.123030E+01   
-1.123030E+01   
-1.123030E+01   
-1.123030E+01   
-1.123030E+01   
-1.123030E+01   
-1.123030E+01   
-1.123030E+01   
-1.123030E+01   
-1.123030E+01   
-1.123030E+01   
-1.123030E+01   
-1.123030E+01   
-1.123030E+01   
-1.123030E+01   
-1.123030E+01   
-1.123030E+01   
-1.123030E+01   
-1.123030E+01   
-1.123030E+01   
-1.123030E+01   
-1.123030E+01   
-1.123030E+01   
-1.123030E+01   
-1.123030E+01   
-1.123030E+01   
-1.123030E+01   
-1.123030E+01   
-1.123030E+01   
-1.123030E+01   
-1.123030E+01   
-1.123030E+01   
-1.123030E+01   
-1.123030E+01   
-1.123030E+01   
-1.123030E+01   
-1.123030E+01   
-1.123030E+01   
-1.123030E+01   
-1.123030E+01   
-1.123030E+01   
-1.123030E+01   
-1.123030E+01   
-1.123030E+01   
-1.123030E+01   
-1.123030E+01   
-1.123030E+01   
-1.123030E+01   
-1.123030E+01   
-1.123030E+01   
-1.123030E+01   
-1.123030E+01   
-1.123030E+01   
-1.123030E+01   
-1.123030E+01   
-1.123030E+01   
-1.123030E+01   
-1.123030E+01   
-1.123030E+01   
-1.123030E+01   
-1.123030E+01   
-1.123030E+01   
-1.123030E+01   
-1.123030E+01   
-1.123030E+01   
-1.123030E+01   
-1.123030E+01   
-1.123030E+01   
-1.123030E+01   
-1.123030E+01   
-1.123030E+01   
-1.123030E+01   
-1.123030E+01   
-1.123030E+01   
-1.123030E+01   
-1.123030E+01   
-1.123030E+01   
-1.123030E+01   
-1.123030E+01   
-1.123030E+01   
-1.123030E+01   
-1.123030E+01   
-1.123030E+01   
-1.123030E+01   
-1.123030E+01   
-1.123030E+01   
-1.123030E+01   
-1.123030E+01   
-1.123030E+01   
-1.123030E+01   
-1.123030E+01   
-1.123030E+01   
-1.123030E+01   
-1.123030E+01   
-1.123030E+01   
-1.123030E+01   
-1.123030E+01   
-1.123030E+01   
-1.123030E+01   
-1.123030E+01   
-1.123030E+01   
-1.123030E+01   
-1.123030E+01   
-1.123030E+01   
-1.123030E+01   
-1.123030E+01   
-1.123030E+01   
-1.123030E+01   
-1.123030E+01   
-1.123030E+01   
-1.123030E+01   
-1.123030E+01   
-1.123030E+01   
-1.123030E+01   
-1.123030E+01   
-1.123030E+01   
-1.123030E+01   
-1.123030E+01   
-1.123030E+01   
-1.123030E+01   
-1.123030E+01   
-1.123030E+01   
-1.123030E+01   
-1.123030E+01   
-1.123030E+01   
-1.123030E+01   
-1.123030E+01   
-1.123030E+01   
-1.123030E+01   
-1.123030E+01   
-1.123030E+01   
-1.123030E+01   
-1.123030E+01   
-1.123030E+01   
-1.123030E+01   
-1.123030E+01   
-1.123030E+01   
-1.123030E+01   
-1.123030E+01   
-1.123030E+01   
-1.123030E+01   
-1.123030E+01   
-1.123030E+01   
-1.123030E+01   
-1.123030E+01   
-1.123030E+01   
-1.123030E+01   
-1.123030E+01   
-1.123030E+01   
-1.123030E+01   
-1.123030E+01   
-1.123030E+01   
-1.123030E+01   
-1.123030E+01   
-1.123030E+01   
-1.123030E+01   
-1.123030E+01   
-1.123030E+01   
-1.123030E+01   
-1.123030E+01   
-1.123030E+01   
-1.123030E+01   
-1.123030E+01   
-1.123030E+01   
-1.123030E+01   
-1.123030E+01   
-1.123030E+01   
-1.123030E+01   
-1.123030E+01   
-1.123030E+01   
-1.123030E+01   
-1.123030E+01   
-1.123030E+01   
-1.123030E+01   
-1.123030E+01   
-1.123030E+01   
-1.123030E+01   
-1.123030E+01   
-1.123030E+01   
-1.123030E+01   
-1.123030E+01   
-1.123030E+01   
-1.123030E+01   
-1.123030E+01   
-1.123030E+01   
-1.123030E+01   
-1.123030E+01   
-1.123030E+01   
-1.123030E+01   
-1.123030E+01   
-1.123030E+01   
-1.123030E+01   
-1.123030E+01   
-1.123030E+01   
-1.123030E+01   
-1.123030E+01   
-1.123030E+01   
-1.123030E+01   
-1.123030E+01   
-1.123030E+01   
-1.123030E+01   
-1.123030E+01   
-1.123030E+01   
-1.123030E+01   
-1.123030E+01   
-1.123030E+01   
-1.123030E+01   
-1.123030E+01   
-1.123030E+01   
-1.123030E+01   
-1.123030E+01   
-1.123030E+01   
-1.123030E+01   
-1.123030E+01   
-1.123030E+01   
-1.123030E+01   
-1.123030E+01   
-1.123030E+01   
-1.123030E+01   
-1.123030E+01   
-1.123030E+01   
-1.123030E+01   
-1.123030E+01   
-1.123030E+01   
-1.123030E+01   
-1.123030E+01   
-1.123030E+01   
-1.123030E+01   
-1.123030E+01   
-1.123030E+01   
-1.123030E+01   
-1.123030E+01   
-1.123030E+01   
-1.123030E+01   
-1.123030E+01   
-1.123030E+01   
-1.123030E+01   
-1.123030E+01   
-1.123030E+01   
-1.123030E+01   
-1.123030E+01   
-1.123030E+01   
-1.123030E+01   
-1.123030E+01   
-1.123030E+01   
-1.123030E+01   
-1.123030E+01   
-1.123030E+01   
-1.123030E+01   
-1.123030E+01   
-1.123030E+01   
-1.123030E+01   
-1.123030E+01   
-1.123030E+01   
-1.123030E+01   
-1.123030E+01   
-1.123030E+01   
-1.123030E+01   
-1.123030E+01   
-1.123030E+01   
-1.123030E+01   
-1.123030E+01   
-1.123030E+01   
-1.123030E+01   
-1.123030E+01   
-1.123030E+01   
-1.123030E+01   
-1.123030E+01   
-1.123030E+01   
-1.123030E+01   
-1.123030E+01   
-1.123030E+01   
-1.123030E+01   
-1.123030E+01   
-1.123030E+01   
-1.123030E+01   
-1.123030E+01   
-1.123030E+01   
-1.123030E+01   
-1.123030E+01   
-1.123030E+01   
-1.123030E+01   
-1.123030E+01   
-1.123030E+01   
-1.123030E+01   
-1.123030E+01   
-1.123030E+01   
-1.123030E+01   
-1.123030E+01   
-1.123030E+01   
-1.123030E+01   
-1.123030E+01   
-1.123030E+01   
-1.123030E+01   
-1.123030E+01   
-1.123030E+01   
-1.123030E+01   
-1.123030E+01   
-1.123030E+01   
-1.123030E+01   
-1.123030E+01   
-1.123030E+01   
-1.123030E+01   
-1.123030E+01   
-1.123030E+01   
-1.123030E+01   
-1.123030E+01   
-1.123030E+01   
-1.123030E+01   
-1.123030E+01   
-1.123030E+01   
-1.123030E+01   
-1.123030E+01   
-1.123030E+01   
-1.123030E+01   
-1.123030E+01   
-1.123030E+01   
-1.123030E+01   
-1.123030E+01   
-1.123030E+01   
-1.123030E+01   
-1.123030E+01   
-1.123030E+01   
-1.123030E+01   
-1.123030E+01   
-1.123030E+01   
-1.123030E+01   
-1.123030E+01   
-1.123030E+01   
-1.123030E+01   
-1.123030E+01   
-1.123030E+01   
-1.123030E+01   
-1.123030E+01   
-1.123030E+01   
-1.123030E+01   
-1.123030E+01   
-1.123030E+01   
-1.123030E+01   
-1.123030E+01   
-1.123030E+01   
-1.123030E+01   
-1.123030E+01   
-1.123030E+01   
-1.123030E+01   
-1.123030E+01   
-1.123030E+01   
-1.123030E+01   
-1.123030E+01   
-1.123030E+01   
-1.123030E+01   
-1.123030E+01   
-1.123030E+01   
-1.123030E+01   
-1.123030E+01   
-1.123030E+01   
-1.123030E+01   
-1.123030E+01   
-1.123030E+01   
-1.123030E+01   
-1.123030E+01   
-1.123030E+01   
-1.123030E+01   
-1.123030E+01   
-1.123030E+01   
-1.123030E+01   
-1.123030E+01   
-1.123030E+01   
-1.123030E+01   
-1.123030E+01   
-1.123030E+01   
-1.123030E+01   
-1.123030E+01   
-1.123030E+01   
-1.123030E+01   
-1.123030E+01   
-1.123030E+01   
-1.123030E+01   
-1.123030E+01   
-1.123030E+01   
-1.123030E+01   
-1.123030E+01   
-1.123030E+01   
-1.123030E+01   
-1.123030E+01   
-1.123030E+01   
-1.123030E+01   
-1.123030E+01   
-1.123030E+01   
-1.123030E+01   
-1.123030E+01   
-1.123030E+01   
-1.123030E+01   
-1.123030E+01   
-1.123030E+01   
-1.123030E+01   
-1.123030E+01   
-1.123030E+01   
-1.123030E+01   
-1.123030E+01   
-1.123030E+01   
-1.123030E+01   
-1.123030E+01   
-1.123030E+01   
-1.123030E+01   
-1.123030E+01   
-1.123030E+01   
-1.123030E+01   
-1.123030E+01   
-1.123030E+01   
-1.123030E+01   
-1.123030E+01   
-1.123030E+01   
-1.123030E+01   
-1.123030E+01   
-1.123030E+01   
-1.123030E+01   
-1.123030E+01   
-1.123030E+01   
-1.123030E+01   
-1.123030E+01   
-1.123030E+01   
-1.123030E+01   
-1.123030E+01   
-1.123030E+01   
-1.123030E+01   
-1.123030E+01   
-1.123030E+01   
-1.123030E+01   
-1.123030E+01   
-1.123030E+01   
-1.123030E+01   
-1.123030E+01   
-1.123030E+01   
-1.123030E+01   
-1.123030E+01   
-1.123030E+01   
-1.123030E+01   
-1.123030E+01   
-1.123030E+01   
-1.123030E+01   
-1.123030E+01   
-1.123030E+01   
-1.123030E+01   
-1.123030E+01   
-1.123030E+01   
-1.123030E+01   
-1.123030E+01   
-1.123030E+01   
-1.123030E+01   
-1.123030E+01   
-1.123030E+01   
-1.123030E+01   
-1.123030E+01   
-1.123030E+01   
-1.123030E+01   
-1.123030E+01   
-1.123030E+01   
-1.123030E+01   
-1.123030E+01   
-1.123030E+01   
-1.123030E+01   
-1.123030E+01   
-1.123030E+01   
-1.123030E+01   
-1.123030E+01   
-1.123030E+01   
-1.123030E+01   
-1.123030E+01   
-1.123030E+01   
-1.123030E+01   
-1.123030E+01   
-1.123030E+01   
-1.123030E+01   
-1.123030E+01   
-1.123030E+01   
-1.123030E+01   
-1.123030E+01   
-1.123030E+01   
-1.123030E+01   
-1.123030E+01   
-1.123030E+01   
-1.123030E+01   
-1.123030E+01   
-1.123030E+01   
-1.123030E+01   
-1.123030E+01   
-1.123030E+01   
-1.123030E+01   
-1.123030E+01   
-1.123030E+01   
-1.123030E+01   
-1.123030E+01   
-1.123030E+01   
-1.123030E+01   
-1.123030E+01   
-1.123030E+01   
-1.123030E+01   
-1.123030E+01   
-1.123030E+01   
-1.123030E+01   
-1.123030E+01   
-1.123030E+01   
-1.123030E+01   
-1.123030E+01   
-1.123030E+01   
-1.123030E+01   
-1.123030E+01   
-1.123030E+01   
-1.123030E+01   
-1.123030E+01   
-1.123030E+01   
-1.123030E+01   
-1.123030E+01   
-1.123030E+01   
-1.123030E+01   
-1.123030E+01   
-1.123030E+01   
-1.123030E+01   
-1.123030E+01   
-1.123030E+01   
-1.123030E+01   
-1.123030E+01   
-1.123030E+01   
-1.123030E+01   
-1.123030E+01   
-1.123030E+01   
-1.123030E+01   
-1.123030E+01   
-1.123030E+01   
-1.123030E+01   
-1.123030E+01   
-1.123030E+01   
-1.123030E+01   
-1.123030E+01   
-1.123030E+01   
-1.123030E+01   
-1.123030E+01   
-1.123030E+01   
-1.123030E+01   
-1.123030E+01   
-1.123030E+01   
-1.123030E+01   
-1.123030E+01   
-1.123030E+01   
-1.123030E+01   
-1.123030E+01   
-1.123030E+01   
-1.123030E+01   
-1.123030E+01   
-1.123030E+01   
-1.123030E+01   
-1.123030E+01   
-1.123030E+01   
-1.123030E+01   
-1.123030E+01   
-1.123030E+01   
-1.123030E+01   
-1.123030E+01   
-1.123030E+01   
-1.123030E+01   
-1.123030E+01   
-1.123030E+01   
-1.123030E+01   
-1.123030E+01   
-1.123030E+01   
-1.123030E+01   
-1.123030E+01   
-1.123030E+01   
-1.123030E+01   
-1.123030E+01   
-1.123030E+01   
-1.123030E+01   
-1.123030E+01   
-1.123030E+01   
-1.123030E+01   
-1.123030E+01   
-1.123030E+01   
-1.123030E+01   
-1.123030E+01   
-1.123030E+01   
-1.123030E+01   
-1.123030E+01   
-1.123030E+01   
-1.123030E+01   
-1.123030E+01   
-1.123030E+01   
-1.123030E+01   
-1.123030E+01   
-1.123030E+01   
-1.123030E+01   
-1.123030E+01   
-1.123030E+01   
-1.123030E+01   
-1.123030E+01   
-1.123030E+01   
-1.123030E+01   
-1.123030E+01   
-1.123030E+01   
-1.123030E+01   
-1.123030E+01   
-1.123030E+01   
-1.123030E+01   
-1.123030E+01   
-1.123030E+01   
-1.123030E+01   
-1.123030E+01   
-1.123030E+01   
-1.123030E+01   
-1.123030E+01   
-1.123030E+01   
-1.123030E+01   
-1.123030E+01   
-1.123030E+01   
-1.123030E+01   
-1.123030E+01   
-1.123030E+01   
-1.123030E+01   
-1.123030E+01   
-1.123030E+01   
-1.123030E+01   
-1.123030E+01   
-1.123030E+01   
-1.123030E+01   
-1.123030E+01   
-1.123030E+01   
-1.123030E+01   
-1.123030E+01   
-1.123030E+01   
-1.123030E+01   
-1.123030E+01   
-1.123030E+01   
-1.123030E+01   
-1.123030E+01   
-1.123030E+01   
-1.123030E+01   
-1.123030E+01   
-1.123030E+01   
-1.123030E+01   
-1.123030E+01   
-1.123030E+01   
-1.123030E+01   
-1.123030E+01   
-1.123030E+01   
-1.123030E+01   
-1.123030E+01   
-1.123030E+01   
-1.123030E+01   
-1.123030E+01   
-1.123030E+01   
-1.123030E+01   
-1.123030E+01   
-1.123030E+01   
-1.123030E+01   
-1.123030E+01   
-1.123030E+01   
-1.123030E+01   
-1.123030E+01   
-1.123030E+01   
-1.123030E+01   
-1.123030E+01   
-1.123030E+01   
-1.123030E+01   
-1.123030E+01   
-1.123030E+01   
-1.123030E+01   
-1.123030E+01   
-1.123030E+01   
-1.123030E+01   
-1.123030E+01   
-1.123030E+01   
-1.123030E+01   
-1.123030E+01   
-1.123030E+01   
-1.123030E+01   
-1.123030E+01   
-1.123030E+01   
-1.123030E+01   
-1.123030E+01   
-1.123030E+01   
-1.123030E+01   
-1.123030E+01   
-1.123030E+01   
-1.123030E+01   
-1.123030E+01   
-1.123030E+01   
-1.123030E+01   
-1.123030E+01   
-1.123030E+01   
-1.123030E+01   
-1.123030E+01   
-1.123030E+01   
-1.123030E+01   
-1.123030E+01   
-1.123030E+01   
-1.123030E+01   
-1.123030E+01   
-1.123030E+01   
-1.123030E+01   
-1.123030E+01   
-1.123030E+01   
-1.123030E+01   
-1.123030E+01   
-1.123030E+01   
-1.123030E+01   
-1.123030E+01   
-1.123030E+01   
-1.123030E+01   
-1.123030E+01   
-1.123030E+01   
-1.123030E+01   
-1.123030E+01   
-1.123030E+01   
-1.123030E+01   
-1.123030E+01   
-1.123030E+01   
-1.123030E+01   
-1.123030E+01   
-1.123030E+01   
-1.123030E+01   
-1.123030E+01   
-1.123030E+01   
-1.123030E+01   
-1.123030E+01   
-1.123030E+01   
-1.123030E+01   
-1.123030E+01   
-1.123030E+01   
-1.123030E+01   
-1.123030E+01   
-1.123030E+01   
-1.123030E+01   
-1.123030E+01   
-1.123030E+01   
-1.123030E+01   
-1.123030E+01   
-1.123030E+01   
-1.123030E+01   
-1.123030E+01   
-1.123030E+01   
-1.123030E+01   
-1.123030E+01   
-1.123030E+01   
-1.123030E+01   
-1.123030E+01   
-1.123030E+01   
-1.123030E+01   
-1.123030E+01   
-1.123030E+01   
-1.123030E+01   
-1.123030E+01   
-1.123030E+01   
-1.123030E+01   
-1.123030E+01   
-1.123030E+01   
-1.123030E+01   
-1.123030E+01   
-1.123030E+01   
-1.123030E+01   
-1.123030E+01   
-1.123030E+01   
-1.123030E+01   
-1.123030E+01   
-1.123030E+01   
-1.123030E+01   
-1.123030E+01   
-1.123030E+01   
-1.123030E+01   
-1.123030E+01   
-1.123030E+01   
-1.123030E+01   
-1.123030E+01   
-1.123030E+01   
-1.123030E+01   
-1.123030E+01   
-1.123030E+01   
-1.123030E+01   
-1.123030E+01   
-1.123030E+01   
-1.123030E+01   
-1.123030E+01   
-1.123030E+01   
-1.123030E+01   
-1.123030E+01   
-1.123030E+01   
-1.123030E+01   
-1.123030E+01   
-1.123030E+01   
-1.123030E+01   
-1.123030E+01   
-1.123030E+01   
-1.123030E+01   
-1.123030E+01   
-1.123030E+01   
-1.123030E+01   
-1.123030E+01   
-1.123030E+01   
-1.123030E+01   
-1.123030E+01   
-1.123030E+01   
-1.123030E+01   
-1.123030E+01   
-1.123030E+01   
-1.123030E+01   
-1.123030E+01   
-1.123030E+01   
-1.123030E+01   
-1.123030E+01   
-1.123030E+01   
-1.123030E+01   
-1.123030E+01   
-1.123030E+01   
-1.123030E+01   
-1.123030E+01   
-1.123030E+01   
-1.123030E+01   
-1.123030E+01   
-1.123030E+01   
-1.123030E+01   
-1.123030E+01   
-1.123030E+01   
-1.123030E+01   
-1.123030E+01   
-1.123030E+01   
-1.123030E+01   
-1.123030E+01   
-1.123030E+01   
-1.123030E+01   
-1.123030E+01   
-1.123030E+01   
-1.123030E+01   
-1.123030E+01   
-1.123030E+01   
-1.123030E+01   
-1.123030E+01   
-1.123030E+01   
-1.123030E+01   
-1.123030E+01   
-1.123030E+01   
-1.123030E+01   
-1.123030E+01   
