 4.613620E-03   
 6.051618E-03   
 6.260238E-03   
 5.307746E-03   
 3.262834E-03   
 1.912011E-04   
-3.843163E-03   
-8.777946E-03   
-1.455248E-02   
-2.110770E-02   
-2.838615E-02   
-3.633189E-02   
-4.489052E-02   
-5.400916E-02   
-6.363637E-02   
-7.372218E-02   
-8.421804E-02   
-9.507678E-02   
-1.062526E-01   
-1.177012E-01   
-1.293794E-01   
-1.412454E-01   
-1.532589E-01   
-1.653806E-01   
-1.775725E-01   
-1.897981E-01   
-2.020218E-01   
-2.142095E-01   
-2.263281E-01   
-2.383456E-01   
-2.502315E-01   
-2.619562E-01   
-2.734912E-01   
-2.848093E-01   
-2.958842E-01   
-3.066909E-01   
-3.172054E-01   
-3.274048E-01   
-3.372671E-01   
-3.467715E-01   
-3.558982E-01   
-3.646284E-01   
-3.729443E-01   
-3.808291E-01   
-3.882670E-01   
-3.952432E-01   
-4.017437E-01   
-4.077557E-01   
-4.132670E-01   
-4.182667E-01   
-4.227446E-01   
-4.266913E-01   
-4.300984E-01   
-4.329586E-01   
-4.352649E-01   
-4.370118E-01   
-4.381942E-01   
-4.388078E-01   
-4.388495E-01   
-4.383166E-01   
-4.372074E-01   
-4.355208E-01   
-4.332568E-01   
-4.304157E-01   
-4.269988E-01   
-4.230081E-01   
-4.184463E-01   
-4.133167E-01   
-4.076234E-01   
-4.013711E-01   
-3.945652E-01   
-3.872115E-01   
-3.793168E-01   
-3.708882E-01   
-3.619337E-01   
-3.524614E-01   
-3.424805E-01   
-3.320003E-01   
-3.210309E-01   
-3.095829E-01   
-2.976672E-01   
-2.852954E-01   
-2.724794E-01   
-2.592317E-01   
-2.455651E-01   
-2.314930E-01   
-2.170290E-01   
-2.021871E-01   
-1.869818E-01   
-1.714279E-01   
-1.555404E-01   
-1.393349E-01   
-1.228271E-01   
-1.060329E-01   
-8.896865E-02   
-7.165090E-02   
-5.409640E-02   
-3.632211E-02   
-1.834520E-02   
-1.830345E-04   
 1.814688E-02   
 3.662689E-02   
 5.523921E-02   
 7.396594E-02   
 9.278909E-02   
 1.116906E-01   
 1.306524E-01   
 1.496562E-01   
 1.686839E-01   
 1.877172E-01   
 2.067381E-01   
 2.257283E-01   
 2.446696E-01   
 2.635442E-01   
 2.823338E-01   
 3.010207E-01   
 3.195870E-01   
 3.380151E-01   
 3.562874E-01   
 3.743865E-01   
 3.922953E-01   
 4.099966E-01   
 4.274737E-01   
 4.447100E-01   
 4.616890E-01   
 4.783945E-01   
 4.948107E-01   
 5.109220E-01   
 5.267129E-01   
 5.421684E-01   
 5.572739E-01   
 5.720147E-01   
 5.863768E-01   
 6.003466E-01   
 6.139104E-01   
 6.270554E-01   
 6.397688E-01   
 6.520384E-01   
 6.638522E-01   
 6.751988E-01   
 6.860672E-01   
 6.964466E-01   
 7.063269E-01   
 7.156983E-01   
 7.245514E-01   
 7.328775E-01   
 7.406681E-01   
 7.479153E-01   
 7.546116E-01   
 7.607500E-01   
 7.663241E-01   
 7.713278E-01   
 7.757557E-01   
 7.796027E-01   
 7.828644E-01   
 7.855367E-01   
 7.876162E-01   
 7.890999E-01   
 7.899853E-01   
 7.902705E-01   
 7.899541E-01   
 7.890351E-01   
 7.875131E-01   
 7.853884E-01   
 7.826615E-01   
 7.793335E-01   
 7.754062E-01   
 7.708818E-01   
 7.657628E-01   
 7.600526E-01   
 7.537547E-01   
 7.468735E-01   
 7.394136E-01   
 7.313802E-01   
 7.227789E-01   
 7.136159E-01   
 7.038979E-01   
 6.936319E-01   
 6.828255E-01   
 6.714868E-01   
 6.596241E-01   
 6.472464E-01   
 6.343631E-01   
 6.209838E-01   
 6.071188E-01   
 5.927787E-01   
 5.779745E-01   
 5.627176E-01   
 5.470196E-01   
 5.308928E-01   
 5.143496E-01   
 4.974029E-01   
 4.800658E-01   
 4.623519E-01   
 4.442749E-01   
 4.258490E-01   
 4.070886E-01   
 3.880084E-01   
 3.686233E-01   
 3.489485E-01   
 3.289995E-01   
 3.087920E-01   
 2.883418E-01   
 2.676650E-01   
 2.467780E-01   
 2.256971E-01   
 2.044390E-01   
 1.830204E-01   
 1.614583E-01   
 1.397696E-01   
 1.179714E-01   
 9.608090E-02   
 7.411545E-02   
 5.209235E-02   
 3.002898E-02   
 7.942753E-03   
-1.414890E-02   
-3.622855E-02   
-5.827877E-02   
-8.028216E-02   
-1.022214E-01   
-1.240791E-01   
-1.458381E-01   
-1.674813E-01   
-1.889915E-01   
-2.103518E-01   
-2.315455E-01   
-2.525559E-01   
-2.733663E-01   
-2.939606E-01   
-3.143224E-01   
-3.344358E-01   
-3.542851E-01   
-3.738546E-01   
-3.931290E-01   
-4.120933E-01   
-4.307326E-01   
-4.490324E-01   
-4.669784E-01   
-4.845565E-01   
-5.017532E-01   
-5.185550E-01   
-5.349489E-01   
-5.509221E-01   
-5.664624E-01   
-5.815577E-01   
-5.961964E-01   
-6.103671E-01   
-6.240591E-01   
-6.372617E-01   
-6.499650E-01   
-6.621593E-01   
-6.738352E-01   
-6.849839E-01   
-6.955971E-01   
-7.056667E-01   
-7.151853E-01   
-7.241457E-01   
-7.325412E-01   
-7.403659E-01   
-7.476139E-01   
-7.542800E-01   
-7.603594E-01   
-7.658480E-01   
-7.707418E-01   
-7.750376E-01   
-7.787325E-01   
-7.818243E-01   
-7.843110E-01   
-7.861912E-01   
-7.874642E-01   
-7.881295E-01   
-7.881872E-01   
-7.876380E-01   
-7.864829E-01   
-7.847235E-01   
-7.823620E-01   
-7.794007E-01   
-7.758429E-01   
-7.716920E-01   
-7.669519E-01   
-7.616273E-01   
-7.557229E-01   
-7.492443E-01   
-7.421973E-01   
-7.345881E-01   
-7.264237E-01   
-7.177112E-01   
-7.084582E-01   
-6.986728E-01   
-6.883636E-01   
-6.775395E-01   
-6.662098E-01   
-6.543843E-01   
-6.420730E-01   
-6.292866E-01   
-6.160359E-01   
-6.023321E-01   
-5.881870E-01   
-5.736124E-01   
-5.586207E-01   
-5.432245E-01   
-5.274368E-01   
-5.112708E-01   
-4.947400E-01   
-4.778584E-01   
-4.606400E-01   
-4.430993E-01   
-4.252507E-01   
-4.071092E-01   
-3.886899E-01   
-3.700081E-01   
-3.510792E-01   
-3.319190E-01   
-3.125433E-01   
-2.929681E-01   
-2.732096E-01   
-2.532841E-01   
-2.332081E-01   
-2.129979E-01   
-1.926703E-01   
-1.722421E-01   
-1.517298E-01   
-1.311504E-01   
-1.105208E-01   
-8.985781E-02   
-6.917833E-02   
-4.849929E-02   
-2.783756E-02   
-7.210000E-03   
 1.336658E-02   
 3.387542E-02   
 5.429983E-02   
 7.462323E-02   
 9.482910E-02   
 1.149010E-01   
 1.348228E-01   
 1.545782E-01   
 1.741514E-01   
 1.935264E-01   
 2.126877E-01   
 2.316197E-01   
 2.503073E-01   
 2.687353E-01   
 2.868891E-01   
 3.047539E-01   
 3.223155E-01   
 3.395598E-01   
 3.564731E-01   
 3.730417E-01   
 3.892524E-01   
 4.050925E-01   
 4.205492E-01   
 4.356102E-01   
 4.502637E-01   
 4.644980E-01   
 4.783019E-01   
 4.916645E-01   
 5.045752E-01   
 5.170240E-01   
 5.290011E-01   
 5.404971E-01   
 5.515030E-01   
 5.620104E-01   
 5.720110E-01   
 5.814972E-01   
 5.904617E-01   
 5.988976E-01   
 6.067985E-01   
 6.141585E-01   
 6.209720E-01   
 6.272339E-01   
 6.329396E-01   
 6.380849E-01   
 6.426662E-01   
 6.466802E-01   
 6.501242E-01   
 6.529958E-01   
 6.552931E-01   
 6.570150E-01   
 6.581604E-01   
 6.587289E-01   
 6.587206E-01   
 6.581360E-01   
 6.569762E-01   
 6.552425E-01   
 6.529369E-01   
 6.500618E-01   
 6.466201E-01   
 6.426151E-01   
 6.380505E-01   
 6.329306E-01   
 6.272601E-01   
 6.210441E-01   
 6.142882E-01   
 6.069984E-01   
 5.991812E-01   
 5.908433E-01   
 5.819921E-01   
 5.726353E-01   
 5.627809E-01   
 5.524376E-01   
 5.416141E-01   
 5.303198E-01   
 5.185643E-01   
 5.063577E-01   
 4.937103E-01   
 4.806329E-01   
 4.671366E-01   
 4.532328E-01   
 4.389331E-01   
 4.242498E-01   
 4.091951E-01   
 3.937817E-01   
 3.780225E-01   
 3.619307E-01   
 3.455198E-01   
 3.288035E-01   
 3.117957E-01   
 2.945107E-01   
 2.769629E-01   
 2.591668E-01   
 2.411372E-01   
 2.228891E-01   
 2.044376E-01   
 1.857980E-01   
 1.669858E-01   
 1.480165E-01   
 1.289057E-01   
 1.096694E-01   
 9.032320E-02   
 7.088321E-02   
 5.136539E-02   
 3.178579E-02   
 1.216053E-02   
-7.494294E-03   
-2.716254E-02   
-4.682809E-02   
-6.647482E-02   
-8.608665E-02   
-1.056475E-01   
-1.251415E-01   
-1.445526E-01   
-1.638650E-01   
-1.830630E-01   
-2.021309E-01   
-2.210533E-01   
-2.398146E-01   
-2.583997E-01   
-2.767935E-01   
-2.949810E-01   
-3.129476E-01   
-3.306786E-01   
-3.481598E-01   
-3.653770E-01   
-3.823162E-01   
-3.989639E-01   
-4.153067E-01   
-4.313313E-01   
-4.470249E-01   
-4.623749E-01   
-4.773690E-01   
-4.919952E-01   
-5.062417E-01   
-5.200973E-01   
-5.335507E-01   
-5.465915E-01   
-5.592090E-01   
-5.713934E-01   
-5.831351E-01   
-5.944246E-01   
-6.052531E-01   
-6.156121E-01   
-6.254935E-01   
-6.348895E-01   
-6.437928E-01   
-6.521964E-01   
-6.600939E-01   
-6.674791E-01   
-6.743465E-01   
-6.806907E-01   
-6.865069E-01   
-6.917908E-01   
-6.965384E-01   
-7.007463E-01   
-7.044114E-01   
-7.075310E-01   
-7.101030E-01   
-7.121258E-01   
-7.135980E-01   
-7.145189E-01   
-7.148880E-01   
-7.147055E-01   
-7.139720E-01   
-7.126884E-01   
-7.108561E-01   
-7.084770E-01   
-7.055536E-01   
-7.020885E-01   
-6.980850E-01   
-6.935467E-01   
-6.884777E-01   
-6.828825E-01   
-6.767661E-01   
-6.701338E-01   
-6.629915E-01   
-6.553452E-01   
-6.472017E-01   
-6.385679E-01   
-6.294512E-01   
-6.198593E-01   
-6.098006E-01   
-5.992834E-01   
-5.883167E-01   
-5.769098E-01   
-5.650722E-01   
-5.528141E-01   
-5.401455E-01   
-5.270772E-01   
-5.136202E-01   
-4.997856E-01   
-4.855850E-01   
-4.710303E-01   
-4.561336E-01   
-4.409072E-01   
-4.253638E-01   
-4.095164E-01   
-3.933780E-01   
-3.769620E-01   
-3.602820E-01   
-3.433517E-01   
-3.261852E-01   
-3.087966E-01   
-2.912002E-01   
-2.734106E-01   
-2.554422E-01   
-2.373100E-01   
-2.190288E-01   
-2.006135E-01   
-1.820794E-01   
-1.634415E-01   
-1.447151E-01   
-1.259156E-01   
-1.070582E-01   
-8.815841E-02   
-6.923161E-02   
-5.029322E-02   
-3.135867E-02   
-1.244337E-02   
 6.437317E-03   
 2.526804E-02   
 4.403353E-02   
 6.271855E-02   
 8.130798E-02   
 9.978675E-02   
 1.181399E-01   
 1.363527E-01   
 1.544103E-01   
 1.722982E-01   
 1.900020E-01   
 2.075074E-01   
 2.248004E-01   
 2.418670E-01   
 2.586936E-01   
 2.752666E-01   
 2.915728E-01   
 3.075991E-01   
 3.233328E-01   
 3.387613E-01   
 3.538722E-01   
 3.686535E-01   
 3.830936E-01   
 3.971809E-01   
 4.109042E-01   
 4.242528E-01   
 4.372160E-01   
 4.497837E-01   
 4.619459E-01   
 4.736931E-01   
 4.850161E-01   
 4.959061E-01   
 5.063546E-01   
 5.163533E-01   
 5.258947E-01   
 5.349713E-01   
 5.435762E-01   
 5.517027E-01   
 5.593446E-01   
 5.664962E-01   
 5.731521E-01   
 5.793073E-01   
 5.849572E-01   
 5.900976E-01   
 5.947249E-01   
 5.988357E-01   
 6.024272E-01   
 6.054968E-01   
 6.080425E-01   
 6.100628E-01   
 6.115565E-01   
 6.125228E-01   
 6.129614E-01   
 6.128725E-01   
 6.122565E-01   
 6.111145E-01   
 6.094479E-01   
 6.072585E-01   
 6.045486E-01   
 6.013208E-01   
 5.975783E-01   
 5.933246E-01   
 5.885636E-01   
 5.832996E-01   
 5.775375E-01   
 5.712824E-01   
 5.645399E-01   
 5.573158E-01   
 5.496166E-01   
 5.414489E-01   
 5.328198E-01   
 5.237369E-01   
 5.142079E-01   
 5.042411E-01   
 4.938450E-01   
 4.830284E-01   
 4.718006E-01   
 4.601711E-01   
 4.481499E-01   
 4.357470E-01   
 4.229730E-01   
 4.098387E-01   
 3.963551E-01   
 3.825335E-01   
 3.683856E-01   
 3.539233E-01   
 3.391585E-01   
 3.241038E-01   
 3.087716E-01   
 2.931748E-01   
 2.773263E-01   
 2.612393E-01   
 2.449273E-01   
 2.284037E-01   
 2.116823E-01   
 1.947769E-01   
 1.777016E-01   
 1.604704E-01   
 1.430976E-01   
 1.255975E-01   
 1.079846E-01   
 9.027340E-02   
 7.247849E-02   
 5.461450E-02   
 3.669612E-02   
 1.873807E-02   
 7.550904E-04   
-1.723807E-02   
-3.522668E-02   
-5.319599E-02   
-7.113132E-02   
-8.901799E-02   
-1.068414E-01   
-1.245870E-01   
-1.422404E-01   
-1.597871E-01   
-1.772128E-01   
-1.945034E-01   
-2.116449E-01   
-2.286233E-01   
-2.454249E-01   
-2.620360E-01   
-2.784431E-01   
-2.946331E-01   
-3.105928E-01   
-3.263093E-01   
-3.417700E-01   
-3.569624E-01   
-3.718743E-01   
-3.864937E-01   
-4.008088E-01   
-4.148081E-01   
-4.284806E-01   
-4.418151E-01   
-4.548011E-01   
-4.674282E-01   
-4.796864E-01   
-4.915658E-01   
-5.030571E-01   
-5.141512E-01   
-5.248392E-01   
-5.351128E-01   
-5.449639E-01   
-5.543846E-01   
-5.633677E-01   
-5.719061E-01   
-5.799932E-01   
-5.876226E-01   
-5.947886E-01   
-6.014855E-01   
-6.077083E-01   
-6.134522E-01   
-6.187129E-01   
-6.234864E-01   
-6.277692E-01   
-6.315583E-01   
-6.348507E-01   
-6.376442E-01   
-6.399370E-01   
-6.417275E-01   
-6.430145E-01   
-6.437975E-01   
-6.440762E-01   
-6.438506E-01   
-6.431214E-01   
-6.418896E-01   
-6.401564E-01   
-6.379238E-01   
-6.351938E-01   
-6.319692E-01   
-6.282528E-01   
-6.240480E-01   
-6.193588E-01   
-6.141892E-01   
-6.085438E-01   
-6.024276E-01   
-5.958460E-01   
-5.888046E-01   
-5.813095E-01   
-5.733673E-01   
-5.649846E-01   
-5.561687E-01   
-5.469270E-01   
-5.372675E-01   
-5.271983E-01   
-5.167280E-01   
-5.058653E-01   
-4.946195E-01   
-4.830000E-01   
-4.710165E-01   
-4.586791E-01   
-4.459982E-01   
-4.329842E-01   
-4.196481E-01   
-4.060011E-01   
-3.920543E-01   
-3.778196E-01   
-3.633086E-01   
-3.485334E-01   
-3.335062E-01   
-3.182396E-01   
-3.027460E-01   
-2.870384E-01   
-2.711297E-01   
-2.550329E-01   
-2.387614E-01   
-2.223286E-01   
-2.057479E-01   
-1.890331E-01   
-1.721977E-01   
-1.552557E-01   
-1.382208E-01   
-1.211071E-01   
-1.039286E-01   
-8.669930E-02   
-6.943326E-02   
-5.214458E-02   
-3.484738E-02   
-1.755575E-02   
-2.837556E-04   
 1.695454E-02   
 3.414512E-02   
 5.127403E-02   
 6.832737E-02   
 8.529130E-02   
 1.021521E-01   
 1.188961E-01   
 1.355097E-01   
 1.519796E-01   
 1.682925E-01   
 1.844351E-01   
 2.003945E-01   
 2.161578E-01   
 2.317124E-01   
 2.470458E-01   
 2.621456E-01   
 2.769997E-01   
 2.915963E-01   
 3.059237E-01   
 3.199704E-01   
 3.337252E-01   
 3.471773E-01   
 3.603157E-01   
 3.731303E-01   
 3.856106E-01   
 3.977470E-01   
 4.095297E-01   
 4.209496E-01   
 4.319975E-01   
 4.426648E-01   
 4.529432E-01   
 4.628246E-01   
 4.723013E-01   
 4.813659E-01   
 4.900114E-01   
 4.982310E-01   
 5.060186E-01   
 5.133680E-01   
 5.202738E-01   
 5.267306E-01   
 5.327335E-01   
 5.382781E-01   
 5.433603E-01   
 5.479763E-01   
 5.521228E-01   
 5.557967E-01   
 5.589956E-01   
 5.617172E-01   
 5.639597E-01   
 5.657217E-01   
 5.670022E-01   
 5.678006E-01   
 5.681166E-01   
 5.679504E-01   
 5.673027E-01   
 5.661742E-01   
 5.645665E-01   
 5.624811E-01   
 5.599203E-01   
 5.568866E-01   
 5.533828E-01   
 5.494122E-01   
 5.449785E-01   
 5.400857E-01   
 5.347382E-01   
 5.289408E-01   
 5.226986E-01   
 5.160171E-01   
 5.089022E-01   
 5.013600E-01   
 4.933970E-01   
 4.850203E-01   
 4.762369E-01   
 4.670544E-01   
 4.574807E-01   
 4.475238E-01   
 4.371924E-01   
 4.264952E-01   
 4.154412E-01   
 4.040397E-01   
 3.923005E-01   
 3.802334E-01   
 3.678485E-01   
 3.551563E-01   
 3.421674E-01   
 3.288927E-01   
 3.153432E-01   
 3.015303E-01   
 2.874656E-01   
 2.731607E-01   
 2.586276E-01   
 2.438783E-01   
 2.289250E-01   
 2.137803E-01   
 1.984566E-01   
 1.829666E-01   
 1.673232E-01   
 1.515393E-01   
 1.356278E-01   
 1.196020E-01   
 1.034751E-01   
 8.726024E-02   
 7.097087E-02   
 5.462035E-02   
 3.822212E-02   
 2.178964E-02   
 5.336372E-03   
-1.112419E-02   
-2.757858E-02   
-4.401333E-02   
-6.041500E-02   
-7.677022E-02   
-9.306562E-02   
-1.092879E-01   
-1.254239E-01   
-1.414605E-01   
-1.573845E-01   
-1.731831E-01   
-1.888435E-01   
-2.043529E-01   
-2.196988E-01   
-2.348687E-01   
-2.498504E-01   
-2.646318E-01   
-2.792009E-01   
-2.935460E-01   
-3.076555E-01   
-3.215181E-01   
-3.351225E-01   
-3.484580E-01   
-3.615138E-01   
-3.742794E-01   
-3.867447E-01   
-3.988995E-01   
-4.107344E-01   
-4.222398E-01   
-4.334066E-01   
-4.442258E-01   
-4.546890E-01   
-4.647879E-01   
-4.745144E-01   
-4.838609E-01   
-4.928201E-01   
-5.013850E-01   
-5.095487E-01   
-5.173051E-01   
-5.246479E-01   
-5.315717E-01   
-5.380709E-01   
-5.441407E-01   
-5.497763E-01   
-5.549736E-01   
-5.597286E-01   
-5.640378E-01   
-5.678979E-01   
-5.713063E-01   
-5.742603E-01   
-5.767580E-01   
-5.787977E-01   
-5.803780E-01   
-5.814980E-01   
-5.821572E-01   
-5.823553E-01   
-5.820926E-01   
-5.813695E-01   
-5.801871E-01   
-5.785467E-01   
-5.764499E-01   
-5.738988E-01   
-5.708959E-01   
-5.674439E-01   
-5.635459E-01   
-5.592056E-01   
-5.544268E-01   
-5.492137E-01   
-5.435708E-01   
-5.375033E-01   
-5.310162E-01   
-5.241153E-01   
-5.168064E-01   
-5.090959E-01   
-5.009904E-01   
-4.924967E-01   
-4.836221E-01   
-4.743741E-01   
-4.647605E-01   
-4.547896E-01   
-4.444696E-01   
-4.338093E-01   
-4.228176E-01   
-4.115038E-01   
-3.998773E-01   
-3.879478E-01   
-3.757254E-01   
-3.632201E-01   
-3.504425E-01   
-3.374031E-01   
-3.241129E-01   
-3.105827E-01   
-2.968239E-01   
-2.828478E-01   
-2.686660E-01   
-2.542902E-01   
-2.397324E-01   
-2.250044E-01   
-2.101185E-01   
-1.950869E-01   
-1.799220E-01   
-1.646362E-01   
-1.492421E-01   
-1.337524E-01   
-1.181797E-01   
-1.025368E-01   
-8.683646E-02   
-7.109159E-02   
-5.531504E-02   
-3.951969E-02   
-2.371842E-02   
-7.924123E-03   
 7.850337E-03   
 2.359212E-02   
 3.928842E-02   
 5.492648E-02   
 7.049361E-02   
 8.597717E-02   
 1.013646E-01   
 1.166435E-01   
 1.318014E-01   
 1.468261E-01   
 1.617055E-01   
 1.764276E-01   
 1.909804E-01   
 2.053523E-01   
 2.195318E-01   
 2.335073E-01   
 2.472677E-01   
 2.608019E-01   
 2.740992E-01   
 2.871488E-01   
 2.999404E-01   
 3.124637E-01   
 3.247087E-01   
 3.366657E-01   
 3.483252E-01   
 3.596779E-01   
 3.707148E-01   
 3.814273E-01   
 3.918068E-01   
 4.018452E-01   
 4.115345E-01   
 4.208672E-01   
 4.298359E-01   
 4.384337E-01   
 4.466539E-01   
 4.544900E-01   
 4.619361E-01   
 4.689863E-01   
 4.756353E-01   
 4.818780E-01   
 4.877096E-01   
 4.931258E-01   
 4.981224E-01   
 5.026958E-01   
 5.068426E-01   
 5.105598E-01   
 5.138447E-01   
 5.166950E-01   
 5.191088E-01   
 5.210844E-01   
 5.226207E-01   
 5.237167E-01   
 5.243720E-01   
 5.245864E-01   
 5.243601E-01   
 5.236936E-01   
 5.225880E-01   
 5.210444E-01   
 5.190645E-01   
 5.166503E-01   
 5.138042E-01   
 5.105289E-01   
 5.068273E-01   
 5.027030E-01   
 4.981596E-01   
 4.932011E-01   
 4.878321E-01   
 4.820572E-01   
 4.758816E-01   
 4.693105E-01   
 4.623498E-01   
 4.550054E-01   
 4.472837E-01   
 4.391913E-01   
 4.307352E-01   
 4.219225E-01   
 4.127607E-01   
 4.032577E-01   
 3.934216E-01   
 3.832605E-01   
 3.727832E-01   
 3.619985E-01   
 3.509154E-01   
 3.395432E-01   
 3.278915E-01   
 3.159701E-01   
 3.037889E-01   
 2.913581E-01   
 2.786881E-01   
 2.657894E-01   
 2.526728E-01   
 2.393492E-01   
 2.258297E-01   
 2.121255E-01   
 1.982478E-01   
 1.842084E-01   
 1.700186E-01   
 1.556904E-01   
 1.412355E-01   
 1.266658E-01   
 1.119933E-01   
 9.723023E-02   
 8.238861E-02   
 6.748068E-02   
 5.251868E-02   
 3.751490E-02   
 2.248164E-02   
 7.431219E-03   
-7.624038E-03   
-2.267181E-02   
-3.769981E-02   
-5.269574E-02   
-6.764739E-02   
-8.254254E-02   
-9.736907E-02   
-1.121149E-01   
-1.267681E-01   
-1.413166E-01   
-1.557488E-01   
-1.700528E-01   
-1.842171E-01   
-1.982302E-01   
-2.120808E-01   
-2.257577E-01   
-2.392498E-01   
-2.525463E-01   
-2.656364E-01   
-2.785096E-01   
-2.911556E-01   
-3.035641E-01   
-3.157252E-01   
-3.276293E-01   
-3.392666E-01   
-3.506281E-01   
-3.617045E-01   
-3.724870E-01   
-3.829671E-01   
-3.931364E-01   
-4.029869E-01   
-4.125108E-01   
-4.217005E-01   
-4.305488E-01   
-4.390487E-01   
-4.471935E-01   
-4.549769E-01   
-4.623928E-01   
-4.694354E-01   
-4.760993E-01   
-4.823792E-01   
-4.882704E-01   
-4.937684E-01   
-4.988690E-01   
-5.035682E-01   
-5.078627E-01   
-5.117491E-01   
-5.152246E-01   
-5.182868E-01   
-5.209334E-01   
-5.231626E-01   
-5.249729E-01   
-5.263631E-01   
-5.273324E-01   
-5.278804E-01   
-5.280070E-01   
-5.277123E-01   
-5.269969E-01   
-5.258618E-01   
-5.243081E-01   
-5.223376E-01   
-5.199520E-01   
-5.171538E-01   
-5.139454E-01   
-5.103299E-01   
-5.063105E-01   
-5.018907E-01   
-4.970745E-01   
-4.918662E-01   
-4.862703E-01   
-4.802917E-01   
-4.739355E-01   
-4.672072E-01   
-4.601127E-01   
-4.526579E-01   
-4.448492E-01   
-4.366934E-01   
-4.281973E-01   
-4.193681E-01   
-4.102132E-01   
-4.007405E-01   
-3.909579E-01   
-3.808735E-01   
-3.704959E-01   
-3.598338E-01   
-3.488961E-01   
-3.376919E-01   
-3.262306E-01   
-3.145217E-01   
-3.025750E-01   
-2.904004E-01   
-2.780080E-01   
-2.654081E-01   
-2.526111E-01   
-2.396277E-01   
-2.264685E-01   
-2.131445E-01   
-1.996666E-01   
-1.860459E-01   
-1.722938E-01   
-1.584214E-01   
-1.444402E-01   
-1.303618E-01   
-1.161975E-01   
-1.019592E-01   
-8.765836E-02   
-7.330680E-02   
-5.891623E-02   
-4.449843E-02   
-3.006517E-02   
-1.562824E-02   
-1.199404E-03   
 1.320957E-02   
 2.758696E-02   
 4.192106E-02   
 5.620021E-02   
 7.041282E-02   
 8.454736E-02   
 9.859236E-02   
 1.125364E-01   
 1.263683E-01   
 1.400768E-01   
 1.536508E-01   
 1.670794E-01   
 1.803517E-01   
 1.934571E-01   
 2.063850E-01   
 2.191249E-01   
 2.316668E-01   
 2.440005E-01   
 2.561160E-01   
 2.680038E-01   
 2.796543E-01   
 2.910583E-01   
 3.022065E-01   
 3.130902E-01   
 3.237007E-01   
 3.340295E-01   
 3.440685E-01   
 3.538097E-01   
 3.632455E-01   
 3.723683E-01   
 3.811711E-01   
 3.896468E-01   
 3.977889E-01   
 4.055911E-01   
 4.130471E-01   
 4.201513E-01   
 4.268981E-01   
 4.332823E-01   
 4.392991E-01   
 4.449438E-01   
 4.502122E-01   
 4.551002E-01   
 4.596042E-01   
 4.637209E-01   
 4.674472E-01   
 4.707803E-01   
 4.737181E-01   
 4.762583E-01   
 4.783992E-01   
 4.801394E-01   
 4.814779E-01   
 4.824138E-01   
 4.829469E-01   
 4.830769E-01   
 4.828041E-01   
 4.821292E-01   
 4.810529E-01   
 4.795765E-01   
 4.777015E-01   
 4.754299E-01   
 4.727637E-01   
 4.697056E-01   
 4.662584E-01   
 4.624251E-01   
 4.582094E-01   
 4.536148E-01   
 4.486456E-01   
 4.433060E-01   
 4.376008E-01   
 4.315349E-01   
 4.251137E-01   
 4.183425E-01   
 4.112274E-01   
 4.037743E-01   
 3.959896E-01   
 3.878801E-01   
 3.794525E-01   
 3.707141E-01   
 3.616723E-01   
 3.523346E-01   
 3.427091E-01   
 3.328037E-01   
 3.226268E-01   
 3.121870E-01   
 3.014930E-01   
 2.905538E-01   
 2.793784E-01   
 2.679764E-01   
 2.563571E-01   
 2.445302E-01   
 2.325056E-01   
 2.202933E-01   
 2.079033E-01   
 1.953461E-01   
 1.826319E-01   
 1.697714E-01   
 1.567751E-01   
 1.436538E-01   
 1.304183E-01   
 1.170795E-01   
 1.036484E-01   
 9.013616E-02   
 7.655376E-02   
 6.291241E-02   
 4.922331E-02   
 3.549768E-02   
 2.174678E-02   
 7.981871E-03   
-5.785781E-03   
-1.954492E-02   
-3.328430E-02   
-4.699272E-02   
-6.065898E-02   
-7.427195E-02   
-8.782054E-02   
-1.012937E-01   
-1.146806E-01   
-1.279702E-01   
-1.411518E-01   
-1.542147E-01   
-1.671483E-01   
-1.799422E-01   
-1.925860E-01   
-2.050694E-01   
-2.173825E-01   
-2.295153E-01   
-2.414579E-01   
-2.532009E-01   
-2.647348E-01   
-2.760502E-01   
-2.871382E-01   
-2.979898E-01   
-3.085964E-01   
-3.189495E-01   
-3.290408E-01   
-3.388623E-01   
-3.484063E-01   
-3.576650E-01   
-3.666312E-01   
-3.752977E-01   
-3.836578E-01   
-3.917048E-01   
-3.994325E-01   
-4.068346E-01   
-4.139056E-01   
-4.206398E-01   
-4.270320E-01   
-4.330772E-01   
-4.387708E-01   
-4.441085E-01   
-4.490861E-01   
-4.536998E-01   
-4.579462E-01   
-4.618221E-01   
-4.653246E-01   
-4.684512E-01   
-4.711995E-01   
-4.735677E-01   
-4.755541E-01   
-4.771574E-01   
-4.783765E-01   
-4.792109E-01   
-4.796600E-01   
-4.797239E-01   
-4.794028E-01   
-4.786972E-01   
-4.776080E-01   
-4.761365E-01   
-4.742841E-01   
-4.720526E-01   
-4.694442E-01   
-4.664613E-01   
-4.631066E-01   
-4.593831E-01   
-4.552942E-01   
-4.508435E-01   
-4.460349E-01   
-4.408726E-01   
-4.353611E-01   
-4.295053E-01   
-4.233100E-01   
-4.167807E-01   
-4.099230E-01   
-4.027427E-01   
-3.952459E-01   
-3.874390E-01   
-3.793286E-01   
-3.709216E-01   
-3.622250E-01   
-3.532462E-01   
-3.439928E-01   
-3.344725E-01   
-3.246933E-01   
-3.146633E-01   
-3.043910E-01   
-2.938849E-01   
-2.831538E-01   
-2.722067E-01   
-2.610525E-01   
-2.497007E-01   
-2.381606E-01   
-2.264417E-01   
-2.145538E-01   
-2.025068E-01   
-1.903105E-01   
-1.779751E-01   
-1.655106E-01   
-1.529275E-01   
-1.402360E-01   
-1.274466E-01   
-1.145698E-01   
-1.016162E-01   
-8.859639E-02   
-7.552106E-02   
-6.240091E-02   
-4.924669E-02   
-3.606917E-02   
-2.287909E-02   
-9.687242E-03   
 3.495619E-03   
 1.665875E-02   
 2.979142E-02   
 4.288295E-02   
 5.592269E-02   
 6.890005E-02   
 8.180449E-02   
 9.462554E-02   
 1.073528E-01   
 1.199760E-01   
 1.324849E-01   
 1.448694E-01   
 1.571196E-01   
 1.692254E-01   
 1.811772E-01   
 1.929653E-01   
 2.045802E-01   
 2.160127E-01   
 2.272536E-01   
 2.382938E-01   
 2.491244E-01   
 2.597369E-01   
 2.701228E-01   
 2.802737E-01   
 2.901817E-01   
 2.998387E-01   
 3.092372E-01   
 3.183696E-01   
 3.272288E-01   
 3.358077E-01   
 3.440997E-01   
 3.520980E-01   
 3.597966E-01   
 3.671893E-01   
 3.742704E-01   
 3.810344E-01   
 3.874759E-01   
 3.935901E-01   
 3.993721E-01   
 4.048176E-01   
 4.099224E-01   
 4.146827E-01   
 4.190947E-01   
 4.231553E-01   
 4.268614E-01   
 4.302102E-01   
 4.331994E-01   
 4.358267E-01   
 4.380905E-01   
 4.399890E-01   
 4.415212E-01   
 4.426859E-01   
 4.434827E-01   
 4.439111E-01   
 4.439711E-01   
 4.436630E-01   
 4.429874E-01   
 4.419450E-01   
 4.405371E-01   
 4.387651E-01   
 4.366308E-01   
 4.341362E-01   
 4.312837E-01   
 4.280759E-01   
 4.245156E-01   
 4.206062E-01   
 4.163511E-01   
 4.117541E-01   
 4.068192E-01   
 4.015507E-01   
 3.959532E-01   
 3.900316E-01   
 3.837909E-01   
 3.772366E-01   
 3.703743E-01   
 3.632097E-01   
 3.557491E-01   
 3.479987E-01   
 3.399652E-01   
 3.316554E-01   
 3.230762E-01   
 3.142349E-01   
 3.051389E-01   
 2.957959E-01   
 2.862137E-01   
 2.764004E-01   
 2.663642E-01   
 2.561134E-01   
 2.456566E-01   
 2.350026E-01   
 2.241601E-01   
 2.131382E-01   
 2.019461E-01   
 1.905931E-01   
 1.790885E-01   
 1.674419E-01   
 1.556630E-01   
 1.437614E-01   
 1.317469E-01   
 1.196296E-01   
 1.074194E-01   
 9.512631E-02   
 8.276048E-02   
 7.033208E-02   
 5.785130E-02   
 4.532840E-02   
 3.277364E-02   
 2.019732E-02   
 7.609719E-03   
-4.978858E-03   
-1.755812E-02   
-3.011780E-02   
-4.264765E-02   
-5.513744E-02   
-6.757701E-02   
-7.995623E-02   
-9.226504E-02   
-1.044934E-01   
-1.166315E-01   
-1.286693E-01   
-1.405972E-01   
-1.524055E-01   
-1.640846E-01   
-1.756251E-01   
-1.870177E-01   
-1.982532E-01   
-2.093225E-01   
-2.202167E-01   
-2.309271E-01   
-2.414450E-01   
-2.517621E-01   
-2.618700E-01   
-2.717607E-01   
-2.814262E-01   
-2.908588E-01   
-3.000511E-01   
-3.089956E-01   
-3.176854E-01   
-3.261134E-01   
-3.342730E-01   
-3.421578E-01   
-3.497615E-01   
-3.570782E-01   
-3.641020E-01   
-3.708276E-01   
-3.772496E-01   
-3.833630E-01   
-3.891631E-01   
-3.946454E-01   
-3.998057E-01   
-4.046400E-01   
-4.091446E-01   
-4.133162E-01   
-4.171514E-01   
-4.206476E-01   
-4.238021E-01   
-4.266126E-01   
-4.290771E-01   
-4.311938E-01   
-4.329614E-01   
-4.343785E-01   
-4.354444E-01   
-4.361585E-01   
-4.365204E-01   
-4.365301E-01   
-4.361880E-01   
-4.354945E-01   
-4.344506E-01   
-4.330572E-01   
-4.313160E-01   
-4.292284E-01   
-4.267967E-01   
-4.240229E-01   
-4.209096E-01   
-4.174597E-01   
-4.136762E-01   
-4.095625E-01   
-4.051222E-01   
-4.003591E-01   
-3.952775E-01   
-3.898817E-01   
-3.841764E-01   
-3.781665E-01   
-3.718571E-01   
-3.652537E-01   
-3.583617E-01   
-3.511872E-01   
-3.437362E-01   
-3.360150E-01   
-3.280300E-01   
-3.197881E-01   
-3.112962E-01   
-3.025614E-01   
-2.935909E-01   
-2.843924E-01   
-2.749735E-01   
-2.653421E-01   
-2.555062E-01   
-2.454740E-01   
-2.352538E-01   
-2.248542E-01   
-2.142838E-01   
-2.035512E-01   
-1.926655E-01   
-1.816356E-01   
-1.704707E-01   
-1.591799E-01   
-1.477726E-01   
-1.362581E-01   
-1.246460E-01   
-1.129459E-01   
-1.011672E-01   
-8.931980E-02   
-7.741329E-02   
-6.545748E-02   
-5.346215E-02   
-4.143713E-02   
-2.939225E-02   
-1.733736E-02   
-5.282293E-03   
 6.763103E-03   
 1.878901E-02   
 3.078564E-02   
 4.274321E-02   
 5.465202E-02   
 6.650237E-02   
 7.828465E-02   
 8.998931E-02   
 1.016068E-01   
 1.131279E-01   
 1.245430E-01   
 1.358431E-01   
 1.470190E-01   
 1.580617E-01   
 1.689623E-01   
 1.797119E-01   
 1.903020E-01   
 2.007241E-01   
 2.109698E-01   
 2.210308E-01   
 2.308991E-01   
 2.405669E-01   
 2.500263E-01   
 2.592699E-01   
 2.682903E-01   
 2.770803E-01   
 2.856329E-01   
 2.939414E-01   
 3.019991E-01   
 3.097997E-01   
 3.173370E-01   
 3.246052E-01   
 3.315984E-01   
 3.383113E-01   
 3.447386E-01   
 3.508752E-01   
 3.567165E-01   
 3.622578E-01   
 3.674949E-01   
 3.724239E-01   
 3.770408E-01   
 3.813423E-01   
 3.853250E-01   
 3.889860E-01   
 3.923226E-01   
 3.953323E-01   
 3.980129E-01   
 4.003625E-01   
 4.023795E-01   
 4.040625E-01   
 4.054104E-01   
 4.064223E-01   
 4.070979E-01   
 4.074367E-01   
 4.074387E-01   
 4.071044E-01   
 4.064341E-01   
 4.054288E-01   
 4.040895E-01   
 4.024176E-01   
 4.004148E-01   
 3.980830E-01   
 3.954243E-01   
 3.924412E-01   
 3.891364E-01   
 3.855129E-01   
 3.815738E-01   
 3.773228E-01   
 3.727634E-01   
 3.678997E-01   
 3.627360E-01   
 3.572766E-01   
 3.515263E-01   
 3.454900E-01   
 3.391730E-01   
 3.325805E-01   
 3.257182E-01   
 3.185920E-01   
 3.112078E-01   
 3.035719E-01   
 2.956909E-01   
 2.875712E-01   
 2.792198E-01   
 2.706436E-01   
 2.618499E-01   
 2.528460E-01   
 2.436394E-01   
 2.342379E-01   
 2.246492E-01   
 2.148814E-01   
 2.049426E-01   
 1.948411E-01   
 1.845852E-01   
 1.741834E-01   
 1.636444E-01   
 1.529769E-01   
 1.421897E-01   
 1.312918E-01   
 1.202920E-01   
 1.091996E-01   
 9.802356E-02   
 8.677317E-02   
 7.545767E-02   
 6.408635E-02   
 5.266855E-02   
 4.121364E-02   
 2.973101E-02   
 1.823006E-02   
 6.720201E-03   
-4.789147E-03   
-1.628859E-02   
-2.776873E-02   
-3.922020E-02   
-5.063368E-02   
-6.199987E-02   
-7.330952E-02   
-8.455344E-02   
-9.572249E-02   
-1.068076E-01   
-1.177998E-01   
-1.286902E-01   
-1.394699E-01   
-1.501303E-01   
-1.606626E-01   
-1.710586E-01   
-1.813096E-01   
-1.914076E-01   
-2.013442E-01   
-2.111117E-01   
-2.207021E-01   
-2.301077E-01   
-2.393210E-01   
-2.483347E-01   
-2.571415E-01   
-2.657343E-01   
-2.741065E-01   
-2.822512E-01   
-2.901620E-01   
-2.978326E-01   
-3.052571E-01   
-3.124294E-01   
-3.193440E-01   
-3.259953E-01   
-3.323783E-01   
-3.384878E-01   
-3.443192E-01   
-3.498678E-01   
-3.551294E-01   
-3.600999E-01   
-3.647755E-01   
-3.691525E-01   
-3.732277E-01   
-3.769980E-01   
-3.804605E-01   
-3.836127E-01   
-3.864522E-01   
-3.889769E-01   
-3.911851E-01   
-3.930752E-01   
-3.946459E-01   
-3.958961E-01   
-3.968252E-01   
-3.974326E-01   
-3.977180E-01   
-3.976816E-01   
-3.973236E-01   
-3.966444E-01   
-3.956451E-01   
-3.943265E-01   
-3.926901E-01   
-3.907374E-01   
-3.884703E-01   
-3.858910E-01   
-3.830016E-01   
-3.798049E-01   
-3.763037E-01   
-3.725011E-01   
-3.684005E-01   
-3.640054E-01   
-3.593197E-01   
-3.543474E-01   
-3.490929E-01   
-3.435605E-01   
-3.377551E-01   
-3.316817E-01   
-3.253453E-01   
-3.187514E-01   
-3.119056E-01   
-3.048136E-01   
-2.974815E-01   
-2.899155E-01   
-2.821218E-01   
-2.741070E-01   
-2.658779E-01   
-2.574414E-01   
-2.488044E-01   
-2.399742E-01   
-2.309582E-01   
-2.217639E-01   
-2.123989E-01   
-2.028711E-01   
-1.931882E-01   
-1.833584E-01   
-1.733897E-01   
-1.632905E-01   
-1.530691E-01   
-1.427339E-01   
-1.322934E-01   
-1.217563E-01   
-1.111312E-01   
-1.004269E-01   
-8.965221E-02   
-7.881591E-02   
-6.792693E-02   
-5.699420E-02   
-4.602668E-02   
-3.503334E-02   
-2.402318E-02   
-1.300520E-02   
-1.988390E-03   
 9.018252E-03   
 2.000576E-02   
 3.096517E-02   
 4.188757E-02   
 5.276407E-02   
 6.358584E-02   
 7.434409E-02   
 8.503009E-02   
 9.563518E-02   
 1.061508E-01   
 1.165684E-01   
 1.268795E-01   
 1.370759E-01   
 1.471493E-01   
 1.570916E-01   
 1.668948E-01   
 1.765510E-01   
 1.860525E-01   
 1.953915E-01   
 2.045607E-01   
 2.135527E-01   
 2.223602E-01   
 2.309763E-01   
 2.393941E-01   
 2.476069E-01   
 2.556081E-01   
 2.633914E-01   
 2.709506E-01   
 2.782797E-01   
 2.853730E-01   
 2.922248E-01   
 2.988297E-01   
 3.051826E-01   
 3.112785E-01   
 3.171126E-01   
 3.226804E-01   
 3.279775E-01   
 3.329999E-01   
 3.377437E-01   
 3.422052E-01   
 3.463810E-01   
 3.502680E-01   
 3.538632E-01   
 3.571639E-01   
 3.601678E-01   
 3.628725E-01   
 3.652761E-01   
 3.673769E-01   
 3.691735E-01   
 3.706645E-01   
 3.718492E-01   
 3.727267E-01   
 3.732966E-01   
 3.735586E-01   
 3.735129E-01   
 3.731597E-01   
 3.724996E-01   
 3.715333E-01   
 3.702619E-01   
 3.686867E-01   
 3.668093E-01   
 3.646313E-01   
 3.621549E-01   
 3.593823E-01   
 3.563160E-01   
 3.529588E-01   
 3.493136E-01   
 3.453837E-01   
 3.411725E-01   
 3.366837E-01   
 3.319212E-01   
 3.268890E-01   
 3.215916E-01   
 3.160335E-01   
 3.102194E-01   
 3.041543E-01   
 2.978434E-01   
 2.912920E-01   
 2.845057E-01   
 2.774901E-01   
 2.702513E-01   
 2.627953E-01   
 2.551284E-01   
 2.472570E-01   
 2.391877E-01   
 2.309273E-01   
 2.224828E-01   
 2.138610E-01   
 2.050693E-01   
 1.961149E-01   
 1.870053E-01   
 1.777481E-01   
 1.683509E-01   
 1.588216E-01   
 1.491680E-01   
 1.393981E-01   
 1.295200E-01   
 1.195419E-01   
 1.094719E-01   
 9.931851E-02   
 8.908993E-02   
 7.879462E-02   
 6.844105E-02   
 5.803773E-02   
 4.759319E-02   
 3.711600E-02   
 2.661475E-02   
 1.609804E-02   
 5.574464E-03   
-4.947368E-03   
-1.545886E-02   
-2.595144E-02   
-3.641655E-02   
-4.684566E-02   
-5.723028E-02   
-6.756196E-02   
-7.783231E-02   
-8.803298E-02   
-9.815570E-02   
-1.081923E-01   
-1.181345E-01   
-1.279745E-01   
-1.377041E-01   
-1.473157E-01   
-1.568013E-01   
-1.661533E-01   
-1.753643E-01   
-1.844268E-01   
-1.933335E-01   
-2.020773E-01   
-2.106512E-01   
-2.190483E-01   
-2.272618E-01   
-2.352853E-01   
-2.431123E-01   
-2.507366E-01   
-2.581522E-01   
-2.653530E-01   
-2.723335E-01   
-2.790881E-01   
-2.856115E-01   
-2.918985E-01   
-2.979441E-01   
-3.037437E-01   
-3.092928E-01   
-3.145869E-01   
-3.196219E-01   
-3.243940E-01   
-3.288994E-01   
-3.331348E-01   
-3.370968E-01   
-3.407825E-01   
-3.441890E-01   
-3.473138E-01   
-3.501546E-01   
-3.527092E-01   
-3.549759E-01   
-3.569530E-01   
-3.586391E-01   
-3.600331E-01   
-3.611341E-01   
-3.619413E-01   
-3.624545E-01   
-3.626734E-01   
-3.625980E-01   
-3.622287E-01   
-3.615660E-01   
-3.606107E-01   
-3.593638E-01   
-3.578265E-01   
-3.560003E-01   
-3.538871E-01   
-3.514886E-01   
-3.488071E-01   
-3.458451E-01   
-3.426051E-01   
-3.390900E-01   
-3.353030E-01   
-3.312473E-01   
-3.269264E-01   
-3.223442E-01   
-3.175045E-01   
-3.124115E-01   
-3.070696E-01   
-3.014834E-01   
-2.956575E-01   
-2.895970E-01   
-2.833069E-01   
-2.767926E-01   
-2.700597E-01   
-2.631137E-01   
-2.559605E-01   
-2.486062E-01   
-2.410568E-01   
-2.333187E-01   
-2.253984E-01   
-2.173025E-01   
-2.090378E-01   
-2.006110E-01   
-1.920293E-01   
-1.832997E-01   
-1.744296E-01   
-1.654262E-01   
-1.562970E-01   
-1.470496E-01   
-1.376916E-01   
-1.282307E-01   
-1.186748E-01   
-1.090317E-01   
-9.930943E-02   
-8.951588E-02   
-7.965916E-02   
-6.974735E-02   
-5.978859E-02   
-4.979105E-02   
-3.976292E-02   
-2.971240E-02   
-1.964773E-02   
-9.577129E-03   
 4.911826E-04   
 1.054899E-02   
 2.058808E-02   
 3.060028E-02   
 4.057745E-02   
 5.051147E-02   
 6.039425E-02   
 7.021779E-02   
 7.997411E-02   
 8.965529E-02   
 9.925351E-02   
 1.087610E-01   
 1.181701E-01   
 1.274731E-01   
 1.366626E-01   
 1.457312E-01   
 1.546715E-01   
 1.634764E-01   
 1.721388E-01   
 1.806518E-01   
 1.890084E-01   
 1.972021E-01   
 2.052262E-01   
 2.130744E-01   
 2.207404E-01   
 2.282181E-01   
 2.355015E-01   
 2.425849E-01   
 2.494626E-01   
 2.561292E-01   
 2.625795E-01   
 2.688082E-01   
 2.748106E-01   
 2.805819E-01   
 2.861177E-01   
 2.914135E-01   
 2.964652E-01   
 3.012690E-01   
 3.058211E-01   
 3.101179E-01   
 3.141563E-01   
 3.179331E-01   
 3.214455E-01   
 3.246908E-01   
 3.276665E-01   
 3.303706E-01   
 3.328009E-01   
 3.349557E-01   
 3.368336E-01   
 3.384331E-01   
 3.397533E-01   
 3.407932E-01   
 3.415523E-01   
 3.420301E-01   
 3.422266E-01   
 3.421417E-01   
 3.417759E-01   
 3.411295E-01   
 3.402034E-01   
 3.389986E-01   
 3.375163E-01   
 3.357578E-01   
 3.337250E-01   
 3.314196E-01   
 3.288438E-01   
 3.259999E-01   
 3.228905E-01   
 3.195183E-01   
 3.158862E-01   
 3.119975E-01   
 3.078556E-01   
 3.034639E-01   
 2.988265E-01   
 2.939471E-01   
 2.888301E-01   
 2.834797E-01   
 2.779006E-01   
 2.720974E-01   
 2.660752E-01   
 2.598390E-01   
 2.533941E-01   
 2.467458E-01   
 2.398999E-01   
 2.328621E-01   
 2.256383E-01   
 2.182345E-01   
 2.106569E-01   
 2.029118E-01   
 1.950058E-01   
 1.869454E-01   
 1.787374E-01   
 1.703884E-01   
 1.619056E-01   
 1.532959E-01   
 1.445664E-01   
 1.357244E-01   
 1.267772E-01   
 1.177323E-01   
 1.085970E-01   
 9.937885E-02   
 9.008554E-02   
 8.072468E-02   
 7.130397E-02   
 6.183117E-02   
 5.231404E-02   
 4.276039E-02   
 3.317807E-02   
 2.357492E-02   
 1.395881E-02   
 4.337595E-03   
-5.280858E-03   
-1.488869E-02   
-2.447807E-02   
-3.404118E-02   
-4.357022E-02   
-5.305744E-02   
-6.249513E-02   
-7.187561E-02   
-8.119127E-02   
-9.043456E-02   
-9.959798E-02   
-1.086741E-01   
-1.176556E-01   
-1.265352E-01   
-1.353058E-01   
-1.439602E-01   
-1.524915E-01   
-1.608928E-01   
-1.691574E-01   
-1.772786E-01   
-1.852500E-01   
-1.930650E-01   
-2.007175E-01   
-2.082014E-01   
-2.155106E-01   
-2.226394E-01   
-2.295820E-01   
-2.363330E-01   
-2.428870E-01   
-2.492387E-01   
-2.553832E-01   
-2.613157E-01   
-2.670314E-01   
-2.725258E-01   
-2.777947E-01   
-2.828339E-01   
-2.876395E-01   
-2.922077E-01   
-2.965351E-01   
-3.006183E-01   
-3.044541E-01   
-3.080396E-01   
-3.113720E-01   
-3.144490E-01   
-3.172681E-01   
-3.198273E-01   
-3.221246E-01   
-3.241585E-01   
-3.259275E-01   
-3.274303E-01   
-3.286659E-01   
-3.296336E-01   
-3.303327E-01   
-3.307629E-01   
-3.309241E-01   
-3.308164E-01   
-3.304400E-01   
-3.297955E-01   
-3.288837E-01   
-3.277054E-01   
-3.262620E-01   
-3.245546E-01   
-3.225851E-01   
-3.203551E-01   
-3.178668E-01   
-3.151223E-01   
-3.121241E-01   
-3.088749E-01   
-3.053775E-01   
-3.016349E-01   
-2.976505E-01   
-2.934277E-01   
-2.889701E-01   
-2.842815E-01   
-2.793660E-01   
-2.742278E-01   
-2.688711E-01   
-2.633007E-01   
-2.575211E-01   
-2.515374E-01   
-2.453545E-01   
-2.389776E-01   
-2.324121E-01   
-2.256636E-01   
-2.187377E-01   
-2.116401E-01   
-2.043768E-01   
-1.969539E-01   
-1.893776E-01   
-1.816541E-01   
-1.737900E-01   
-1.657917E-01   
-1.576658E-01   
-1.494192E-01   
-1.410586E-01   
-1.325909E-01   
-1.240232E-01   
-1.153626E-01   
-1.066161E-01   
-9.779100E-02   
-8.889455E-02   
-7.993408E-02   
-7.091694E-02   
-6.185056E-02   
-5.274236E-02   
-4.359982E-02   
-3.443043E-02   
-2.524169E-02   
-1.604113E-02   
-6.836258E-03   
 2.365403E-03   
 1.155635E-02   
 2.072908E-02   
 2.987612E-02   
 3.899003E-02   
 4.806340E-02   
 5.708885E-02   
 6.605906E-02   
 7.496674E-02   
 8.380468E-02   
 9.256572E-02   
 1.012428E-01   
 1.098288E-01   
 1.183169E-01   
 1.267002E-01   
 1.349720E-01   
 1.431256E-01   
 1.511544E-01   
 1.590520E-01   
 1.668120E-01   
 1.744283E-01   
 1.818946E-01   
 1.892051E-01   
 1.963540E-01   
 2.033354E-01   
 2.101439E-01   
 2.167740E-01   
 2.232205E-01   
 2.294782E-01   
 2.355423E-01   
 2.414078E-01   
 2.470702E-01   
 2.525251E-01   
 2.577681E-01   
 2.627951E-01   
 2.676022E-01   
 2.721857E-01   
 2.765420E-01   
 2.806678E-01   
 2.845598E-01   
 2.882151E-01   
 2.916309E-01   
 2.948046E-01   
 2.977338E-01   
 3.004163E-01   
 3.028501E-01   
 3.050334E-01   
 3.069648E-01   
 3.086427E-01   
 3.100661E-01   
 3.112340E-01   
 3.121456E-01   
 3.128004E-01   
 3.131981E-01   
 3.133386E-01   
 3.132219E-01   
 3.128485E-01   
 3.122187E-01   
 3.113334E-01   
 3.101934E-01   
 3.087999E-01   
 3.071542E-01   
 3.052580E-01   
 3.031129E-01   
 3.007209E-01   
 2.980841E-01   
 2.952050E-01   
 2.920861E-01   
 2.887301E-01   
 2.851399E-01   
 2.813187E-01   
 2.772697E-01   
 2.729966E-01   
 2.685029E-01   
 2.637925E-01   
 2.588695E-01   
 2.537380E-01   
 2.484023E-01   
 2.428671E-01   
 2.371370E-01   
 2.312168E-01   
 2.251115E-01   
 2.188263E-01   
 2.123665E-01   
 2.057374E-01   
 1.989447E-01   
 1.919939E-01   
 1.848910E-01   
 1.776418E-01   
 1.702524E-01   
 1.627289E-01   
 1.550776E-01   
 1.473048E-01   
 1.394170E-01   
 1.314208E-01   
 1.233226E-01   
 1.151294E-01   
 1.068477E-01   
 9.848444E-02   
 9.004654E-02   
 8.154095E-02   
 7.297465E-02   
 6.435469E-02   
 5.568817E-02   
 4.698219E-02   
 3.824389E-02   
 2.948045E-02   
 2.069904E-02   
 1.190684E-02   
 3.111055E-03   
-5.681139E-03   
-1.446256E-02   
-2.322605E-02   
-3.196446E-02   
-4.067067E-02   
-4.933760E-02   
-5.795820E-02   
-6.652548E-02   
-7.503247E-02   
-8.347228E-02   
-9.183806E-02   
-1.001231E-01   
-1.083206E-01   
-1.164239E-01   
-1.244266E-01   
-1.323222E-01   
-1.401044E-01   
-1.477668E-01   
-1.553032E-01   
-1.627078E-01   
-1.699744E-01   
-1.770973E-01   
-1.840708E-01   
-1.908893E-01   
-1.975474E-01   
-2.040397E-01   
-2.103612E-01   
-2.165066E-01   
-2.224713E-01   
-2.282505E-01   
-2.338395E-01   
-2.392340E-01   
-2.444298E-01   
-2.494227E-01   
-2.542089E-01   
-2.587845E-01   
-2.631461E-01   
-2.672903E-01   
-2.712138E-01   
-2.749136E-01   
-2.783869E-01   
-2.816310E-01   
-2.846434E-01   
-2.874220E-01   
-2.899645E-01   
-2.922692E-01   
-2.943343E-01   
-2.961583E-01   
-2.977400E-01   
-2.990782E-01   
-3.001721E-01   
-3.010210E-01   
-3.016243E-01   
-3.019817E-01   
-3.020933E-01   
-3.019590E-01   
-3.015793E-01   
-3.009545E-01   
-3.000854E-01   
-2.989730E-01   
-2.976183E-01   
-2.960226E-01   
-2.941874E-01   
-2.921145E-01   
-2.898057E-01   
-2.872630E-01   
-2.844888E-01   
-2.814854E-01   
-2.782556E-01   
-2.748022E-01   
-2.711281E-01   
-2.672366E-01   
-2.631309E-01   
-2.588147E-01   
-2.542915E-01   
-2.495653E-01   
-2.446402E-01   
-2.395201E-01   
-2.342097E-01   
-2.287132E-01   
-2.230353E-01   
-2.171809E-01   
-2.111548E-01   
-2.049621E-01   
-1.986080E-01   
-1.920979E-01   
-1.854371E-01   
-1.786312E-01   
-1.716859E-01   
-1.646069E-01   
-1.574003E-01   
-1.500719E-01   
-1.426278E-01   
-1.350742E-01   
-1.274174E-01   
-1.196637E-01   
-1.118195E-01   
-1.038912E-01   
-9.588550E-02   
-8.780890E-02   
-7.966807E-02   
-7.146972E-02   
-6.322057E-02   
-5.492741E-02   
-4.659703E-02   
-3.823629E-02   
-2.985201E-02   
-2.145107E-02   
-1.304034E-02   
-4.626690E-03   
 3.783005E-03   
 1.218188E-02   
 2.056310E-02   
 2.891982E-02   
 3.724525E-02   
 4.553262E-02   
 5.377518E-02   
 6.196626E-02   
 7.009920E-02   
 7.816740E-02   
 8.616435E-02   
 9.408357E-02   
 1.019186E-01   
 1.096633E-01   
 1.173112E-01   
 1.248562E-01   
 1.322923E-01   
 1.396134E-01   
 1.468138E-01   
 1.538875E-01   
 1.608290E-01   
 1.676327E-01   
 1.742931E-01   
 1.808049E-01   
 1.871629E-01   
 1.933621E-01   
 1.993975E-01   
 2.052644E-01   
 2.109580E-01   
 2.164739E-01   
 2.218077E-01   
 2.269552E-01   
 2.319124E-01   
 2.366754E-01   
 2.412404E-01   
 2.456039E-01   
 2.497624E-01   
 2.537129E-01   
 2.574521E-01   
 2.609772E-01   
 2.642856E-01   
 2.673746E-01   
 2.702421E-01   
 2.728857E-01   
 2.753035E-01   
 2.774937E-01   
 2.794548E-01   
 2.811853E-01   
 2.826840E-01   
 2.839499E-01   
 2.849821E-01   
 2.857799E-01   
 2.863430E-01   
 2.866710E-01   
 2.867638E-01   
 2.866217E-01   
 2.862449E-01   
 2.856338E-01   
 2.847892E-01   
 2.837120E-01   
 2.824033E-01   
 2.808642E-01   
 2.790963E-01   
 2.771012E-01   
 2.748807E-01   
 2.724367E-01   
 2.697715E-01   
 2.668875E-01   
 2.637871E-01   
 2.604731E-01   
 2.569484E-01   
 2.532159E-01   
 2.492790E-01   
 2.451410E-01   
 2.408055E-01   
 2.362761E-01   
 2.315567E-01   
 2.266514E-01   
 2.215642E-01   
 2.162995E-01   
 2.108618E-01   
 2.052555E-01   
 1.994855E-01   
 1.935566E-01   
 1.874737E-01   
 1.812420E-01   
 1.748666E-01   
 1.683529E-01   
 1.617064E-01   
 1.549324E-01   
 1.480368E-01   
 1.410252E-01   
 1.339034E-01   
 1.266774E-01   
 1.193531E-01   
 1.119366E-01   
 1.044340E-01   
 9.685154E-02   
 8.919548E-02   
 8.147211E-02   
 7.368780E-02   
 6.584896E-02   
 5.796204E-02   
 5.003350E-02   
 4.206988E-02   
 3.407768E-02   
 2.606348E-02   
 1.803383E-02   
 9.995291E-03   
 1.954451E-03   
-6.082127E-03   
-1.410788E-02   
-2.211627E-02   
-3.010076E-02   
-3.805486E-02   
-4.597209E-02   
-5.384602E-02   
-6.167024E-02   
-6.943842E-02   
-7.714425E-02   
-8.478150E-02   
-9.234397E-02   
-9.982555E-02   
-1.072202E-01   
-1.145220E-01   
-1.217249E-01   
-1.288233E-01   
-1.358114E-01   
-1.426836E-01   
-1.494343E-01   
-1.560582E-01   
-1.625499E-01   
-1.689042E-01   
-1.751162E-01   
-1.811807E-01   
-1.870931E-01   
-1.928485E-01   
-1.984424E-01   
-2.038704E-01   
-2.091281E-01   
-2.142115E-01   
-2.191165E-01   
-2.238392E-01   
-2.283759E-01   
-2.327231E-01   
-2.368775E-01   
-2.408356E-01   
-2.445946E-01   
-2.481514E-01   
-2.515033E-01   
-2.546478E-01   
-2.575824E-01   
-2.603050E-01   
-2.628135E-01   
-2.651059E-01   
-2.671807E-01   
-2.690363E-01   
-2.706713E-01   
-2.720846E-01   
-2.732753E-01   
-2.742424E-01   
-2.749855E-01   
-2.755041E-01   
-2.757980E-01   
-2.758670E-01   
-2.757114E-01   
-2.753314E-01   
-2.747275E-01   
-2.739005E-01   
-2.728511E-01   
-2.715804E-01   
-2.700896E-01   
-2.683801E-01   
-2.664535E-01   
-2.643116E-01   
-2.619561E-01   
-2.593894E-01   
-2.566135E-01   
-2.536311E-01   
-2.504445E-01   
-2.470567E-01   
-2.434706E-01   
-2.396892E-01   
-2.357158E-01   
-2.315538E-01   
-2.272067E-01   
-2.226783E-01   
-2.179723E-01   
-2.130928E-01   
-2.080440E-01   
-2.028299E-01   
-1.974552E-01   
-1.919242E-01   
-1.862416E-01   
-1.804121E-01   
-1.744408E-01   
-1.683325E-01   
-1.620923E-01   
-1.557254E-01   
-1.492372E-01   
-1.426331E-01   
-1.359185E-01   
-1.290989E-01   
-1.221802E-01   
-1.151679E-01   
-1.080679E-01   
-1.008860E-01   
-9.362821E-02   
-8.630050E-02   
-7.890890E-02   
-7.145949E-02   
-6.395840E-02   
-5.641181E-02   
-4.882590E-02   
-4.120690E-02   
-3.356107E-02   
-2.589466E-02   
-1.821395E-02   
-1.052522E-02   
-2.834765E-03   
 4.851147E-03   
 1.252624E-02   
 2.018426E-02   
 2.781897E-02   
 3.542415E-02   
 4.299361E-02   
 5.052122E-02   
 5.800085E-02   
 6.542643E-02   
 7.279196E-02   
 8.009146E-02   
 8.731904E-02   
 9.446884E-02   
 1.015351E-01   
 1.085121E-01   
 1.153942E-01   
 1.221760E-01   
 1.288518E-01   
 1.354165E-01   
 1.418646E-01   
 1.481911E-01   
 1.543908E-01   
 1.604589E-01   
 1.663904E-01   
 1.721806E-01   
 1.778250E-01   
 1.833190E-01   
 1.886583E-01   
 1.938386E-01   
 1.988558E-01   
 2.037061E-01   
 2.083854E-01   
 2.128903E-01   
 2.172171E-01   
 2.213624E-01   
 2.253231E-01   
 2.290959E-01   
 2.326781E-01   
 2.360669E-01   
 2.392595E-01   
 2.422537E-01   
 2.450470E-01   
 2.476374E-01   
 2.500230E-01   
 2.522019E-01   
 2.541726E-01   
 2.559336E-01   
 2.574836E-01   
 2.588216E-01   
 2.599466E-01   
 2.608579E-01   
 2.615549E-01   
 2.620373E-01   
 2.623047E-01   
 2.623573E-01   
 2.621950E-01   
 2.618182E-01   
 2.612275E-01   
 2.604234E-01   
 2.594068E-01   
 2.581786E-01   
 2.567401E-01   
 2.550927E-01   
 2.532378E-01   
 2.511770E-01   
 2.489124E-01   
 2.464458E-01   
 2.437795E-01   
 2.409158E-01   
 2.378572E-01   
 2.346064E-01   
 2.311661E-01   
 2.275394E-01   
 2.237293E-01   
 2.197392E-01   
 2.155724E-01   
 2.112324E-01   
 2.067230E-01   
 2.020480E-01   
 1.972113E-01   
 1.922170E-01   
 1.870693E-01   
 1.817726E-01   
 1.763312E-01   
 1.707499E-01   
 1.650331E-01   
 1.591858E-01   
 1.532128E-01   
 1.471190E-01   
 1.409096E-01   
 1.345897E-01   
 1.281646E-01   
 1.216396E-01   
 1.150201E-01   
 1.083115E-01   
 1.015196E-01   
 9.464974E-02   
 8.770776E-02   
 8.069934E-02   
 7.363026E-02   
 6.650634E-02   
 5.933345E-02   
 5.211748E-02   
 4.486436E-02   
 3.758005E-02   
 3.027052E-02   
 2.294175E-02   
 1.559976E-02   
 8.250549E-03   
 9.001210E-04   
-6.445518E-03   
-1.378037E-02   
-2.109846E-02   
-2.839382E-02   
-3.566052E-02   
-4.289263E-02   
-5.008429E-02   
-5.722965E-02   
-6.432292E-02   
-7.135834E-02   
-7.833021E-02   
-8.523291E-02   
-9.206083E-02   
-9.880848E-02   
-1.054704E-01   
-1.120412E-01   
-1.185157E-01   
-1.248885E-01   
-1.311546E-01   
-1.373090E-01   
-1.433467E-01   
-1.492628E-01   
-1.550527E-01   
-1.607118E-01   
-1.662354E-01   
-1.716193E-01   
-1.768590E-01   
-1.819506E-01   
-1.868898E-01   
-1.916729E-01   
-1.962960E-01   
-2.007555E-01   
-2.050479E-01   
-2.091698E-01   
-2.131180E-01   
-2.168894E-01   
-2.204810E-01   
-2.238902E-01   
-2.271141E-01   
-2.301505E-01   
-2.329969E-01   
-2.356511E-01   
-2.381112E-01   
-2.403753E-01   
-2.424417E-01   
-2.443089E-01   
-2.459756E-01   
-2.474404E-01   
-2.487025E-01   
-2.497608E-01   
-2.506149E-01   
-2.512640E-01   
-2.517078E-01   
-2.519462E-01   
-2.519791E-01   
-2.518067E-01   
-2.514292E-01   
-2.508471E-01   
-2.500611E-01   
-2.490720E-01   
-2.478808E-01   
-2.464886E-01   
-2.448966E-01   
-2.431064E-01   
-2.411196E-01   
-2.389380E-01   
-2.365634E-01   
-2.339981E-01   
-2.312442E-01   
-2.283041E-01   
-2.251805E-01   
-2.218759E-01   
-2.183933E-01   
-2.147356E-01   
-2.109060E-01   
-2.069077E-01   
-2.027442E-01   
-1.984189E-01   
-1.939355E-01   
-1.892979E-01   
-1.845099E-01   
-1.795755E-01   
-1.744990E-01   
-1.692845E-01   
-1.639365E-01   
-1.584594E-01   
-1.528577E-01   
-1.471363E-01   
-1.412997E-01   
-1.353530E-01   
-1.293010E-01   
-1.231488E-01   
-1.169015E-01   
-1.105642E-01   
-1.041422E-01   
-9.764077E-02   
-9.106536E-02   
-8.442136E-02   
-7.771426E-02   
-7.094957E-02   
-6.413287E-02   
-5.726977E-02   
-5.036591E-02   
-4.342696E-02   
-3.645861E-02   
-2.946658E-02   
-2.245659E-02   
-1.543438E-02   
-8.405698E-03   
-1.376285E-03   
 5.648119E-03   
 1.266178E-02   
 1.965899E-02   
 2.663404E-02   
 3.358126E-02   
 4.049499E-02   
 4.736962E-02   
 5.419958E-02   
 6.097931E-02   
 6.770332E-02   
 7.436618E-02   
 8.096248E-02   
 8.748691E-02   
 9.393418E-02   
 1.002991E-01   
 1.065766E-01   
 1.127615E-01   
 1.188489E-01   
 1.248339E-01   
 1.307117E-01   
 1.364776E-01   
 1.421270E-01   
 1.476553E-01   
 1.530582E-01   
 1.583312E-01   
 1.634704E-01   
 1.684715E-01   
 1.733305E-01   
 1.780437E-01   
 1.826073E-01   
 1.870176E-01   
 1.912713E-01   
 1.953650E-01   
 1.992954E-01   
 2.030595E-01   
 2.066544E-01   
 2.100772E-01   
 2.133253E-01   
 2.163962E-01   
 2.192875E-01   
 2.219970E-01   
 2.245227E-01   
 2.268626E-01   
 2.290150E-01   
 2.309783E-01   
 2.327510E-01   
 2.343319E-01   
 2.357197E-01   
 2.369136E-01   
 2.379127E-01   
 2.387164E-01   
 2.393241E-01   
 2.397355E-01   
 2.399505E-01   
 2.399690E-01   
 2.397913E-01   
 2.394175E-01   
 2.388481E-01   
 2.380838E-01   
 2.371254E-01   
 2.359738E-01   
 2.346301E-01   
 2.330956E-01   
 2.313716E-01   
 2.294598E-01   
 2.273618E-01   
 2.250795E-01   
 2.226149E-01   
 2.199702E-01   
 2.171478E-01   
 2.141499E-01   
 2.109793E-01   
 2.076387E-01   
 2.041309E-01   
 2.004590E-01   
 1.966260E-01   
 1.926352E-01   
 1.884901E-01   
 1.841941E-01   
 1.797509E-01   
 1.751641E-01   
 1.704378E-01   
 1.655758E-01   
 1.605822E-01   
 1.554613E-01   
 1.502172E-01   
 1.448544E-01   
 1.393774E-01   
 1.337907E-01   
 1.280990E-01   
 1.223071E-01   
 1.164196E-01   
 1.104415E-01   
 1.043779E-01   
 9.823356E-02   
 9.201374E-02   
 8.572353E-02   
 7.936813E-02   
 7.295279E-02   
 6.648278E-02   
 5.996344E-02   
 5.340013E-02   
 4.679825E-02   
 4.016322E-02   
 3.350049E-02   
 2.681551E-02   
 2.011378E-02   
 1.340077E-02   
 6.681970E-03   
-3.711931E-05   
-6.751014E-03   
-1.345424E-02   
-2.014132E-02   
-2.680682E-02   
-3.344531E-02   
-4.005138E-02   
-4.661968E-02   
-5.314486E-02   
-5.962164E-02   
-6.604476E-02   
-7.240903E-02   
-7.870929E-02   
-8.494045E-02   
-9.109748E-02   
-9.717541E-02   
-1.031693E-01   
-1.090745E-01   
-1.148860E-01   
-1.205993E-01   
-1.262097E-01   
-1.317129E-01   
-1.371043E-01   
-1.423796E-01   
-1.475347E-01   
-1.525655E-01   
-1.574678E-01   
-1.622379E-01   
-1.668719E-01   
-1.713662E-01   
-1.757172E-01   
-1.799214E-01   
-1.839756E-01   
-1.878766E-01   
-1.916213E-01   
-1.952068E-01   
-1.986302E-01   
-2.018890E-01   
-2.049805E-01   
-2.079025E-01   
-2.106526E-01   
-2.132287E-01   
-2.156289E-01   
-2.178514E-01   
-2.198945E-01   
-2.217567E-01   
-2.234366E-01   
-2.249329E-01   
-2.262447E-01   
-2.273709E-01   
-2.283109E-01   
-2.290639E-01   
-2.296296E-01   
-2.300076E-01   
-2.301978E-01   
-2.302002E-01   
-2.300149E-01   
-2.296422E-01   
-2.290826E-01   
-2.283367E-01   
-2.274052E-01   
-2.262891E-01   
-2.249894E-01   
-2.235073E-01   
-2.218443E-01   
-2.200017E-01   
-2.179813E-01   
-2.157848E-01   
-2.134143E-01   
-2.108716E-01   
-2.081592E-01   
-2.052793E-01   
-2.022343E-01   
-1.990271E-01   
-1.956602E-01   
-1.921366E-01   
-1.884592E-01   
-1.846312E-01   
-1.806559E-01   
-1.765366E-01   
-1.722768E-01   
-1.678801E-01   
-1.633502E-01   
-1.586908E-01   
-1.539060E-01   
-1.489997E-01   
-1.439760E-01   
-1.388391E-01   
-1.335933E-01   
-1.282429E-01   
-1.227926E-01   
-1.172466E-01   
-1.116098E-01   
-1.058866E-01   
-1.000820E-01   
-9.420064E-02   
-8.824744E-02   
-8.222732E-02   
-7.614525E-02   
-7.000623E-02   
-6.381533E-02   
-5.757765E-02   
-5.129832E-02   
-4.498249E-02   
-3.863536E-02   
-3.226214E-02   
-2.586804E-02   
-1.945831E-02   
-1.303819E-02   
-6.612929E-03   
-1.877827E-04   
 6.232005E-03   
 1.264120E-02   
 1.903457E-02   
 2.540691E-02   
 3.175305E-02   
 3.806780E-02   
 4.434606E-02   
 5.058272E-02   
 5.677272E-02   
 6.291104E-02   
 6.899272E-02   
 7.501284E-02   
 8.096654E-02   
 8.684900E-02   
 9.265547E-02   
 9.838130E-02   
 1.040219E-01   
 1.095726E-01   
 1.150291E-01   
 1.203869E-01   
 1.256419E-01   
 1.307896E-01   
 1.358262E-01   
 1.407474E-01   
 1.455495E-01   
 1.502285E-01   
 1.547808E-01   
 1.592027E-01   
 1.634908E-01   
 1.676416E-01   
 1.716519E-01   
 1.755185E-01   
 1.792383E-01   
 1.828085E-01   
 1.862263E-01   
 1.894890E-01   
 1.925941E-01   
 1.955390E-01   
 1.983217E-01   
 2.009399E-01   
 2.033917E-01   
 2.056751E-01   
 2.077885E-01   
 2.097302E-01   
 2.114988E-01   
 2.130931E-01   
 2.145118E-01   
 2.157539E-01   
 2.168187E-01   
 2.177052E-01   
 2.184130E-01   
 2.189417E-01   
 2.192909E-01   
 2.194605E-01   
 2.194505E-01   
 2.192612E-01   
 2.188926E-01   
 2.183455E-01   
 2.176202E-01   
 2.167176E-01   
 2.156385E-01   
 2.143840E-01   
 2.129552E-01   
 2.113535E-01   
 2.095802E-01   
 2.076370E-01   
 2.055257E-01   
 2.032480E-01   
 2.008059E-01   
 1.982017E-01   
 1.954375E-01   
 1.925157E-01   
 1.894389E-01   
 1.862097E-01   
 1.828308E-01   
 1.793052E-01   
 1.756358E-01   
 1.718258E-01   
 1.678783E-01   
 1.637968E-01   
 1.595846E-01   
 1.552453E-01   
 1.507825E-01   
 1.462001E-01   
 1.415018E-01   
 1.366915E-01   
 1.317733E-01   
 1.267514E-01   
 1.216298E-01   
 1.164128E-01   
 1.111048E-01   
 1.057102E-01   
 1.002334E-01   
 9.467911E-02   
 8.905177E-02   
 8.335608E-02   
 7.759676E-02   
 7.177856E-02   
 6.590627E-02   
 5.998474E-02   
 5.401884E-02   
 4.801349E-02   
 4.197361E-02   
 3.590417E-02   
 2.981014E-02   
 2.369654E-02   
 1.756835E-02   
 1.143060E-02   
 5.288318E-03   
-8.534892E-04   
-6.989802E-03   
-1.311561E-02   
-1.922593E-02   
-2.531578E-02   
-3.138020E-02   
-3.741425E-02   
-4.341305E-02   
-4.937171E-02   
-5.528541E-02   
-6.114935E-02   
-6.695879E-02   
-7.270902E-02   
-7.839539E-02   
-8.401332E-02   
-8.955828E-02   
-9.502579E-02   
-1.004115E-01   
-1.057109E-01   
-1.109200E-01   
-1.160344E-01   
-1.210501E-01   
-1.259631E-01   
-1.307695E-01   
-1.354653E-01   
-1.400469E-01   
-1.445106E-01   
-1.488529E-01   
-1.530703E-01   
-1.571595E-01   
-1.611172E-01   
-1.649403E-01   
-1.686258E-01   
-1.721708E-01   
-1.755726E-01   
-1.788284E-01   
-1.819357E-01   
-1.848921E-01   
-1.876954E-01   
-1.903433E-01   
-1.928338E-01   
-1.951651E-01   
-1.973352E-01   
-1.993427E-01   
-2.011860E-01   
-2.028636E-01   
-2.043745E-01   
-2.057174E-01   
-2.068915E-01   
-2.078959E-01   
-2.087298E-01   
-2.093929E-01   
-2.098847E-01   
-2.102048E-01   
-2.103533E-01   
-2.103300E-01   
-2.101353E-01   
-2.097693E-01   
-2.092325E-01   
-2.085255E-01   
-2.076490E-01   
-2.066039E-01   
-2.053911E-01   
-2.040118E-01   
-2.024672E-01   
-2.007587E-01   
-1.988879E-01   
-1.968565E-01   
-1.946661E-01   
-1.923187E-01   
-1.898165E-01   
-1.871614E-01   
-1.843559E-01   
-1.814024E-01   
-1.783033E-01   
-1.750614E-01   
-1.716793E-01   
-1.681600E-01   
-1.645065E-01   
-1.607218E-01   
-1.568092E-01   
-1.527719E-01   
-1.486133E-01   
-1.443369E-01   
-1.399464E-01   
-1.354454E-01   
-1.308377E-01   
-1.261270E-01   
-1.213174E-01   
-1.164129E-01   
-1.114175E-01   
-1.063354E-01   
-1.011707E-01   
-9.592792E-02   
-9.061123E-02   
-8.522508E-02   
-7.977392E-02   
-7.426225E-02   
-6.869463E-02   
-6.307564E-02   
-5.740992E-02   
-5.170214E-02   
-4.595697E-02   
-4.017915E-02   
-3.437343E-02   
-2.854456E-02   
-2.269732E-02   
-1.683650E-02   
-1.096690E-02   
-5.093314E-03   
 7.794531E-04   
 6.646609E-03   
 1.250337E-02   
 1.834496E-02   
 2.416662E-02   
 2.996361E-02   
 3.573123E-02   
 4.146478E-02   
 4.715962E-02   
 5.281112E-02   
 5.841471E-02   
 6.396585E-02   
 6.946005E-02   
 7.489287E-02   
 8.025992E-02   
 8.555688E-02   
 9.077948E-02   
 9.592351E-02   
 1.009848E-01   
 1.059594E-01   
 1.108432E-01   
 1.156324E-01   
 1.203230E-01   
 1.249114E-01   
 1.293939E-01   
 1.337668E-01   
 1.380268E-01   
 1.421705E-01   
 1.461945E-01   
 1.500957E-01   
 1.538710E-01   
 1.575173E-01   
 1.610319E-01   
 1.644120E-01   
 1.676549E-01   
 1.707581E-01   
 1.737191E-01   
 1.765357E-01   
 1.792057E-01   
 1.817270E-01   
 1.840977E-01   
 1.863159E-01   
 1.883801E-01   
 1.902886E-01   
 1.920399E-01   
 1.936329E-01   
 1.950663E-01   
 1.963391E-01   
 1.974503E-01   
 1.983992E-01   
 1.991852E-01   
 1.998078E-01   
 2.002665E-01   
 2.005612E-01   
 2.006917E-01   
 2.006580E-01   
 2.004604E-01   
 2.000990E-01   
 1.995745E-01   
 1.988872E-01   
 1.980379E-01   
 1.970274E-01   
 1.958568E-01   
 1.945270E-01   
 1.930392E-01   
 1.913949E-01   
 1.895956E-01   
 1.876427E-01   
 1.855380E-01   
 1.832833E-01   
 1.808807E-01   
 1.783322E-01   
 1.756401E-01   
 1.728065E-01   
 1.698340E-01   
 1.667250E-01   
 1.634824E-01   
 1.601087E-01   
 1.566068E-01   
 1.529798E-01   
 1.492307E-01   
 1.453627E-01   
 1.413789E-01   
 1.372828E-01   
 1.330778E-01   
 1.287674E-01   
 1.243553E-01   
 1.198450E-01   
 1.152404E-01   
 1.105453E-01   
 1.057637E-01   
 1.008994E-01   
 9.595655E-02   
 9.093923E-02   
 8.585160E-02   
 8.069787E-02   
 7.548230E-02   
 7.020921E-02   
 6.488294E-02   
 5.950789E-02   
 5.408849E-02   
 4.862920E-02   
 4.313451E-02   
 3.760893E-02   
 3.205701E-02   
 2.648329E-02   
 2.089235E-02   
 1.528877E-02   
 9.677138E-03   
 4.062035E-03   
-1.551947E-03   
-7.160226E-03   
-1.275822E-02   
-1.834138E-02   
-2.390515E-02   
-2.944500E-02   
-3.495643E-02   
-4.043496E-02   
-4.587614E-02   
-5.127557E-02   
-5.662886E-02   
-6.193169E-02   
-6.717976E-02   
-7.236883E-02   
-7.749471E-02   
-8.255328E-02   
-8.754045E-02   
-9.245221E-02   
-9.728460E-02   
-1.020338E-01   
-1.066959E-01   
-1.112672E-01   
-1.157441E-01   
-1.201229E-01   
-1.244002E-01   
-1.285726E-01   
-1.326368E-01   
-1.365894E-01   
-1.404274E-01   
-1.441478E-01   
-1.477476E-01   
-1.512239E-01   
-1.545741E-01   
-1.577954E-01   
-1.608854E-01   
-1.638416E-01   
-1.666618E-01   
-1.693437E-01   
-1.718853E-01   
-1.742846E-01   
-1.765398E-01   
-1.786491E-01   
-1.806110E-01   
-1.824239E-01   
-1.840865E-01   
-1.855975E-01   
-1.869560E-01   
-1.881607E-01   
-1.892110E-01   
-1.901061E-01   
-1.908453E-01   
-1.914283E-01   
-1.918546E-01   
-1.921240E-01   
-1.922364E-01   
-1.921919E-01   
-1.919907E-01   
-1.916330E-01   
-1.911192E-01   
-1.904499E-01   
-1.896258E-01   
-1.886476E-01   
-1.875164E-01   
-1.862331E-01   
-1.847989E-01   
-1.832150E-01   
-1.814831E-01   
-1.796044E-01   
-1.775808E-01   
-1.754140E-01   
-1.731058E-01   
-1.706583E-01   
-1.680735E-01   
-1.653538E-01   
-1.625014E-01   
-1.595187E-01   
-1.564084E-01   
-1.531730E-01   
-1.498153E-01   
-1.463382E-01   
-1.427445E-01   
-1.390373E-01   
-1.352198E-01   
-1.312951E-01   
-1.272665E-01   
-1.231374E-01   
-1.189112E-01   
-1.145916E-01   
-1.101820E-01   
-1.056862E-01   
-1.011078E-01   
-9.645081E-02   
-9.171896E-02   
-8.691620E-02   
-8.204651E-02   
-7.711393E-02   
-7.212254E-02   
-6.707645E-02   
-6.197984E-02   
-5.683690E-02   
-5.165187E-02   
-4.642902E-02   
-4.117265E-02   
-3.588708E-02   
-3.057664E-02   
-2.524569E-02   
-1.989860E-02   
-1.453975E-02   
-9.173526E-03   
-3.804314E-03   
 1.563499E-03   
 6.925531E-03   
 1.227741E-02   
 1.761477E-02   
 2.293327E-02   
 2.822858E-02   
 3.349640E-02   
 3.873244E-02   
 4.393247E-02   
 4.909225E-02   
 5.420761E-02   
 5.927442E-02   
 6.428857E-02   
 6.924601E-02   
 7.414274E-02   
 7.897482E-02   
 8.373834E-02   
 8.842948E-02   
 9.304447E-02   
 9.757959E-02   
 1.020312E-01   
 1.063958E-01   
 1.106698E-01   
 1.148498E-01   
 1.189325E-01   
 1.229147E-01   
 1.267931E-01   
 1.305647E-01   
 1.342265E-01   
 1.377756E-01   
 1.412091E-01   
 1.445245E-01   
 1.477190E-01   
 1.507902E-01   
 1.537356E-01   
 1.565530E-01   
 1.592401E-01   
 1.617949E-01   
 1.642154E-01   
 1.664997E-01   
 1.686460E-01   
 1.706528E-01   
 1.725185E-01   
 1.742417E-01   
 1.758211E-01   
 1.772555E-01   
 1.785439E-01   
 1.796853E-01   
 1.806790E-01   
 1.815242E-01   
 1.822204E-01   
 1.827672E-01   
 1.831641E-01   
 1.834110E-01   
 1.835079E-01   
 1.834547E-01   
 1.832517E-01   
 1.828990E-01   
 1.823972E-01   
 1.817468E-01   
 1.809484E-01   
 1.800028E-01   
 1.789109E-01   
 1.776736E-01   
 1.762922E-01   
 1.747678E-01   
 1.731019E-01   
 1.712959E-01   
 1.693514E-01   
 1.672700E-01   
 1.650537E-01   
 1.627043E-01   
 1.602239E-01   
 1.576146E-01   
 1.548785E-01   
 1.520182E-01   
 1.490359E-01   
 1.459343E-01   
 1.427159E-01   
 1.393836E-01   
 1.359400E-01   
 1.323881E-01   
 1.287309E-01   
 1.249715E-01   
 1.211130E-01   
 1.171587E-01   
 1.131118E-01   
 1.089758E-01   
 1.047540E-01   
 1.004501E-01   
 9.606753E-02   
 9.161001E-02   
 8.708122E-02   
 8.248492E-02   
 7.782491E-02   
 7.310506E-02   
 6.832927E-02   
 6.350148E-02   
 5.862568E-02   
 5.370589E-02   
 4.874616E-02   
 4.375057E-02   
 3.872324E-02   
 3.366830E-02   
 2.858989E-02   
 2.349218E-02   
 1.837935E-02   
 1.325558E-02   
 8.125080E-03   
 2.992032E-03   
-2.139367E-03   
-7.264929E-03   
-1.238047E-02   
-1.748183E-02   
-2.256484E-02   
-2.762538E-02   
-3.265932E-02   
-3.766259E-02   
-4.263111E-02   
-4.756087E-02   
-5.244786E-02   
-5.728813E-02   
-6.207777E-02   
-6.681290E-02   
-7.148971E-02   
-7.610442E-02   
-8.065332E-02   
-8.513274E-02   
-8.953908E-02   
-9.386881E-02   
-9.811845E-02   
-1.022846E-01   
-1.063639E-01   
-1.103532E-01   
-1.142491E-01   
-1.180487E-01   
-1.217489E-01   
-1.253467E-01   
-1.288394E-01   
-1.322241E-01   
-1.354981E-01   
-1.386589E-01   
-1.417041E-01   
-1.446311E-01   
-1.474377E-01   
-1.501217E-01   
-1.526811E-01   
-1.551138E-01   
-1.574179E-01   
-1.595917E-01   
-1.616335E-01   
-1.635418E-01   
-1.653150E-01   
-1.669519E-01   
-1.684512E-01   
-1.698119E-01   
-1.710328E-01   
-1.721133E-01   
-1.730523E-01   
-1.738494E-01   
-1.745040E-01   
-1.750156E-01   
-1.753840E-01   
-1.756090E-01   
-1.756905E-01   
-1.756286E-01   
-1.754234E-01   
-1.750752E-01   
-1.745844E-01   
-1.739516E-01   
-1.731773E-01   
-1.722623E-01   
-1.712075E-01   
-1.700139E-01   
-1.686825E-01   
-1.672145E-01   
-1.656113E-01   
-1.638742E-01   
-1.620049E-01   
-1.600049E-01   
-1.578759E-01   
-1.556199E-01   
-1.532387E-01   
-1.507344E-01   
-1.481091E-01   
-1.453652E-01   
-1.425049E-01   
-1.395306E-01   
-1.364450E-01   
-1.332505E-01   
-1.299499E-01   
-1.265460E-01   
-1.230416E-01   
-1.194397E-01   
-1.157433E-01   
-1.119554E-01   
-1.080794E-01   
-1.041183E-01   
-1.000756E-01   
-9.595447E-02   
-9.175848E-02   
-8.749107E-02   
-8.315579E-02   
-7.875623E-02   
-7.429605E-02   
-6.977892E-02   
-6.520858E-02   
-6.058882E-02   
-5.592343E-02   
-5.121628E-02   
-4.647123E-02   
-4.169219E-02   
-3.688310E-02   
-3.204789E-02   
-2.719055E-02   
-2.231506E-02   
-1.742540E-02   
-1.252560E-02   
-7.619646E-03   
-2.711561E-03   
 2.194649E-03   
 7.094979E-03   
 1.198543E-02   
 1.686202E-02   
 2.172079E-02   
 2.655776E-02   
 3.136902E-02   
 3.615066E-02   
 4.089879E-02   
 4.560956E-02   
 5.027917E-02   
 5.490383E-02   
 5.947980E-02   
 6.400339E-02   
 6.847094E-02   
 7.287885E-02   
 7.722357E-02   
 8.150161E-02   
 8.570953E-02   
 8.984395E-02   
 9.390154E-02   
 9.787907E-02   
 1.017734E-01   
 1.055813E-01   
 1.092998E-01   
 1.129259E-01   
 1.164569E-01   
 1.198897E-01   
 1.232218E-01   
 1.264504E-01   
 1.295731E-01   
 1.325874E-01   
 1.354908E-01   
 1.382812E-01   
 1.409563E-01   
 1.435141E-01   
 1.459525E-01   
 1.482696E-01   
 1.504637E-01   
 1.525331E-01   
 1.544762E-01   
 1.562914E-01   
 1.579775E-01   
 1.595331E-01   
 1.609572E-01   
 1.622485E-01   
 1.634063E-01   
 1.644295E-01   
 1.653177E-01   
 1.660700E-01   
 1.666860E-01   
 1.671654E-01   
 1.675077E-01   
 1.677130E-01   
 1.677810E-01   
 1.677120E-01   
 1.675059E-01   
 1.671632E-01   
 1.666842E-01   
 1.660694E-01   
 1.653194E-01   
 1.644350E-01   
 1.634169E-01   
 1.622662E-01   
 1.609838E-01   
 1.595710E-01   
 1.580289E-01   
 1.563590E-01   
 1.545627E-01   
 1.526416E-01   
 1.505974E-01   
 1.484317E-01   
 1.461466E-01   
 1.437439E-01   
 1.412258E-01   
 1.385943E-01   
 1.358517E-01   
 1.330003E-01   
 1.300427E-01   
 1.269811E-01   
 1.238183E-01   
 1.205569E-01   
 1.171997E-01   
 1.137495E-01   
 1.102091E-01   
 1.065815E-01   
 1.028698E-01   
 9.907704E-02   
 9.520642E-02   
 9.126115E-02   
 8.724452E-02   
 8.315985E-02   
 7.901055E-02   
 7.480005E-02   
 7.053184E-02   
 6.620945E-02   
 6.183646E-02   
 5.741648E-02   
 5.295316E-02   
 4.845017E-02   
 4.391123E-02   
 3.934007E-02   
 3.474046E-02   
 3.011616E-02   
 2.547098E-02   
 2.080873E-02   
 1.613322E-02   
 1.144829E-02   
 6.757773E-03   
 2.065499E-03   
-2.624697E-03   
-7.308987E-03   
-1.198355E-02   
-1.664458E-02   
-2.128828E-02   
-2.591087E-02   
-3.050859E-02   
-3.507772E-02   
-3.961453E-02   
-4.411537E-02   
-4.857656E-02   
-5.299452E-02   
-5.736566E-02   
-6.168646E-02   
-6.595342E-02   
-7.016312E-02   
-7.431214E-02   
-7.839717E-02   
-8.241490E-02   
-8.636213E-02   
-9.023568E-02   
-9.403245E-02   
-9.774940E-02   
-1.013836E-01   
-1.049320E-01   
-1.083920E-01   
-1.117607E-01   
-1.150354E-01   
-1.182136E-01   
-1.212928E-01   
-1.242704E-01   
-1.271442E-01   
-1.299119E-01   
-1.325714E-01   
-1.351204E-01   
-1.375571E-01   
-1.398796E-01   
-1.420860E-01   
-1.441747E-01   
-1.461440E-01   
-1.479924E-01   
-1.497185E-01   
-1.513210E-01   
-1.527987E-01   
-1.541505E-01   
-1.553754E-01   
-1.564725E-01   
-1.574409E-01   
-1.582801E-01   
-1.589894E-01   
-1.595684E-01   
-1.600167E-01   
-1.603340E-01   
-1.605201E-01   
-1.605752E-01   
-1.604991E-01   
-1.602921E-01   
-1.599544E-01   
-1.594864E-01   
-1.588887E-01   
-1.581618E-01   
-1.573063E-01   
-1.563232E-01   
-1.552133E-01   
-1.539777E-01   
-1.526173E-01   
-1.511335E-01   
-1.495276E-01   
-1.478010E-01   
-1.459551E-01   
-1.439916E-01   
-1.419122E-01   
-1.397187E-01   
-1.374130E-01   
-1.349970E-01   
-1.324728E-01   
-1.298425E-01   
-1.271084E-01   
-1.242728E-01   
-1.213381E-01   
-1.183068E-01   
-1.151814E-01   
-1.119646E-01   
-1.086591E-01   
-1.052675E-01   
-1.017929E-01   
-9.823800E-02   
-9.460586E-02   
-9.089949E-02   
-8.712198E-02   
-8.327647E-02   
-7.936617E-02   
-7.539430E-02   
-7.136417E-02   
-6.727912E-02   
-6.314252E-02   
-5.895780E-02   
-5.472841E-02   
-5.045784E-02   
-4.614961E-02   
-4.180727E-02   
-3.743440E-02   
-3.303458E-02   
-2.861145E-02   
-2.416861E-02   
-1.970972E-02   
-1.523844E-02   
-1.075842E-02   
-6.273328E-03   
-1.786832E-03   
 2.697405E-03   
 7.175722E-03   
 1.164447E-02   
 1.610000E-02   
 2.053870E-02   
 2.495694E-02   
 2.935114E-02   
 3.371774E-02   
 3.805318E-02   
 4.235395E-02   
 4.661658E-02   
 5.083760E-02   
 5.501361E-02   
 5.914124E-02   
 6.321715E-02   
 6.723806E-02   
 7.120072E-02   
 7.510196E-02   
 7.893864E-02   
 8.270767E-02   
 8.640604E-02   
 9.003077E-02   
 9.357898E-02   
 9.704783E-02   
 1.004345E-01   
 1.037364E-01   
 1.069509E-01   
 1.100753E-01   
 1.131072E-01   
 1.160443E-01   
 1.188841E-01   
 1.216245E-01   
 1.242633E-01   
 1.267984E-01   
 1.292279E-01   
 1.315498E-01   
 1.337623E-01   
 1.358638E-01   
 1.378526E-01   
 1.397271E-01   
 1.414859E-01   
 1.431277E-01   
 1.446513E-01   
 1.460554E-01   
 1.473391E-01   
 1.485014E-01   
 1.495414E-01   
 1.504584E-01   
 1.512517E-01   
 1.519209E-01   
 1.524654E-01   
 1.528849E-01   
 1.531792E-01   
 1.533481E-01   
 1.533916E-01   
 1.533097E-01   
 1.531027E-01   
 1.527708E-01   
 1.523144E-01   
 1.517339E-01   
 1.510300E-01   
 1.502032E-01   
 1.492544E-01   
 1.481845E-01   
 1.469944E-01   
 1.456852E-01   
 1.442581E-01   
 1.427143E-01   
 1.410551E-01   
 1.392821E-01   
 1.373967E-01   
 1.354007E-01   
 1.332957E-01   
 1.310835E-01   
 1.287660E-01   
 1.263452E-01   
 1.238232E-01   
 1.212021E-01   
 1.184841E-01   
 1.156715E-01   
 1.127667E-01   
 1.097722E-01   
 1.066904E-01   
 1.035240E-01   
 1.002756E-01   
 9.694792E-02   
 9.354374E-02   
 9.006591E-02   
 8.651733E-02   
 8.290095E-02   
 7.921979E-02   
 7.547690E-02   
 7.167538E-02   
 6.781840E-02   
 6.390914E-02   
 5.995084E-02   
 5.594678E-02   
 5.190025E-02   
 4.781461E-02   
 4.369321E-02   
 3.953945E-02   
 3.535675E-02   
 3.114855E-02   
 2.691830E-02   
 2.266949E-02   
 1.840558E-02   
 1.413009E-02   
 9.846497E-03   
 5.558320E-03   
 1.269060E-03   
-3.017779E-03   
-7.298699E-03   
-1.157021E-02   
-1.582883E-02   
-2.007109E-02   
-2.429354E-02   
-2.849275E-02   
-3.266532E-02   
-3.680785E-02   
-4.091698E-02   
-4.498939E-02   
-4.902179E-02   
-5.301091E-02   
-5.695353E-02   
-6.084647E-02   
-6.468658E-02   
-6.847079E-02   
-7.219604E-02   
-7.585935E-02   
-7.945776E-02   
-8.298839E-02   
-8.644842E-02   
-8.983509E-02   
-9.314567E-02   
-9.637753E-02   
-9.952811E-02   
-1.025949E-01   
-1.055754E-01   
-1.084674E-01   
-1.112684E-01   
-1.139764E-01   
-1.165891E-01   
-1.191045E-01   
-1.215207E-01   
-1.238357E-01   
-1.260477E-01   
-1.281550E-01   
-1.301560E-01   
-1.320492E-01   
-1.338330E-01   
-1.355061E-01   
-1.370673E-01   
-1.385153E-01   
-1.398490E-01   
-1.410676E-01   
-1.421699E-01   
-1.431553E-01   
-1.440231E-01   
-1.447726E-01   
-1.454033E-01   
-1.459148E-01   
-1.463068E-01   
-1.465790E-01   
-1.467314E-01   
-1.467639E-01   
-1.466765E-01   
-1.464695E-01   
-1.461431E-01   
-1.456977E-01   
-1.451337E-01   
-1.444517E-01   
-1.436523E-01   
-1.427364E-01   
-1.417046E-01   
-1.405581E-01   
-1.392977E-01   
-1.379247E-01   
-1.364402E-01   
-1.348456E-01   
-1.331422E-01   
-1.313315E-01   
-1.294151E-01   
-1.273946E-01   
-1.252718E-01   
-1.230484E-01   
-1.207265E-01   
-1.183079E-01   
-1.157947E-01   
-1.131890E-01   
-1.104931E-01   
-1.077092E-01   
-1.048397E-01   
-1.018869E-01   
-9.885342E-02   
-9.574171E-02   
-9.255440E-02   
-8.929417E-02   
-8.596372E-02   
-8.256583E-02   
-7.910334E-02   
-7.557912E-02   
-7.199610E-02   
-6.835726E-02   
-6.466561E-02   
-6.092421E-02   
-5.713616E-02   
-5.330458E-02   
-4.943265E-02   
-4.552354E-02   
-4.158050E-02   
-3.760676E-02   
-3.360560E-02   
-2.958030E-02   
-2.553417E-02   
-2.147054E-02   
-1.739272E-02   
-1.330408E-02   
-9.207942E-03   
-5.107670E-03   
-1.006613E-03   
 3.091879E-03   
 7.184463E-03   
 1.126780E-02   
 1.533857E-02   
 1.939345E-02   
 2.342915E-02   
 2.744238E-02   
 3.142989E-02   
 3.538844E-02   
 3.931483E-02   
 4.320588E-02   
 4.705843E-02   
 5.086937E-02   
 5.463562E-02   
 5.835415E-02   
 6.202196E-02   
 6.563610E-02   
 6.919365E-02   
 7.269176E-02   
 7.612762E-02   
 7.949847E-02   
 8.280163E-02   
 8.603444E-02   
 8.919432E-02   
 9.227875E-02   
 9.528528E-02   
 9.821151E-02   
 1.010551E-01   
 1.038139E-01   
 1.064855E-01   
 1.090681E-01   
 1.115594E-01   
 1.139575E-01   
 1.162606E-01   
 1.184669E-01   
 1.205745E-01   
 1.225820E-01   
 1.244877E-01   
 1.262902E-01   
 1.279880E-01   
 1.295799E-01   
 1.310646E-01   
 1.324411E-01   
 1.337083E-01   
 1.348653E-01   
 1.359111E-01   
 1.368450E-01   
 1.376665E-01   
 1.383748E-01   
 1.389695E-01   
 1.394502E-01   
 1.398166E-01   
 1.400685E-01   
 1.402058E-01   
 1.402285E-01   
 1.401366E-01   
 1.399303E-01   
 1.396099E-01   
 1.391758E-01   
 1.386283E-01   
 1.379680E-01   
 1.371956E-01   
 1.363117E-01   
 1.353172E-01   
 1.342130E-01   
 1.330001E-01   
 1.316796E-01   
 1.302525E-01   
 1.287203E-01   
 1.270841E-01   
 1.253455E-01   
 1.235059E-01   
 1.215669E-01   
 1.195302E-01   
 1.173976E-01   
 1.151708E-01   
 1.128517E-01   
 1.104424E-01   
 1.079448E-01   
 1.053610E-01   
 1.026934E-01   
 9.994396E-02   
 9.711516E-02   
 9.420935E-02   
 9.122895E-02   
 8.817645E-02   
 8.505442E-02   
 8.186545E-02   
 7.861221E-02   
 7.529739E-02   
 7.192378E-02   
 6.849415E-02   
 6.501136E-02   
 6.147830E-02   
 5.789790E-02   
 5.427311E-02   
 5.060693E-02   
 4.690239E-02   
 4.316254E-02   
 3.939047E-02   
 3.558929E-02   
 3.176212E-02   
 2.791211E-02   
 2.404242E-02   
 2.015623E-02   
 1.625672E-02   
 1.234708E-02   
 8.430532E-03   
 4.510264E-03   
 5.894835E-04   
-3.328608E-03   
-7.240812E-03   
-1.114394E-02   
-1.503481E-02   
-1.891026E-02   
-2.276713E-02   
-2.660230E-02   
-3.041264E-02   
-3.419506E-02   
-3.794650E-02   
-4.166393E-02   
-4.534433E-02   
-4.898473E-02   
-5.258219E-02   
-5.613380E-02   
-5.963670E-02   
-6.308808E-02   
-6.648516E-02   
-6.982520E-02   
-7.310553E-02   
-7.632352E-02   
-7.947659E-02   
-8.256221E-02   
-8.557793E-02   
-8.852133E-02   
-9.139008E-02   
-9.418189E-02   
-9.689454E-02   
-9.952589E-02   
-1.020739E-01   
-1.045364E-01   
-1.069116E-01   
-1.091977E-01   
-1.113927E-01   
-1.134949E-01   
-1.155029E-01   
-1.174149E-01   
-1.192295E-01   
-1.209452E-01   
-1.225609E-01   
-1.240752E-01   
-1.254869E-01   
-1.267951E-01   
-1.279987E-01   
-1.290968E-01   
-1.300886E-01   
-1.309735E-01   
-1.317507E-01   
-1.324197E-01   
-1.329800E-01   
-1.334314E-01   
-1.337734E-01   
-1.340060E-01   
-1.341290E-01   
-1.341424E-01   
-1.340462E-01   
-1.338407E-01   
-1.335262E-01   
-1.331028E-01   
-1.325712E-01   
-1.319318E-01   
-1.311852E-01   
-1.303321E-01   
-1.293733E-01   
-1.283097E-01   
-1.271422E-01   
-1.258719E-01   
-1.244998E-01   
-1.230273E-01   
-1.214555E-01   
-1.197858E-01   
-1.180197E-01   
-1.161588E-01   
-1.142045E-01   
-1.121586E-01   
-1.100228E-01   
-1.077989E-01   
-1.054889E-01   
-1.030946E-01   
-1.006181E-01   
-9.806157E-02   
-9.542703E-02   
-9.271675E-02   
-8.993299E-02   
-8.707811E-02   
-8.415447E-02   
-8.116454E-02   
-7.811080E-02   
-7.499579E-02   
-7.182212E-02   
-6.859241E-02   
-6.530936E-02   
-6.197569E-02   
-5.859417E-02   
-5.516758E-02   
-5.169877E-02   
-4.819060E-02   
-4.464597E-02   
-4.106781E-02   
-3.745906E-02   
-3.382270E-02   
-3.016171E-02   
-2.647911E-02   
-2.277792E-02   
-1.906118E-02   
-1.533193E-02   
-1.159324E-02   
-7.848154E-03   
-4.099746E-03   
-3.510762E-04   
 3.394794E-03   
 7.134808E-03   
 1.086592E-02   
 1.458508E-02   
 1.828928E-02   
 2.197549E-02   
 2.564072E-02   
 2.928199E-02   
 3.289636E-02   
 3.648089E-02   
 4.003268E-02   
 4.354886E-02   
 4.702658E-02   
 5.046303E-02   
 5.385545E-02   
 5.720110E-02   
 6.049729E-02   
 6.374135E-02   
 6.693070E-02   
 7.006277E-02   
 7.313505E-02   
 7.614507E-02   
 7.909043E-02   
 8.196879E-02   
 8.477784E-02   
 8.751534E-02   
 9.017913E-02   
 9.276707E-02   
 9.527714E-02   
 9.770733E-02   
 1.000557E-01   
 1.023205E-01   
 1.044998E-01   
 1.065920E-01   
 1.085954E-01   
 1.105085E-01   
 1.123298E-01   
 1.140579E-01   
 1.156913E-01   
 1.172290E-01   
 1.186696E-01   
 1.200122E-01   
 1.212556E-01   
 1.223990E-01   
 1.234414E-01   
 1.243823E-01   
 1.252207E-01   
 1.259562E-01   
 1.265882E-01   
 1.271163E-01   
 1.275402E-01   
 1.278595E-01   
 1.280742E-01   
 1.281841E-01   
 1.281892E-01   
 1.280896E-01   
 1.278855E-01   
 1.275770E-01   
 1.271647E-01   
 1.266488E-01   
 1.260299E-01   
 1.253086E-01   
 1.244855E-01   
 1.235614E-01   
 1.225372E-01   
 1.214137E-01   
 1.201920E-01   
 1.188731E-01   
 1.174582E-01   
 1.159485E-01   
 1.143453E-01   
 1.126501E-01   
 1.108642E-01   
 1.089893E-01   
 1.070268E-01   
 1.049786E-01   
 1.028463E-01   
 1.006317E-01   
 9.833673E-02   
 9.596333E-02   
 9.351347E-02   
 9.098924E-02   
 8.839275E-02   
 8.572618E-02   
 8.299177E-02   
 8.019180E-02   
 7.732861E-02   
 7.440460E-02   
 7.142220E-02   
 6.838389E-02   
 6.529220E-02   
 6.214971E-02   
 5.895900E-02   
 5.572274E-02   
 5.244360E-02   
 4.912429E-02   
 4.576756E-02   
 4.237618E-02   
 3.895294E-02   
 3.550067E-02   
 3.202221E-02   
 2.852042E-02   
 2.499818E-02   
 2.145839E-02   
 1.790394E-02   
 1.433775E-02   
 1.076275E-02   
 7.181855E-03   
 3.598001E-03   
 1.411429E-05   
-3.566878E-03   
-7.142054E-03   
-1.070850E-02   
-1.426331E-02   
-1.780359E-02   
-2.132646E-02   
-2.482907E-02   
-2.830855E-02   
-3.176211E-02   
-3.518692E-02   
-3.858023E-02   
-4.193929E-02   
-4.526138E-02   
-4.854381E-02   
-5.178395E-02   
-5.497918E-02   
-5.812693E-02   
-6.122466E-02   
-6.426989E-02   
-6.726017E-02   
-7.019311E-02   
-7.306636E-02   
-7.587762E-02   
-7.862464E-02   
-8.130524E-02   
-8.391728E-02   
-8.645869E-02   
-8.892744E-02   
-9.132158E-02   
-9.363922E-02   
-9.587852E-02   
-9.803773E-02   
-1.001151E-01   
-1.021091E-01   
-1.040181E-01   
-1.058406E-01   
-1.075753E-01   
-1.092206E-01   
-1.107755E-01   
-1.122387E-01   
-1.136091E-01   
-1.148855E-01   
-1.160672E-01   
-1.171531E-01   
-1.181425E-01   
-1.190347E-01   
-1.198289E-01   
-1.205247E-01   
-1.211214E-01   
-1.216189E-01   
-1.220166E-01   
-1.223144E-01   
-1.225121E-01   
-1.226096E-01   
-1.226069E-01   
-1.225042E-01   
-1.223015E-01   
-1.219991E-01   
-1.215974E-01   
-1.210967E-01   
-1.204976E-01   
-1.198006E-01   
-1.190063E-01   
-1.181156E-01   
-1.171291E-01   
-1.160478E-01   
-1.148727E-01   
-1.136047E-01   
-1.122451E-01   
-1.107949E-01   
-1.092554E-01   
-1.076280E-01   
-1.059141E-01   
-1.041151E-01   
-1.022326E-01   
-1.002681E-01   
-9.822344E-02   
-9.610022E-02   
-9.390028E-02   
-9.162548E-02   
-8.927774E-02   
-8.685904E-02   
-8.437140E-02   
-8.181692E-02   
-7.919773E-02   
-7.651604E-02   
-7.377407E-02   
-7.097411E-02   
-6.811851E-02   
-6.520963E-02   
-6.224990E-02   
-5.924177E-02   
-5.618774E-02   
-5.309035E-02   
-4.995215E-02   
-4.677574E-02   
-4.356374E-02   
-4.031882E-02   
-3.704364E-02   
-3.374090E-02   
-3.041332E-02   
-2.706365E-02   
-2.369463E-02   
-2.030903E-02   
-1.690963E-02   
-1.349921E-02   
-1.008057E-02   
-6.656514E-03   
-3.229831E-03   
 1.966735E-04   
 3.620203E-03   
 7.037963E-03   
 1.044717E-02   
 1.384504E-02   
 1.722882E-02   
 2.059575E-02   
 2.394310E-02   
 2.726814E-02   
 3.056819E-02   
 3.384057E-02   
 3.708262E-02   
 4.029173E-02   
 4.346530E-02   
 4.660078E-02   
 4.969562E-02   
 5.274734E-02   
 5.575348E-02   
 5.871163E-02   
 6.161940E-02   
 6.447447E-02   
 6.727454E-02   
 7.001737E-02   
 7.270078E-02   
 7.532261E-02   
 7.788079E-02   
 8.037326E-02   
 8.279805E-02   
 8.515324E-02   
 8.743696E-02   
 8.964739E-02   
 9.178281E-02   
 9.384152E-02   
 9.582191E-02   
 9.772242E-02   
 9.954156E-02   
 1.012779E-01   
 1.029302E-01   
 1.044970E-01   
 1.059772E-01   
 1.073696E-01   
 1.086732E-01   
 1.098870E-01   
 1.110101E-01   
 1.120415E-01   
 1.129807E-01   
 1.138268E-01   
 1.145792E-01   
 1.152375E-01   
 1.158011E-01   
 1.162696E-01   
 1.166429E-01   
 1.169205E-01   
 1.171025E-01   
 1.171886E-01   
 1.171790E-01   
 1.170737E-01   
 1.168729E-01   
 1.165768E-01   
 1.161857E-01   
 1.157001E-01   
 1.151203E-01   
 1.144471E-01   
 1.136809E-01   
 1.128224E-01   
 1.118726E-01   
 1.108321E-01   
 1.097020E-01   
 1.084833E-01   
 1.071769E-01   
 1.057840E-01   
 1.043059E-01   
 1.027438E-01   
 1.010991E-01   
 9.937319E-02   
 9.756750E-02   
 9.568360E-02   
 9.372309E-02   
 9.168764E-02   
 8.957897E-02   
 8.739886E-02   
 8.514915E-02   
 8.283173E-02   
 8.044855E-02   
 7.800162E-02   
 7.549297E-02   
 7.292472E-02   
 7.029900E-02   
 6.761801E-02   
 6.488398E-02   
 6.209918E-02   
 5.926594E-02   
 5.638660E-02   
 5.346356E-02   
 5.049923E-02   
 4.749607E-02   
 4.445657E-02   
 4.138324E-02   
 3.827861E-02   
 3.514524E-02   
 3.198572E-02   
 2.880265E-02   
 2.559864E-02   
 2.237634E-02   
 1.913837E-02   
 1.588741E-02   
 1.262612E-02   
 9.357170E-03   
 6.083232E-03   
 2.806986E-03   
-4.688906E-04   
-3.741724E-03   
-7.008843E-03   
-1.026758E-02   
-1.351530E-02   
-1.674933E-02   
-1.996707E-02   
-2.316588E-02   
-2.634318E-02   
-2.949639E-02   
-3.262296E-02   
-3.572034E-02   
-3.878604E-02   
-4.181759E-02   
-4.481252E-02   
-4.776843E-02   
-5.068294E-02   
-5.355369E-02   
-5.637838E-02   
-5.915475E-02   
-6.188055E-02   
-6.455362E-02   
-6.717181E-02   
-6.973302E-02   
-7.223521E-02   
-7.467639E-02   
-7.705461E-02   
-7.936799E-02   
-8.161468E-02   
-8.379291E-02   
-8.590095E-02   
-8.793714E-02   
-8.989987E-02   
-9.178761E-02   
-9.359887E-02   
-9.533223E-02   
-9.698635E-02   
-9.855994E-02   
-1.000518E-01   
-1.014607E-01   
-1.027857E-01   
-1.040256E-01   
-1.051796E-01   
-1.062468E-01   
-1.072264E-01   
-1.081176E-01   
-1.089198E-01   
-1.096325E-01   
-1.102551E-01   
-1.107871E-01   
-1.112283E-01   
-1.115783E-01   
-1.118369E-01   
-1.120039E-01   
-1.120794E-01   
-1.120634E-01   
-1.119558E-01   
-1.117570E-01   
-1.114670E-01   
-1.110863E-01   
-1.106152E-01   
-1.100542E-01   
-1.094038E-01   
-1.086646E-01   
-1.078372E-01   
-1.069225E-01   
-1.059213E-01   
-1.048344E-01   
-1.036628E-01   
-1.024075E-01   
-1.010697E-01   
-9.965038E-02   
-9.815090E-02   
-9.657250E-02   
-9.491655E-02   
-9.318446E-02   
-9.137771E-02   
-8.949783E-02   
-8.754642E-02   
-8.552512E-02   
-8.343566E-02   
-8.127978E-02   
-7.905931E-02   
-7.677610E-02   
-7.443208E-02   
-7.202921E-02   
-6.956949E-02   
-6.705499E-02   
-6.448780E-02   
-6.187006E-02   
-5.920395E-02   
-5.649169E-02   
-5.373552E-02   
-5.093774E-02   
-4.810066E-02   
-4.522664E-02   
-4.231804E-02   
-3.937727E-02   
-3.640676E-02   
-3.340897E-02   
-3.038635E-02   
-2.734140E-02   
-2.427662E-02   
-2.119453E-02   
-1.809767E-02   
-1.498856E-02   
-1.186977E-02   
-8.743847E-03   
-5.613345E-03   
-2.480828E-03   
 6.511453E-04   
 3.780018E-03   
 6.903238E-03   
 1.001826E-02   
 1.312255E-02   
 1.621357E-02   
 1.928882E-02   
 2.234580E-02   
 2.538202E-02   
 2.839503E-02   
 3.138237E-02   
 3.434165E-02   
 3.727045E-02   
 4.016642E-02   
 4.302721E-02   
 4.585052E-02   
 4.863408E-02   
 5.137564E-02   
 5.407300E-02   
 5.672399E-02   
 5.932649E-02   
 6.187841E-02   
 6.437770E-02   
 6.682238E-02   
 6.921049E-02   
 7.154012E-02   
 7.380942E-02   
 7.601659E-02   
 7.815987E-02   
 8.023757E-02   
 8.224804E-02   
 8.418971E-02   
 8.606103E-02   
 8.786053E-02   
 8.958682E-02   
 9.123853E-02   
 9.281438E-02   
 9.431315E-02   
 9.573367E-02   
 9.707485E-02   
 9.833565E-02   
 9.951512E-02   
 1.006124E-01   
 1.016265E-01   
 1.025569E-01   
 1.034027E-01   
 1.041634E-01   
 1.048384E-01   
 1.054273E-01   
 1.059296E-01   
 1.063449E-01   
 1.066731E-01   
 1.069139E-01   
 1.070671E-01   
 1.071328E-01   
 1.071110E-01   
 1.070017E-01   
 1.068052E-01   
 1.065215E-01   
 1.061511E-01   
 1.056943E-01   
 1.051516E-01   
 1.045234E-01   
 1.038104E-01   
 1.030132E-01   
 1.021326E-01   
 1.011692E-01   
 1.001240E-01   
 9.899792E-02   
 9.779188E-02   
 9.650697E-02   
 9.514429E-02   
 9.370503E-02   
 9.219041E-02   
 9.060175E-02   
 8.894039E-02   
 8.720775E-02   
 8.540531E-02   
 8.353459E-02   
 8.159718E-02   
 7.959471E-02   
 7.752887E-02   
 7.540140E-02   
 7.321410E-02   
 7.096878E-02   
 6.866734E-02   
 6.631170E-02   
 6.390382E-02   
 6.144572E-02   
 5.893944E-02   
 5.638708E-02   
 5.379074E-02   
 5.115259E-02   
 4.847482E-02   
 4.575964E-02   
 4.300930E-02   
 4.022608E-02   
 3.741228E-02   
 3.457022E-02   
 3.170223E-02   
 2.881070E-02   
 2.589799E-02   
 2.296650E-02   
 2.001864E-02   
 1.705684E-02   
 1.408351E-02   
 1.110110E-02   
 8.112057E-03   
 5.118819E-03   
 2.123835E-03   
-8.704463E-04   
-3.861582E-03   
-6.847131E-03   
-9.824660E-03   
-1.279175E-02   
-1.574597E-02   
-1.868494E-02   
-2.160626E-02   
-2.450756E-02   
-2.738649E-02   
-3.024071E-02   
-3.306792E-02   
-3.586583E-02   
-3.863218E-02   
-4.136473E-02   
-4.406128E-02   
-4.671966E-02   
-4.933773E-02   
-5.191339E-02   
-5.444456E-02   
-5.692922E-02   
-5.936537E-02   
-6.175107E-02   
-6.408440E-02   
-6.636351E-02   
-6.858658E-02   
-7.075184E-02   
-7.285757E-02   
-7.490209E-02   
-7.688379E-02   
-7.880111E-02   
-8.065252E-02   
-8.243657E-02   
-8.415186E-02   
-8.579704E-02   
-8.737083E-02   
-8.887200E-02   
-9.029939E-02   
-9.165188E-02   
-9.292844E-02   
-9.412809E-02   
-9.524990E-02   
-9.629304E-02   
-9.725669E-02   
-9.814016E-02   
-9.894278E-02   
-9.966396E-02   
-1.003032E-01   
-1.008600E-01   
-1.013340E-01   
-1.017248E-01   
-1.020323E-01   
-1.022563E-01   
-1.023966E-01   
-1.024531E-01   
-1.024260E-01   
-1.023152E-01   
-1.021210E-01   
-1.018436E-01   
-1.014833E-01   
-1.010404E-01   
-1.005153E-01   
-9.990864E-02   
-9.922088E-02   
-9.845268E-02   
-9.760472E-02   
-9.667776E-02   
-9.567262E-02   
-9.459019E-02   
-9.343142E-02   
-9.219730E-02   
-9.088892E-02   
-8.950740E-02   
-8.805393E-02   
-8.652976E-02   
-8.493618E-02   
-8.327455E-02   
-8.154630E-02   
-7.975287E-02   
-7.789579E-02   
-7.597664E-02   
-7.399702E-02   
-7.195860E-02   
-6.986310E-02   
-6.771226E-02   
-6.550791E-02   
-6.325187E-02   
-6.094603E-02   
-5.859231E-02   
-5.619269E-02   
-5.374914E-02   
-5.126371E-02   
-4.873846E-02   
-4.617548E-02   
-4.357690E-02   
-4.094486E-02   
-3.828155E-02   
-3.558916E-02   
-3.286992E-02   
-3.012606E-02   
-2.735986E-02   
-2.457358E-02   
-2.176951E-02   
-1.894997E-02   
-1.611727E-02   
-1.327372E-02   
-1.042167E-02   
-7.563444E-03   
-4.701384E-03   
-1.837829E-03   
 1.024881E-03   
 3.884408E-03   
 6.738421E-03   
 9.584593E-03   
 1.242061E-02   
 1.524416E-02   
 1.805294E-02   
 2.084469E-02   
 2.361713E-02   
 2.636801E-02   
 2.909510E-02   
 3.179621E-02   
 3.446914E-02   
 3.711173E-02   
 3.972185E-02   
 4.229740E-02   
 4.483630E-02   
 4.733651E-02   
 4.979601E-02   
 5.221284E-02   
 5.458506E-02   
 5.691075E-02   
 5.918807E-02   
 6.141520E-02   
 6.359034E-02   
 6.571178E-02   
 6.777783E-02   
 6.978683E-02   
 7.173720E-02   
 7.362740E-02   
 7.545592E-02   
 7.722133E-02   
 7.892223E-02   
 8.055730E-02   
 8.212524E-02   
 8.362484E-02   
 8.505492E-02   
 8.641437E-02   
 8.770214E-02   
 8.891724E-02   
 9.005874E-02   
 9.112576E-02   
 9.211749E-02   
 9.303318E-02   
 9.387216E-02   
 9.463379E-02   
 9.531752E-02   
 9.592285E-02   
 9.644935E-02   
 9.689666E-02   
 9.726448E-02   
 9.755256E-02   
 9.776075E-02   
 9.788893E-02   
 9.793708E-02   
 9.790520E-02   
 9.779340E-02   
 9.760183E-02   
 9.733071E-02   
 9.698033E-02   
 9.655104E-02   
 9.604325E-02   
 9.545745E-02   
 9.479417E-02   
 9.405402E-02   
 9.323767E-02   
 9.234585E-02   
 9.137934E-02   
 9.033900E-02   
 8.922573E-02   
 8.804051E-02   
 8.678436E-02   
 8.545837E-02   
 8.406367E-02   
 8.260145E-02   
 8.107298E-02   
 7.947955E-02   
 7.782252E-02   
 7.610328E-02   
 7.432330E-02   
 7.248407E-02   
 7.058716E-02   
 6.863415E-02   
 6.662668E-02   
 6.456644E-02   
 6.245516E-02   
 6.029459E-02   
 5.808655E-02   
 5.583287E-02   
 5.353544E-02   
 5.119616E-02   
 4.881698E-02   
 4.639988E-02   
 4.394685E-02   
 4.145994E-02   
 3.894119E-02   
 3.639270E-02   
 3.381657E-02   
 3.121492E-02   
 2.858990E-02   
 2.594367E-02   
 2.327841E-02   
 2.059631E-02   
 1.789958E-02   
 1.519043E-02   
 1.247108E-02   
 9.743763E-03   
 7.010708E-03   
 4.274154E-03   
 1.536338E-03   
-1.200503E-03   
-3.934135E-03   
-6.662330E-03   
-9.382863E-03   
-1.209352E-02   
-1.479209E-02   
-1.747639E-02   
-2.014423E-02   
-2.279345E-02   
-2.542191E-02   
-2.802746E-02   
-3.060801E-02   
-3.316146E-02   
-3.568576E-02   
-3.817886E-02   
-4.063875E-02   
-4.306346E-02   
-4.545104E-02   
-4.779955E-02   
-5.010713E-02   
-5.237191E-02   
-5.459208E-02   
-5.676587E-02   
-5.889154E-02   
-6.096739E-02   
-6.299177E-02   
-6.496306E-02   
-6.687971E-02   
-6.874019E-02   
-7.054302E-02   
-7.228678E-02   
-7.397010E-02   
-7.559166E-02   
-7.715016E-02   
-7.864441E-02   
-8.007322E-02   
-8.143549E-02   
-8.273016E-02   
-8.395622E-02   
-8.511273E-02   
-8.619881E-02   
-8.721361E-02   
-8.815638E-02   
-8.902640E-02   
-8.982303E-02   
-9.054566E-02   
-9.119377E-02   
-9.176690E-02   
-9.226463E-02   
-9.268662E-02   
-9.303259E-02   
-9.330231E-02   
-9.349564E-02   
-9.361247E-02   
-9.365277E-02   
-9.361657E-02   
-9.350396E-02   
-9.331510E-02   
-9.305020E-02   
-9.270954E-02   
-9.229347E-02   
-9.180238E-02   
-9.123673E-02   
-9.059705E-02   
-8.988393E-02   
-8.909799E-02   
-8.823995E-02   
-8.731056E-02   
-8.631065E-02   
-8.524108E-02   
-8.410278E-02   
-8.289675E-02   
-8.162401E-02   
-8.028567E-02   
-7.888287E-02   
-7.741681E-02   
-7.588874E-02   
-7.429995E-02   
-7.265180E-02   
-7.094568E-02   
-6.918302E-02   
-6.736531E-02   
-6.549409E-02   
-6.357092E-02   
-6.159742E-02   
-5.957524E-02   
-5.750607E-02   
-5.539163E-02   
-5.323370E-02   
-5.103407E-02   
-4.879456E-02   
-4.651705E-02   
-4.420342E-02   
-4.185559E-02   
-3.947551E-02   
-3.706514E-02   
-3.462647E-02   
-3.216153E-02   
-2.967235E-02   
-2.716097E-02   
-2.462948E-02   
-2.207994E-02   
-1.951446E-02   
-1.693515E-02   
-1.434412E-02   
-1.174350E-02   
-9.135416E-03   
-6.522009E-03   
-3.905416E-03   
-1.287776E-03   
 1.328773E-03   
 3.942095E-03   
 6.550059E-03   
 9.150540E-03   
 1.174142E-02   
 1.432059E-02   
 1.688596E-02   
 1.943544E-02   
 2.196696E-02   
 2.447847E-02   
 2.696794E-02   
 2.943335E-02   
 3.187271E-02   
 3.428404E-02   
 3.666541E-02   
 3.901489E-02   
 4.133058E-02   
 4.361063E-02   
 4.585321E-02   
 4.805650E-02   
 5.021875E-02   
 5.233823E-02   
 5.441323E-02   
 5.644210E-02   
 5.842322E-02   
 6.035501E-02   
 6.223594E-02   
 6.406451E-02   
 6.583927E-02   
 6.755881E-02   
 6.922178E-02   
 7.082686E-02   
 7.237279E-02   
 7.385836E-02   
 7.528240E-02   
 7.664380E-02   
 7.794150E-02   
 7.917449E-02   
 8.034182E-02   
 8.144259E-02   
 8.247596E-02   
 8.344113E-02   
 8.433737E-02   
 8.516401E-02   
 8.592043E-02   
 8.660606E-02   
 8.722042E-02   
 8.776304E-02   
 8.823356E-02   
 8.863164E-02   
 8.895702E-02   
 8.920949E-02   
 8.938890E-02   
 8.949517E-02   
 8.952828E-02   
 8.948824E-02   
 8.937516E-02   
 8.918920E-02   
 8.893054E-02   
 8.859948E-02   
 8.819634E-02   
 8.772151E-02   
 8.717543E-02   
 8.655861E-02   
 8.587161E-02   
 8.511504E-02   
 8.428959E-02   
 8.339598E-02   
 8.243500E-02   
 8.140748E-02   
 8.031433E-02   
 7.915648E-02   
 7.793494E-02   
 7.665075E-02   
 7.530502E-02   
 7.389889E-02   
 7.243356E-02   
 7.091028E-02   
 6.933034E-02   
 6.769507E-02   
 6.600585E-02   
 6.426411E-02   
 6.247132E-02   
 6.062897E-02   
 5.873861E-02   
 5.680183E-02   
 5.482025E-02   
 5.279552E-02   
 5.072932E-02   
 4.862338E-02   
 4.647946E-02   
 4.429933E-02   
 4.208480E-02   
 3.983771E-02   
 3.755992E-02   
 3.525332E-02   
 3.291981E-02   
 3.056132E-02   
 2.817980E-02   
 2.577721E-02   
 2.335552E-02   
 2.091674E-02   
 1.846287E-02   
 1.599592E-02   
 1.351792E-02   
 1.103089E-02   
 8.536892E-03   
 6.037951E-03   
 3.536116E-03   
 1.033432E-03   
-1.468057E-03   
-3.966308E-03   
-6.459285E-03   
-8.944956E-03   
-1.142130E-02   
-1.388630E-02   
-1.633795E-02   
-1.877426E-02   
-2.119326E-02   
-2.359298E-02   
-2.597148E-02   
-2.832683E-02   
-3.065714E-02   
-3.296051E-02   
-3.523509E-02   
-3.747905E-02   
-3.969058E-02   
-4.186789E-02   
-4.400925E-02   
-4.611292E-02   
-4.817723E-02   
-5.020052E-02   
-5.218116E-02   
-5.411759E-02   
-5.600825E-02   
-5.785163E-02   
-5.964628E-02   
-6.139076E-02   
-6.308369E-02   
-6.472373E-02   
-6.630958E-02   
-6.784000E-02   
-6.931378E-02   
-7.072976E-02   
-7.208683E-02   
-7.338394E-02   
-7.462007E-02   
-7.579426E-02   
-7.690561E-02   
-7.795326E-02   
-7.893640E-02   
-7.985429E-02   
-8.070623E-02   
-8.149157E-02   
-8.220974E-02   
-8.286019E-02   
-8.344246E-02   
-8.395612E-02   
-8.440081E-02   
-8.477622E-02   
-8.508211E-02   
-8.531828E-02   
-8.548459E-02   
-8.558096E-02   
-8.560738E-02   
-8.556388E-02   
-8.545056E-02   
-8.526755E-02   
-8.501507E-02   
-8.469338E-02   
-8.430280E-02   
-8.384371E-02   
-8.331653E-02   
-8.272176E-02   
-8.205992E-02   
-8.133163E-02   
-8.053752E-02   
-7.967830E-02   
-7.875473E-02   
-7.776760E-02   
-7.671779E-02   
-7.560619E-02   
-7.443376E-02   
-7.320152E-02   
-7.191052E-02   
-7.056185E-02   
-6.915667E-02   
-6.769617E-02   
-6.618160E-02   
-6.461422E-02   
-6.299536E-02   
-6.132639E-02   
-5.960871E-02   
-5.784376E-02   
-5.603303E-02   
-5.417802E-02   
-5.228030E-02   
-5.034143E-02   
-4.836305E-02   
-4.634679E-02   
-4.429434E-02   
-4.220741E-02   
-4.008771E-02   
-3.793702E-02   
-3.575710E-02   
-3.354978E-02   
-3.131686E-02   
-2.906020E-02   
-2.678166E-02   
-2.448311E-02   
-2.216645E-02   
-1.983359E-02   
-1.748643E-02   
-1.512693E-02   
-1.275699E-02   
-1.037859E-02   
-7.993648E-03   
-5.604134E-03   
-3.211998E-03   
-8.191968E-04   
 1.572316E-03   
 3.960589E-03   
 6.343674E-03   
 8.719630E-03   
 1.108652E-02   
 1.344242E-02   
 1.578542E-02   
 1.811362E-02   
 2.042511E-02   
 2.271804E-02   
 2.499055E-02   
 2.724078E-02   
 2.946694E-02   
 3.166721E-02   
 3.383982E-02   
 3.598302E-02   
 3.809509E-02   
 4.017432E-02   
 4.221905E-02   
 4.422762E-02   
 4.619845E-02   
 4.812993E-02   
 5.002054E-02   
 5.186875E-02   
 5.367309E-02   
 5.543214E-02   
 5.714448E-02   
 5.880875E-02   
 6.042365E-02   
 6.198788E-02   
 6.350021E-02   
 6.495946E-02   
 6.636447E-02   
 6.771414E-02   
 6.900741E-02   
 7.024327E-02   
 7.142076E-02   
 7.253897E-02   
 7.359703E-02   
 7.459413E-02   
 7.552950E-02   
 7.640243E-02   
 7.721225E-02   
 7.795837E-02   
 7.864021E-02   
 7.925728E-02   
 7.980912E-02   
 8.029535E-02   
 8.071560E-02   
 8.106961E-02   
 8.135712E-02   
 8.157796E-02   
 8.173201E-02   
 8.181918E-02   
 8.183948E-02   
 8.179292E-02   
 8.167962E-02   
 8.149971E-02   
 8.125339E-02   
 8.094092E-02   
 8.056261E-02   
 8.011883E-02   
 7.960998E-02   
 7.903654E-02   
 7.839903E-02   
 7.769801E-02   
 7.693412E-02   
 7.610804E-02   
 7.522047E-02   
 7.427221E-02   
 7.326407E-02   
 7.219693E-02   
 7.107170E-02   
 6.988935E-02   
 6.865090E-02   
 6.735740E-02   
 6.600995E-02   
 6.460970E-02   
 6.315783E-02   
 6.165557E-02   
 6.010419E-02   
 5.850499E-02   
 5.685933E-02   
 5.516858E-02   
 5.343416E-02   
 5.165751E-02   
 4.984014E-02   
 4.798355E-02   
 4.608929E-02   
 4.415894E-02   
 4.219411E-02   
 4.019642E-02   
 3.816754E-02   
 3.610914E-02   
 3.402294E-02   
 3.191066E-02   
 2.977404E-02   
 2.761486E-02   
 2.543488E-02   
 2.323591E-02   
 2.101976E-02   
 1.878826E-02   
 1.654323E-02   
 1.428652E-02   
 1.201999E-02   
 9.745493E-03   
 7.464890E-03   
 5.180051E-03   
 2.892845E-03   
 6.051420E-04   
-1.681190E-03   
-3.964286E-03   
-6.242283E-03   
-8.513326E-03   
-1.077557E-02   
-1.302716E-02   
-1.526629E-02   
-1.749112E-02   
-1.969985E-02   
-2.189070E-02   
-2.406189E-02   
-2.621166E-02   
-2.833828E-02   
-3.044002E-02   
-3.251519E-02   
-3.456212E-02   
-3.657916E-02   
-3.856469E-02   
-4.051710E-02   
-4.243485E-02   
-4.431637E-02   
-4.616018E-02   
-4.796480E-02   
-4.972877E-02   
-5.145071E-02   
-5.312922E-02   
-5.476299E-02   
-5.635071E-02   
-5.789112E-02   
-5.938301E-02   
-6.082519E-02   
-6.221652E-02   
-6.355593E-02   
-6.484234E-02   
-6.607476E-02   
-6.725222E-02   
-6.837381E-02   
-6.943866E-02   
-7.044593E-02   
-7.139487E-02   
-7.228473E-02   
-7.311485E-02   
-7.388459E-02   
-7.459337E-02   
-7.524067E-02   
-7.582600E-02   
-7.634894E-02   
-7.680912E-02   
-7.720620E-02   
-7.753992E-02   
-7.781005E-02   
-7.801643E-02   
-7.815894E-02   
-7.823751E-02   
-7.825214E-02   
-7.820286E-02   
-7.808977E-02   
-7.791301E-02   
-7.767277E-02   
-7.736931E-02   
-7.700292E-02   
-7.657396E-02   
-7.608283E-02   
-7.552997E-02   
-7.491589E-02   
-7.424115E-02   
-7.350633E-02   
-7.271210E-02   
-7.185914E-02   
-7.094821E-02   
-6.998009E-02   
-6.895562E-02   
-6.787568E-02   
-6.674120E-02   
-6.555316E-02   
-6.431256E-02   
-6.302046E-02   
-6.167795E-02   
-6.028619E-02   
-5.884633E-02   
-5.735961E-02   
-5.582726E-02   
-5.425058E-02   
-5.263089E-02   
-5.096955E-02   
-4.926795E-02   
-4.752752E-02   
-4.574969E-02   
-4.393597E-02   
-4.208785E-02   
-4.020688E-02   
-3.829461E-02   
-3.635264E-02   
-3.438257E-02   
-3.238604E-02   
-3.036470E-02   
-2.832021E-02   
-2.625427E-02   
-2.416858E-02   
-2.206487E-02   
-1.994486E-02   
-1.781029E-02   
-1.566293E-02   
-1.350453E-02   
-1.133687E-02   
-9.161726E-03   
-6.980879E-03   
-4.796115E-03   
-2.609222E-03   
-4.219854E-04   
 1.763807E-03   
 3.946372E-03   
 6.123930E-03   
 8.294706E-03   
 1.045694E-02   
 1.260886E-02   
 1.474872E-02   
 1.687480E-02   
 1.898536E-02   
 2.107868E-02   
 2.315309E-02   
 2.520689E-02   
 2.723843E-02   
 2.924607E-02   
 3.122818E-02   
 3.318318E-02   
 3.510948E-02   
 3.700554E-02   
 3.886982E-02   
 4.070085E-02   
 4.249714E-02   
 4.425726E-02   
 4.597981E-02   
 4.766340E-02   
 4.930669E-02   
 5.090838E-02   
 5.246719E-02   
 5.398188E-02   
 5.545126E-02   
 5.687415E-02   
 5.824944E-02   
 5.957603E-02   
 6.085290E-02   
 6.207903E-02   
 6.325347E-02   
 6.437530E-02   
 6.544364E-02   
 6.645767E-02   
 6.741660E-02   
 6.831970E-02   
 6.916627E-02   
 6.995567E-02   
 7.068730E-02   
 7.136061E-02   
 7.197510E-02   
 7.253031E-02   
 7.302585E-02   
 7.346135E-02   
 7.383650E-02   
 7.415105E-02   
 7.440480E-02   
 7.459758E-02   
 7.472929E-02   
 7.479987E-02   
 7.480932E-02   
 7.475766E-02   
 7.464500E-02   
 7.447148E-02   
 7.423730E-02   
 7.394268E-02   
 7.358792E-02   
 7.317336E-02   
 7.269938E-02   
 7.216643E-02   
 7.157499E-02   
 7.092558E-02   
 7.021878E-02   
 6.945522E-02   
 6.863557E-02   
 6.776054E-02   
 6.683089E-02   
 6.584743E-02   
 6.481100E-02   
 6.372250E-02   
 6.258285E-02   
 6.139302E-02   
 6.015404E-02   
 5.886694E-02   
 5.753283E-02   
 5.615282E-02   
 5.472809E-02   
 5.325983E-02   
 5.174928E-02   
 5.019770E-02   
 4.860640E-02   
 4.697670E-02   
 4.530998E-02   
 4.360762E-02   
 4.187103E-02   
 4.010168E-02   
 3.830102E-02   
 3.647055E-02   
 3.461180E-02   
 3.272630E-02   
 3.081561E-02   
 2.888132E-02   
 2.692502E-02   
 2.494834E-02   
 2.295289E-02   
 2.094033E-02   
 1.891232E-02   
 1.687051E-02   
 1.481659E-02   
 1.275225E-02   
 1.067918E-02   
 8.599082E-03   
 6.513657E-03   
 4.424615E-03   
 2.333664E-03   
 2.425126E-04   
-1.847131E-03   
-3.933562E-03   
-6.015080E-03   
-8.089988E-03   
-1.015660E-02   
-1.221323E-02   
-1.425821E-02   
-1.628988E-02   
-1.830659E-02   
-2.030671E-02   
-2.228862E-02   
-2.425071E-02   
-2.619139E-02   
-2.810911E-02   
-3.000231E-02   
-3.186947E-02   
-3.370908E-02   
-3.551967E-02   
-3.729978E-02   
-3.904798E-02   
-4.076286E-02   
-4.244307E-02   
-4.408725E-02   
-4.569408E-02   
-4.726230E-02   
-4.879064E-02   
-5.027790E-02   
-5.172289E-02   
-5.312447E-02   
-5.448153E-02   
-5.579299E-02   
-5.705783E-02   
-5.827504E-02   
-5.944368E-02   
-6.056283E-02   
-6.163161E-02   
-6.264919E-02   
-6.361479E-02   
-6.452766E-02   
-6.538710E-02   
-6.619244E-02   
-6.694308E-02   
-6.763844E-02   
-6.827801E-02   
-6.886130E-02   
-6.938789E-02   
-6.985740E-02   
-7.026948E-02   
-7.062384E-02   
-7.092025E-02   
-7.115851E-02   
-7.133848E-02   
-7.146004E-02   
-7.152316E-02   
-7.152783E-02   
-7.147408E-02   
-7.136202E-02   
-7.119179E-02   
-7.096356E-02   
-7.067757E-02   
-7.033411E-02   
-6.993350E-02   
-6.947611E-02   
-6.896237E-02   
-6.839273E-02   
-6.776772E-02   
-6.708788E-02   
-6.635382E-02   
-6.556618E-02   
-6.472565E-02   
-6.383295E-02   
-6.288886E-02   
-6.189419E-02   
-6.084979E-02   
-5.975656E-02   
-5.861543E-02   
-5.742738E-02   
-5.619340E-02   
-5.491454E-02   
-5.359190E-02   
-5.222657E-02   
-5.081971E-02   
-4.937251E-02   
-4.788617E-02   
-4.636195E-02   
-4.480112E-02   
-4.320498E-02   
-4.157487E-02   
-3.991214E-02   
-3.821818E-02   
-3.649440E-02   
-3.474223E-02   
-3.296312E-02   
-3.115855E-02   
-2.933001E-02   
-2.747902E-02   
-2.560710E-02   
-2.371580E-02   
-2.180669E-02   
-1.988133E-02   
-1.794131E-02   
-1.598822E-02   
-1.402367E-02   
-1.204928E-02   
-1.006667E-02   
-8.077454E-03   
-6.083269E-03   
-4.085747E-03   
-2.086522E-03   
-8.722671E-05   
 1.910505E-03   
 3.905045E-03   
 5.894765E-03   
 7.878046E-03   
 9.853272E-03   
 1.181884E-02   
 1.377315E-02   
 1.571461E-02   
 1.764166E-02   
 1.955273E-02   
 2.144626E-02   
 2.332074E-02   
 2.517465E-02   
 2.700648E-02   
 2.881476E-02   
 3.059803E-02   
 3.235487E-02   
 3.408384E-02   
 3.578358E-02   
 3.745270E-02   
 3.908988E-02   
 4.069380E-02   
 4.226318E-02   
 4.379676E-02   
 4.529333E-02   
 4.675170E-02   
 4.817069E-02   
 4.954919E-02   
 5.088610E-02   
 5.218037E-02   
 5.343098E-02   
 5.463693E-02   
 5.579728E-02   
 5.691112E-02   
 5.797758E-02   
 5.899582E-02   
 5.996506E-02   
 6.088454E-02   
 6.175355E-02   
 6.257143E-02   
 6.333754E-02   
 6.405131E-02   
 6.471219E-02   
 6.531970E-02   
 6.587336E-02   
 6.637279E-02   
 6.681760E-02   
 6.720750E-02   
 6.754219E-02   
 6.782146E-02   
 6.804512E-02   
 6.821303E-02   
 6.832510E-02   
 6.838129E-02   
 6.838160E-02   
 6.832606E-02   
 6.821478E-02   
 6.804789E-02   
 6.782556E-02   
 6.754804E-02   
 6.721558E-02   
 6.682851E-02   
 6.638718E-02   
 6.589200E-02   
 6.534342E-02   
 6.474194E-02   
 6.408807E-02   
 6.338241E-02   
 6.262557E-02   
 6.181820E-02   
 6.096102E-02   
 6.005475E-02   
 5.910019E-02   
 5.809815E-02   
 5.704948E-02   
 5.595509E-02   
 5.481589E-02   
 5.363287E-02   
 5.240702E-02   
 5.113937E-02   
 4.983100E-02   
 4.848300E-02   
 4.709652E-02   
 4.567271E-02   
 4.421276E-02   
 4.271791E-02   
 4.118939E-02   
 3.962849E-02   
 3.803650E-02   
 3.641475E-02   
 3.476459E-02   
 3.308738E-02   
 3.138453E-02   
 2.965744E-02   
 2.790755E-02   
 2.613629E-02   
 2.434513E-02   
 2.253556E-02   
 2.070906E-02   
 1.886714E-02   
 1.701132E-02   
 1.514312E-02   
 1.326408E-02   
 1.137575E-02   
 9.479662E-03   
 7.577383E-03   
 5.670469E-03   
 3.760480E-03   
 1.848979E-03   
-6.247285E-05   
-1.972314E-03   
-3.878986E-03   
-5.780935E-03   
-7.676613E-03   
-9.564475E-03   
-1.144299E-02   
-1.331062E-02   
-1.516587E-02   
-1.700721E-02   
-1.883317E-02   
-2.064226E-02   
-2.243301E-02   
-2.420399E-02   
-2.595376E-02   
-2.768091E-02   
-2.938405E-02   
-3.106180E-02   
-3.271282E-02   
-3.433579E-02   
-3.592939E-02   
-3.749235E-02   
-3.902343E-02   
-4.052139E-02   
-4.198504E-02   
-4.341321E-02   
-4.480477E-02   
-4.615861E-02   
-4.747366E-02   
-4.874887E-02   
-4.998323E-02   
-5.117577E-02   
-5.232555E-02   
-5.343166E-02   
-5.449325E-02   
-5.550947E-02   
-5.647954E-02   
-5.740269E-02   
-5.827823E-02   
-5.910546E-02   
-5.988375E-02   
-6.061252E-02   
-6.129119E-02   
-6.191926E-02   
-6.249627E-02   
-6.302177E-02   
-6.349538E-02   
-6.391676E-02   
-6.428561E-02   
-6.460166E-02   
-6.486470E-02   
-6.507457E-02   
-6.523113E-02   
-6.533430E-02   
-6.538403E-02   
-6.538034E-02   
-6.532326E-02   
-6.521290E-02   
-6.504937E-02   
-6.483286E-02   
-6.456359E-02   
-6.424182E-02   
-6.386786E-02   
-6.344206E-02   
-6.296480E-02   
-6.243651E-02   
-6.185768E-02   
-6.122881E-02   
-6.055046E-02   
-5.982322E-02   
-5.904772E-02   
-5.822465E-02   
-5.735470E-02   
-5.643864E-02   
-5.547723E-02   
-5.447132E-02   
-5.342174E-02   
-5.232941E-02   
-5.119523E-02   
-5.002019E-02   
-4.880525E-02   
-4.755146E-02   
-4.625987E-02   
-4.493155E-02   
-4.356764E-02   
-4.216926E-02   
-4.073759E-02   
-3.927383E-02   
-3.777920E-02   
-3.625493E-02   
-3.470232E-02   
-3.312263E-02   
-3.151719E-02   
-2.988732E-02   
-2.823438E-02   
-2.655974E-02   
-2.486478E-02   
-2.315090E-02   
-2.141951E-02   
-1.967206E-02   
-1.790996E-02   
-1.613468E-02   
-1.434768E-02   
-1.255042E-02   
-1.074439E-02   
-8.931053E-03   
-7.111907E-03   
-5.288441E-03   
-3.462147E-03   
-1.634518E-03   
 1.929526E-04   
 2.018772E-03   
 3.841451E-03   
 5.659504E-03   
 7.471450E-03   
 9.275814E-03   
 1.107113E-02   
 1.285594E-02   
 1.462879E-02   
 1.638825E-02   
 1.813289E-02   
 1.986130E-02   
 2.157207E-02   
 2.326384E-02   
 2.493522E-02   
 2.658488E-02   
 2.821148E-02   
 2.981372E-02   
 3.139030E-02   
 3.293997E-02   
 3.446147E-02   
 3.595358E-02   
 3.741512E-02   
 3.884491E-02   
 4.024182E-02   
 4.160472E-02   
 4.293254E-02   
 4.422421E-02   
 4.547872E-02   
 4.669507E-02   
 4.787229E-02   
 4.900947E-02   
 5.010569E-02   
 5.116010E-02   
 5.217188E-02   
 5.314022E-02   
 5.406439E-02   
 5.494365E-02   
 5.577733E-02   
 5.656478E-02   
 5.730540E-02   
 5.799862E-02   
 5.864391E-02   
 5.924079E-02   
 5.978881E-02   
 6.028756E-02   
 6.073668E-02   
 6.113583E-02   
 6.148473E-02   
 6.178314E-02   
 6.203086E-02   
 6.222772E-02   
 6.237361E-02   
 6.246845E-02   
 6.251220E-02   
 6.250487E-02   
 6.244651E-02   
 6.233720E-02   
 6.217708E-02   
 6.196631E-02   
 6.170512E-02   
 6.139376E-02   
 6.103252E-02   
 6.062173E-02   
 6.016178E-02   
 5.965308E-02   
 5.909608E-02   
 5.849128E-02   
 5.783922E-02   
 5.714045E-02   
 5.639560E-02   
 5.560531E-02   
 5.477025E-02   
 5.389115E-02   
 5.296877E-02   
 5.200388E-02   
 5.099732E-02   
 4.994994E-02   
 4.886262E-02   
 4.773629E-02   
 4.657190E-02   
 4.537044E-02   
 4.413290E-02   
 4.286034E-02   
 4.155382E-02   
 4.021443E-02   
 3.884330E-02   
 3.744157E-02   
 3.601041E-02   
 3.455102E-02   
 3.306460E-02   
 3.155240E-02   
 3.001566E-02   
 2.845567E-02   
 2.687372E-02   
 2.527112E-02   
 2.364918E-02   
 2.200926E-02   
 2.035271E-02   
 1.868089E-02   
 1.699518E-02   
 1.529696E-02   
 1.358764E-02   
 1.186863E-02   
 1.014132E-02   
 8.407142E-03   
 6.667514E-03   
 4.923861E-03   
 3.177611E-03   
 1.430191E-03   
-3.169710E-04   
-2.062448E-03   
-3.804817E-03   
-5.542657E-03   
-7.274553E-03   
-8.999096E-03   
-1.071488E-02   
-1.242052E-02   
-1.411463E-02   
-1.579582E-02   
-1.746275E-02   
-1.911405E-02   
-2.074841E-02   
-2.236448E-02   
-2.396098E-02   
-2.553660E-02   
-2.709009E-02   
-2.862019E-02   
-3.012568E-02   
-3.160533E-02   
-3.305797E-02   
-3.448243E-02   
-3.587757E-02   
-3.724228E-02   
-3.857547E-02   
-3.987606E-02   
-4.114304E-02   
-4.237538E-02   
-4.357212E-02   
-4.473231E-02   
-4.585502E-02   
-4.693937E-02   
-4.798451E-02   
-4.898961E-02   
-4.995389E-02   
-5.087660E-02   
-5.175701E-02   
-5.259444E-02   
-5.338824E-02   
-5.413779E-02   
-5.484253E-02   
-5.550192E-02   
-5.611544E-02   
-5.668265E-02   
-5.720311E-02   
-5.767643E-02   
-5.810227E-02   
-5.848032E-02   
-5.881032E-02   
-5.909202E-02   
-5.932524E-02   
-5.950983E-02   
-5.964567E-02   
-5.973270E-02   
-5.977089E-02   
-5.976024E-02   
-5.970080E-02   
-5.959267E-02   
-5.943596E-02   
-5.923084E-02   
-5.897754E-02   
-5.867628E-02   
-5.832735E-02   
-5.793108E-02   
-5.748784E-02   
-5.699801E-02   
-5.646204E-02   
-5.588041E-02   
-5.525362E-02   
-5.458223E-02   
-5.386682E-02   
-5.310801E-02   
-5.230645E-02   
-5.146284E-02   
-5.057789E-02   
-4.965237E-02   
-4.868706E-02   
-4.768279E-02   
-4.664040E-02   
-4.556077E-02   
-4.444483E-02   
-4.329351E-02   
-4.210778E-02   
-4.088863E-02   
-3.963709E-02   
-3.835421E-02   
-3.704106E-02   
-3.569873E-02   
-3.432835E-02   
-3.293106E-02   
-3.150803E-02   
-3.006042E-02   
-2.858946E-02   
-2.709635E-02   
-2.558234E-02   
-2.404867E-02   
-2.249662E-02   
-2.092747E-02   
-1.934251E-02   
-1.774305E-02   
-1.613041E-02   
-1.450592E-02   
-1.287091E-02   
-1.122672E-02   
-9.574714E-03   
-7.916238E-03   
-6.252652E-03   
-4.585319E-03   
-2.915605E-03   
-1.244874E-03   
 4.255090E-04   
 2.094179E-03   
 3.759777E-03   
 5.420943E-03   
 7.076325E-03   
 8.724577E-03   
 1.036436E-02   
 1.199434E-02   
 1.361319E-02   
 1.521960E-02   
 1.681228E-02   
 1.838992E-02   
 1.995126E-02   
 2.149504E-02   
 2.302000E-02   
 2.452491E-02   
 2.600857E-02   
 2.746978E-02   
 2.890737E-02   
 3.032018E-02   
 3.170707E-02   
 3.306695E-02   
 3.439871E-02   
 3.570129E-02   
 3.697366E-02   
 3.821479E-02   
 3.942371E-02   
 4.059945E-02   
 4.174108E-02   
 4.284769E-02   
 4.391840E-02   
 4.495238E-02   
 4.594881E-02   
 4.690691E-02   
 4.782592E-02   
 4.870513E-02   
 4.954385E-02   
 5.034142E-02   
 5.109724E-02   
 5.181072E-02   
 5.248131E-02   
 5.310849E-02   
 5.369180E-02   
 5.423079E-02   
 5.472505E-02   
 5.517423E-02   
 5.557798E-02   
 5.593603E-02   
 5.624810E-02   
 5.651399E-02   
 5.673351E-02   
 5.690653E-02   
 5.703294E-02   
 5.711268E-02   
 5.714571E-02   
 5.713205E-02   
 5.707176E-02   
 5.696491E-02   
 5.681163E-02   
 5.661208E-02   
 5.636647E-02   
 5.607504E-02   
 5.573805E-02   
 5.535583E-02   
 5.492871E-02   
 5.445710E-02   
 5.394140E-02   
 5.338207E-02   
 5.277961E-02   
 5.213454E-02   
 5.144743E-02   
 5.071887E-02   
 4.994949E-02   
 4.913995E-02   
 4.829095E-02   
 4.740321E-02   
 4.647748E-02   
 4.551456E-02   
 4.451526E-02   
 4.348042E-02   
 4.241092E-02   
 4.130767E-02   
 4.017159E-02   
 3.900363E-02   
 3.780478E-02   
 3.657603E-02   
 3.531842E-02   
 3.403300E-02   
 3.272084E-02   
 3.138303E-02   
 3.002068E-02   
 2.863494E-02   
 2.722694E-02   
 2.579786E-02   
 2.434888E-02   
 2.288120E-02   
 2.139603E-02   
 1.989461E-02   
 1.837817E-02   
 1.684796E-02   
 1.530523E-02   
 1.375128E-02   
 1.218736E-02   
 1.061476E-02   
 9.034781E-03   
 7.448715E-03   
 5.857860E-03   
 4.263521E-03   
 2.667001E-03   
 1.069607E-03   
-5.273571E-04   
-2.122587E-03   
-3.714782E-03   
-5.302644E-03   
-6.884880E-03   
-8.460202E-03   
-1.002733E-02   
-1.158499E-02   
-1.313192E-02   
-1.466687E-02   
-1.618859E-02   
-1.769584E-02   
-1.918742E-02   
-2.066211E-02   
-2.211872E-02   
-2.355609E-02   
-2.497305E-02   
-2.636846E-02   
-2.774119E-02   
-2.909016E-02   
-3.041427E-02   
-3.171247E-02   
-3.298371E-02   
-3.422698E-02   
-3.544129E-02   
-3.662567E-02   
-3.777918E-02   
-3.890089E-02   
-3.998993E-02   
-4.104542E-02   
-4.206654E-02   
-4.305247E-02   
-4.400244E-02   
-4.491571E-02   
-4.579156E-02   
-4.662930E-02   
-4.742828E-02   
-4.818788E-02   
-4.890752E-02   
-4.958663E-02   
-5.022470E-02   
-5.082123E-02   
-5.137578E-02   
-5.188793E-02   
-5.235729E-02   
-5.278352E-02   
-5.316630E-02   
-5.350535E-02   
-5.380044E-02   
-5.405135E-02   
-5.425793E-02   
-5.442003E-02   
-5.453757E-02   
-5.461047E-02   
-5.463873E-02   
-5.462234E-02   
-5.456137E-02   
-5.445590E-02   
-5.430604E-02   
-5.411197E-02   
-5.387387E-02   
-5.359197E-02   
-5.326655E-02   
-5.289789E-02   
-5.248634E-02   
-5.203228E-02   
-5.153609E-02   
-5.099823E-02   
-5.041917E-02   
-4.979941E-02   
-4.913949E-02   
-4.843999E-02   
-4.770150E-02   
-4.692467E-02   
-4.611015E-02   
-4.525865E-02   
-4.437089E-02   
-4.344763E-02   
-4.248964E-02   
-4.149774E-02   
-4.047276E-02   
-3.941557E-02   
-3.832707E-02   
-3.720815E-02   
-3.605977E-02   
-3.488288E-02   
-3.367847E-02   
-3.244754E-02   
-3.119112E-02   
-2.991026E-02   
-2.860603E-02   
-2.727950E-02   
-2.593177E-02   
-2.456398E-02   
-2.317724E-02   
-2.177272E-02   
-2.035156E-02   
-1.891494E-02   
-1.746405E-02   
-1.600009E-02   
-1.452426E-02   
-1.303777E-02   
-1.154185E-02   
-1.003773E-02   
-8.526644E-03   
-7.009828E-03   
-5.488527E-03   
-3.963987E-03   
-2.437455E-03   
-9.101803E-04   
 6.165901E-04   
 2.141610E-03   
 3.663635E-03   
 5.181425E-03   
 6.693745E-03   
 8.199363E-03   
 9.697057E-03   
 1.118561E-02   
 1.266381E-02   
 1.413046E-02   
 1.558438E-02   
 1.702439E-02   
 1.844931E-02   
 1.985801E-02   
 2.124934E-02   
 2.262219E-02   
 2.397544E-02   
 2.530800E-02   
 2.661882E-02   
 2.790683E-02   
 2.917099E-02   
 3.041031E-02   
 3.162378E-02   
 3.281044E-02   
 3.396933E-02   
 3.509954E-02   
 3.620017E-02   
 3.727034E-02   
 3.830920E-02   
 3.931593E-02   
 4.028974E-02   
 4.122985E-02   
 4.213553E-02   
 4.300606E-02   
 4.384076E-02   
 4.463898E-02   
 4.540010E-02   
 4.612353E-02   
 4.680870E-02   
 4.745509E-02   
 4.806220E-02   
 4.862958E-02   
 4.915678E-02   
 4.964340E-02   
 5.008910E-02   
 5.049353E-02   
 5.085640E-02   
 5.117744E-02   
 5.145643E-02   
 5.169318E-02   
 5.188753E-02   
 5.203934E-02   
 5.214854E-02   
 5.221507E-02   
 5.223890E-02   
 5.222006E-02   
 5.215860E-02   
 5.205459E-02   
 5.190816E-02   
 5.171947E-02   
 5.148870E-02   
 5.121607E-02   
 5.090184E-02   
 5.054631E-02   
 5.014979E-02   
 4.971265E-02   
 4.923527E-02   
 4.871807E-02   
 4.816152E-02   
 4.756609E-02   
 4.693231E-02   
 4.626073E-02   
 4.555191E-02   
 4.480648E-02   
 4.402508E-02   
 4.320836E-02   
 4.235702E-02   
 4.147179E-02   
 4.055343E-02   
 3.960269E-02   
 3.862040E-02   
 3.760737E-02   
 3.656446E-02   
 3.549254E-02   
 3.439252E-02   
 3.326531E-02   
 3.211186E-02   
 3.093313E-02   
 2.973010E-02   
 2.850378E-02   
 2.725518E-02   
 2.598535E-02   
 2.469533E-02   
 2.338621E-02   
 2.205905E-02   
 2.071497E-02   
 1.935507E-02   
 1.798048E-02   
 1.659232E-02   
 1.519175E-02   
 1.377992E-02   
 1.235799E-02   
 1.092712E-02   
 9.488508E-03   
 8.043318E-03   
 6.592739E-03   
 5.137962E-03   
 3.680176E-03   
 2.220575E-03   
 7.603528E-04   
-6.992987E-04   
-2.157188E-03   
-3.612125E-03   
-5.062925E-03   
-6.508407E-03   
-7.947395E-03   
-9.378718E-03   
-1.080122E-02   
-1.221373E-02   
-1.361512E-02   
-1.500425E-02   
-1.637999E-02   
-1.774124E-02   
-1.908688E-02   
-2.041585E-02   
-2.172705E-02   
-2.301945E-02   
-2.429199E-02   
-2.554366E-02   
-2.677346E-02   
-2.798038E-02   
-2.916347E-02   
-3.032179E-02   
-3.145439E-02   
-3.256039E-02   
-3.363890E-02   
-3.468906E-02   
-3.571004E-02   
-3.670103E-02   
-3.766124E-02   
-3.858991E-02   
-3.948632E-02   
-4.034975E-02   
-4.117952E-02   
-4.197500E-02   
-4.273555E-02   
-4.346059E-02   
-4.414954E-02   
-4.480188E-02   
-4.541711E-02   
-4.599475E-02   
-4.653436E-02   
-4.703554E-02   
-4.749789E-02   
-4.792109E-02   
-4.830481E-02   
-4.864877E-02   
-4.895273E-02   
-4.921647E-02   
-4.943981E-02   
-4.962259E-02   
-4.976471E-02   
-4.986607E-02   
-4.992663E-02   
-4.994638E-02   
-4.992533E-02   
-4.986352E-02   
-4.976106E-02   
-4.961804E-02   
-4.943463E-02   
-4.921099E-02   
-4.894736E-02   
-4.864398E-02   
-4.830112E-02   
-4.791911E-02   
-4.749828E-02   
-4.703900E-02   
-4.654169E-02   
-4.600679E-02   
-4.543476E-02   
-4.482609E-02   
-4.418131E-02   
-4.350099E-02   
-4.278571E-02   
-4.203607E-02   
-4.125271E-02   
-4.043632E-02   
-3.958757E-02   
-3.870719E-02   
-3.779592E-02   
-3.685453E-02   
-3.588382E-02   
-3.488461E-02   
-3.385772E-02   
-3.280402E-02   
-3.172440E-02   
-3.061976E-02   
-2.949102E-02   
-2.833911E-02   
-2.716501E-02   
-2.596969E-02   
-2.475413E-02   
-2.351936E-02   
-2.226639E-02   
-2.099626E-02   
-1.971003E-02   
-1.840875E-02   
-1.709350E-02   
-1.576537E-02   
-1.442545E-02   
-1.307484E-02   
-1.171467E-02   
-1.034603E-02   
-8.970070E-03   
-7.587907E-03   
-6.200677E-03   
-4.809517E-03   
-3.415565E-03   
-2.019964E-03   
-6.238527E-04   
 7.716275E-04   
 2.165338E-03   
 3.556142E-03   
 4.942906E-03   
 6.324501E-03   
 7.699803E-03   
 9.067695E-03   
 1.042707E-02   
 1.177681E-02   
 1.311584E-02   
 1.444306E-02   
 1.575741E-02   
 1.705781E-02   
 1.834323E-02   
 1.961261E-02   
 2.086495E-02   
 2.209922E-02   
 2.331444E-02   
 2.450963E-02   
 2.568383E-02   
 2.683610E-02   
 2.796552E-02   
 2.907118E-02   
 3.015219E-02   
 3.120771E-02   
 3.223687E-02   
 3.323888E-02   
 3.421292E-02   
 3.515823E-02   
 3.607406E-02   
 3.695969E-02   
 3.781441E-02   
 3.863756E-02   
 3.942849E-02   
 4.018657E-02   
 4.091122E-02   
 4.160187E-02   
 4.225799E-02   
 4.287906E-02   
 4.346462E-02   
 4.401420E-02   
 4.452740E-02   
 4.500382E-02   
 4.544310E-02   
 4.584491E-02   
 4.620896E-02   
 4.653499E-02   
 4.682274E-02   
 4.707203E-02   
 4.728268E-02   
 4.745455E-02   
 4.758752E-02   
 4.768153E-02   
 4.773653E-02   
 4.775250E-02   
 4.772947E-02   
 4.766748E-02   
 4.756663E-02   
 4.742701E-02   
 4.724878E-02   
 4.703211E-02   
 4.677721E-02   
 4.648433E-02   
 4.615373E-02   
 4.578571E-02   
 4.538060E-02   
 4.493877E-02   
 4.446061E-02   
 4.394653E-02   
 4.339699E-02   
 4.281245E-02   
 4.219344E-02   
 4.154048E-02   
 4.085413E-02   
 4.013498E-02   
 3.938365E-02   
 3.860077E-02   
 3.778701E-02   
 3.694306E-02   
 3.606963E-02   
 3.516747E-02   
 3.423732E-02   
 3.327997E-02   
 3.229624E-02   
 3.128693E-02   
 3.025290E-02   
 2.919501E-02   
 2.811414E-02   
 2.701120E-02   
 2.588711E-02   
 2.474279E-02   
 2.357921E-02   
 2.239732E-02   
 2.119810E-02   
 1.998256E-02   
 1.875169E-02   
 1.750652E-02   
 1.624806E-02   
 1.497737E-02   
 1.369548E-02   
 1.240346E-02   
 1.110236E-02   
 9.793263E-03   
 8.477235E-03   
 7.155359E-03   
 5.828720E-03   
 4.498404E-03   
 3.165501E-03   
 1.831101E-03   
 4.962954E-04   
-8.378258E-04   
-2.170174E-03   
-3.499662E-03   
-4.825207E-03   
-6.145731E-03   
-7.460157E-03   
-8.767420E-03   
-1.006646E-02   
-1.135621E-02   
-1.263564E-02   
-1.390371E-02   
-1.515939E-02   
-1.640166E-02   
-1.762953E-02   
-1.884200E-02   
-2.003810E-02   
-2.121686E-02   
-2.237733E-02   
-2.351858E-02   
-2.463969E-02   
-2.573977E-02   
-2.681794E-02   
-2.787332E-02   
-2.890509E-02   
-2.991241E-02   
-3.089448E-02   
-3.185052E-02   
-3.277978E-02   
-3.368151E-02   
-3.455500E-02   
-3.539956E-02   
-3.621453E-02   
-3.699926E-02   
-3.775314E-02   
-3.847558E-02   
-3.916601E-02   
-3.982389E-02   
-4.044872E-02   
-4.104001E-02   
-4.159731E-02   
-4.212018E-02   
-4.260824E-02   
-4.306110E-02   
-4.347844E-02   
-4.385993E-02   
-4.420529E-02   
-4.451428E-02   
-4.478667E-02   
-4.502227E-02   
-4.522091E-02   
-4.538246E-02   
-4.550682E-02   
-4.559393E-02   
-4.564373E-02   
-4.565622E-02   
-4.563142E-02   
-4.556938E-02   
-4.547018E-02   
-4.533394E-02   
-4.516079E-02   
-4.495090E-02   
-4.470448E-02   
-4.442176E-02   
-4.410300E-02   
-4.374848E-02   
-4.335854E-02   
-4.293350E-02   
-4.247376E-02   
-4.197971E-02   
-4.145178E-02   
-4.089044E-02   
-4.029617E-02   
-3.966948E-02   
-3.901090E-02   
-3.832102E-02   
-3.760040E-02   
-3.684967E-02   
-3.606947E-02   
-3.526044E-02   
-3.442329E-02   
-3.355871E-02   
-3.266744E-02   
-3.175022E-02   
-3.080782E-02   
-2.984104E-02   
-2.885068E-02   
-2.783757E-02   
-2.680256E-02   
-2.574651E-02   
-2.467029E-02   
-2.357481E-02   
-2.246098E-02   
-2.132971E-02   
-2.018195E-02   
-1.901865E-02   
-1.784077E-02   
-1.664928E-02   
-1.544518E-02   
-1.422944E-02   
-1.300308E-02   
-1.176710E-02   
-1.052252E-02   
-9.270367E-03   
-8.011666E-03   
-6.747452E-03   
-5.478760E-03   
-4.206631E-03   
-2.932105E-03   
-1.656227E-03   
-3.800383E-04   
 8.954185E-04   
 2.169102E-03   
 3.439975E-03   
 4.707001E-03   
 5.969148E-03   
 7.225390E-03   
 8.474707E-03   
 9.716083E-03   
 1.094851E-02   
 1.217099E-02   
 1.338254E-02   
 1.458217E-02   
 1.576891E-02   
 1.694180E-02   
 1.809991E-02   
 1.924228E-02   
 2.036802E-02   
 2.147620E-02   
 2.256594E-02   
 2.363636E-02   
 2.468661E-02   
 2.571585E-02   
 2.672324E-02   
 2.770799E-02   
 2.866931E-02   
 2.960644E-02   
 3.051863E-02   
 3.140515E-02   
 3.226530E-02   
 3.309840E-02   
 3.390380E-02   
 3.468085E-02   
 3.542895E-02   
 3.614751E-02   
 3.683597E-02   
 3.749379E-02   
 3.812045E-02   
 3.871547E-02   
 3.927840E-02   
 3.980879E-02   
 4.030624E-02   
 4.077037E-02   
 4.120084E-02   
 4.159731E-02   
 4.195948E-02   
 4.228710E-02   
 4.257993E-02   
 4.283774E-02   
 4.306037E-02   
 4.324765E-02   
 4.339946E-02   
 4.351571E-02   
 4.359634E-02   
 4.364130E-02   
 4.365059E-02   
 4.362422E-02   
 4.356226E-02   
 4.346477E-02   
 4.333188E-02   
 4.316371E-02   
 4.296043E-02   
 4.272223E-02   
 4.244935E-02   
 4.214203E-02   
 4.180054E-02   
 4.142521E-02   
 4.101635E-02   
 4.057433E-02   
 4.009955E-02   
 3.959241E-02   
 3.905335E-02   
 3.848284E-02   
 3.788138E-02   
 3.724947E-02   
 3.658767E-02   
 3.589653E-02   
 3.517664E-02   
 3.442861E-02   
 3.365309E-02   
 3.285071E-02   
 3.202217E-02   
 3.116816E-02   
 3.028939E-02   
 2.938661E-02   
 2.846057E-02   
 2.751204E-02   
 2.654182E-02   
 2.555073E-02   
 2.453958E-02   
 2.350921E-02   
 2.246049E-02   
 2.139429E-02   
 2.031149E-02   
 1.921299E-02   
 1.809969E-02   
 1.697252E-02   
 1.583242E-02   
 1.468032E-02   
 1.351717E-02   
 1.234393E-02   
 1.116158E-02   
 9.971069E-03   
 8.773392E-03   
 7.569529E-03   
 6.360468E-03   
 5.147201E-03   
 3.930721E-03   
 2.712024E-03   
 1.492108E-03   
 2.719693E-04   
-9.473952E-04   
-2.164991E-03   
-3.379824E-03   
-4.590906E-03   
-5.797251E-03   
-6.997877E-03   
-8.191808E-03   
-9.378076E-03   
-1.055572E-02   
-1.172378E-02   
-1.288131E-02   
-1.402738E-02   
-1.516106E-02   
-1.628144E-02   
-1.738761E-02   
-1.847867E-02   
-1.955376E-02   
-2.061200E-02   
-2.165255E-02   
-2.267456E-02   
-2.367723E-02   
-2.465975E-02   
-2.562132E-02   
-2.656119E-02   
-2.747861E-02   
-2.837284E-02   
-2.924317E-02   
-3.008891E-02   
-3.090939E-02   
-3.170396E-02   
-3.247200E-02   
-3.321289E-02   
-3.392606E-02   
-3.461095E-02   
-3.526701E-02   
-3.589374E-02   
-3.649065E-02   
-3.705728E-02   
-3.759318E-02   
-3.809795E-02   
-3.857120E-02   
-3.901257E-02   
-3.942172E-02   
-3.979835E-02   
-4.014217E-02   
-4.045294E-02   
-4.073041E-02   
-4.097441E-02   
-4.118474E-02   
-4.136128E-02   
-4.150390E-02   
-4.161251E-02   
-4.168705E-02   
-4.172750E-02   
-4.173383E-02   
-4.170609E-02   
-4.164431E-02   
-4.154858E-02   
-4.141900E-02   
-4.125571E-02   
-4.105886E-02   
-4.082864E-02   
-4.056528E-02   
-4.026900E-02   
-3.994009E-02   
-3.957883E-02   
-3.918555E-02   
-3.876059E-02   
-3.830433E-02   
-3.781717E-02   
-3.729952E-02   
-3.675184E-02   
-3.617460E-02   
-3.556829E-02   
-3.493343E-02   
-3.427057E-02   
-3.358026E-02   
-3.286310E-02   
-3.211969E-02   
-3.135065E-02   
-3.055665E-02   
-2.973834E-02   
-2.889642E-02   
-2.803160E-02   
-2.714458E-02   
-2.623613E-02   
-2.530700E-02   
-2.435796E-02   
-2.338981E-02   
-2.240334E-02   
-2.139940E-02   
-2.037879E-02   
-1.934238E-02   
-1.829102E-02   
-1.722559E-02   
-1.614696E-02   
-1.505602E-02   
-1.395369E-02   
-1.284086E-02   
-1.171845E-02   
-1.058739E-02   
-9.448608E-03   
-8.303042E-03   
-7.151631E-03   
-5.995321E-03   
-4.835060E-03   
-3.671799E-03   
-2.506489E-03   
-1.340084E-03   
-1.735380E-04   
 9.921974E-04   
 2.156171E-03   
 3.317433E-03   
 4.475037E-03   
 5.628042E-03   
 6.775510E-03   
 7.916509E-03   
 9.050111E-03   
 1.017540E-02   
 1.129146E-02   
 1.239738E-02   
 1.349228E-02   
 1.457527E-02   
 1.564548E-02   
 1.670203E-02   
 1.774408E-02   
 1.877080E-02   
 1.978134E-02   
 2.077491E-02   
 2.175071E-02   
 2.270794E-02   
 2.364586E-02   
 2.456370E-02   
 2.546073E-02   
 2.633623E-02   
 2.718952E-02   
 2.801991E-02   
 2.882675E-02   
 2.960938E-02   
 3.036720E-02   
 3.109960E-02   
 3.180601E-02   
 3.248587E-02   
 3.313865E-02   
 3.376384E-02   
 3.436094E-02   
 3.492950E-02   
 3.546908E-02   
 3.597925E-02   
 3.645963E-02   
 3.690984E-02   
 3.732954E-02   
 3.771843E-02   
 3.807619E-02   
 3.840257E-02   
 3.869733E-02   
 3.896024E-02   
 3.919113E-02   
 3.938983E-02   
 3.955621E-02   
 3.969014E-02   
 3.979156E-02   
 3.986040E-02   
 3.989664E-02   
 3.990027E-02   
 3.987132E-02   
 3.980984E-02   
 3.971589E-02   
 3.958960E-02   
 3.943108E-02   
 3.924049E-02   
 3.901801E-02   
 3.876386E-02   
 3.847826E-02   
 3.816147E-02   
 3.781379E-02   
 3.743551E-02   
 3.702696E-02   
 3.658852E-02   
 3.612056E-02   
 3.562349E-02   
 3.509773E-02   
 3.454375E-02   
 3.396201E-02   
 3.335301E-02   
 3.271728E-02   
 3.205535E-02   
 3.136778E-02   
 3.065516E-02   
 2.991810E-02   
 2.915720E-02   
 2.837312E-02   
 2.756651E-02   
 2.673805E-02   
 2.588843E-02   
 2.501837E-02   
 2.412858E-02   
 2.321982E-02   
 2.229285E-02   
 2.134843E-02   
 2.038734E-02   
 1.941039E-02   
 1.841840E-02   
 1.741217E-02   
 1.639254E-02   
 1.536036E-02   
 1.431649E-02   
 1.326177E-02   
 1.219709E-02   
 1.112331E-02   
 1.004133E-02   
 8.952036E-03   
 7.856320E-03   
 6.755083E-03   
 5.649229E-03   
 4.539665E-03   
 3.427300E-03   
 2.313045E-03   
 1.197811E-03   
 8.250909E-05   
-1.031949E-03   
-2.144656E-03   
-3.254702E-03   
-4.361184E-03   
-5.463202E-03   
-6.559859E-03   
-7.650265E-03   
-8.733533E-03   
-9.808785E-03   
-1.087515E-02   
-1.193176E-02   
-1.297777E-02   
-1.401233E-02   
-1.503460E-02   
-1.604376E-02   
-1.703900E-02   
-1.801951E-02   
-1.898450E-02   
-1.993321E-02   
-2.086486E-02   
-2.177872E-02   
-2.267405E-02   
-2.355013E-02   
-2.440627E-02   
-2.524177E-02   
-2.605599E-02   
-2.684826E-02   
-2.761797E-02   
-2.836449E-02   
-2.908725E-02   
-2.978566E-02   
-3.045918E-02   
-3.110728E-02   
-3.172945E-02   
-3.232520E-02   
-3.289407E-02   
-3.343562E-02   
-3.394942E-02   
-3.443508E-02   
-3.489223E-02   
-3.532051E-02   
-3.571961E-02   
-3.608921E-02   
-3.642904E-02   
-3.673884E-02   
-3.701839E-02   
-3.726749E-02   
-3.748596E-02   
-3.767363E-02   
-3.783039E-02   
-3.795613E-02   
-3.805078E-02   
-3.811428E-02   
-3.814660E-02   
-3.814775E-02   
-3.811775E-02   
-3.805665E-02   
-3.796452E-02   
-3.784147E-02   
-3.768762E-02   
-3.750312E-02   
-3.728815E-02   
-3.704291E-02   
-3.676761E-02   
-3.646253E-02   
-3.612791E-02   
-3.576407E-02   
-3.537133E-02   
-3.495002E-02   
-3.450052E-02   
-3.402321E-02   
-3.351851E-02   
-3.298686E-02   
-3.242870E-02   
-3.184452E-02   
-3.123481E-02   
-3.060010E-02   
-2.994092E-02   
-2.925782E-02   
-2.855140E-02   
-2.782224E-02   
-2.707095E-02   
-2.629818E-02   
-2.550456E-02   
-2.469076E-02   
-2.385747E-02   
-2.300538E-02   
-2.213519E-02   
-2.124765E-02   
-2.034348E-02   
-1.942343E-02   
-1.848828E-02   
-1.753879E-02   
-1.657576E-02   
-1.559998E-02   
-1.461226E-02   
-1.361341E-02   
-1.260426E-02   
-1.158565E-02   
-1.055841E-02   
-9.523379E-03   
-8.481421E-03   
-7.433389E-03   
-6.380143E-03   
-5.322548E-03   
-4.261469E-03   
-3.197778E-03   
-2.132345E-03   
-1.066040E-03   
 2.647366E-07   
 1.065698E-03   
 2.129391E-03   
 3.190477E-03   
 4.248091E-03   
 5.301373E-03   
 6.349465E-03   
 7.391517E-03   
 8.426682E-03   
 9.454122E-03   
 1.047300E-02   
 1.148250E-02   
 1.248179E-02   
 1.347008E-02   
 1.444656E-02   
 1.541045E-02   
 1.636097E-02   
 1.729735E-02   
 1.821884E-02   
 1.912471E-02   
 2.001421E-02   
 2.088665E-02   
 2.174132E-02   
 2.257754E-02   
 2.339464E-02   
 2.419197E-02   
 2.496890E-02   
 2.572480E-02   
 2.645908E-02   
 2.717115E-02   
 2.786046E-02   
 2.852645E-02   
 2.916861E-02   
 2.978642E-02   
 3.037941E-02   
 3.094711E-02   
 3.148907E-02   
 3.200488E-02   
 3.249413E-02   
 3.295645E-02   
 3.339148E-02   
 3.379890E-02   
 3.417837E-02   
 3.452964E-02   
 3.485241E-02   
 3.514647E-02   
 3.541159E-02   
 3.564757E-02   
 3.585426E-02   
 3.603149E-02   
 3.617917E-02   
 3.629717E-02   
 3.638545E-02   
 3.644394E-02   
 3.647262E-02   
 3.647150E-02   
 3.644060E-02   
 3.637997E-02   
 3.628968E-02   
 3.616983E-02   
 3.602055E-02   
 3.584198E-02   
 3.563428E-02   
 3.539766E-02   
 3.513232E-02   
 3.483852E-02   
 3.451650E-02   
 3.416657E-02   
 3.378902E-02   
 3.338419E-02   
 3.295243E-02   
 3.249411E-02   
 3.200964E-02   
 3.149942E-02   
 3.096390E-02   
 3.040354E-02   
 2.981880E-02   
 2.921019E-02   
 2.857823E-02   
 2.792345E-02   
 2.724640E-02   
 2.654766E-02   
 2.582781E-02   
 2.508746E-02   
 2.432722E-02   
 2.354775E-02   
 2.274968E-02   
 2.193369E-02   
 2.110045E-02   
 2.025066E-02   
 1.938503E-02   
 1.850428E-02   
 1.760914E-02   
 1.670035E-02   
 1.577867E-02   
 1.484485E-02   
 1.389968E-02   
 1.294392E-02   
 1.197838E-02   
 1.100385E-02   
 1.002112E-02   
 9.031019E-03   
 8.034349E-03   
 7.031931E-03   
 6.024590E-03   
 5.013153E-03   
 3.998447E-03   
 2.981305E-03   
 1.962559E-03   
 9.430429E-04   
-7.641137E-05   
-1.094971E-03   
-2.111805E-03   
-3.126084E-03   
-4.136982E-03   
-5.143677E-03   
-6.145350E-03   
-7.141187E-03   
-8.130380E-03   
-9.112126E-03   
-1.008563E-02   
-1.105010E-02   
-1.200477E-02   
-1.294885E-02   
-1.388159E-02   
-1.480223E-02   
-1.571003E-02   
-1.660426E-02   
-1.748421E-02   
-1.834916E-02   
-1.919842E-02   
-2.003131E-02   
-2.084716E-02   
-2.164532E-02   
-2.242516E-02   
-2.318605E-02   
-2.392739E-02   
-2.464858E-02   
-2.534906E-02   
-2.602827E-02   
-2.668567E-02   
-2.732074E-02   
-2.793298E-02   
-2.852192E-02   
-2.908708E-02   
-2.962804E-02   
-3.014435E-02   
-3.063564E-02   
-3.110150E-02   
-3.154159E-02   
-3.195556E-02   
-3.234311E-02   
-3.270392E-02   
-3.303774E-02   
-3.334431E-02   
-3.362340E-02   
-3.387481E-02   
-3.409835E-02   
-3.429387E-02   
-3.446122E-02   
-3.460030E-02   
-3.471101E-02   
-3.479329E-02   
-3.484708E-02   
-3.487239E-02   
-3.486919E-02   
-3.483753E-02   
-3.477744E-02   
-3.468901E-02   
-3.457232E-02   
-3.442750E-02   
-3.425469E-02   
-3.405404E-02   
-3.382575E-02   
-3.357003E-02   
-3.328711E-02   
-3.297723E-02   
-3.264068E-02   
-3.227776E-02   
-3.188877E-02   
-3.147406E-02   
-3.103399E-02   
-3.056894E-02   
-3.007931E-02   
-2.956552E-02   
-2.902800E-02   
-2.846722E-02   
-2.788365E-02   
-2.727779E-02   
-2.665016E-02   
-2.600127E-02   
-2.533168E-02   
-2.464196E-02   
-2.393267E-02   
-2.320442E-02   
-2.245782E-02   
-2.169350E-02   
-2.091208E-02   
-2.011422E-02   
-1.930059E-02   
-1.847187E-02   
-1.762874E-02   
-1.677190E-02   
-1.590207E-02   
-1.501996E-02   
-1.412631E-02   
-1.322185E-02   
-1.230734E-02   
-1.138352E-02   
-1.045117E-02   
-9.511036E-03   
-8.563907E-03   
-7.610559E-03   
-6.651775E-03   
-5.688342E-03   
-4.721052E-03   
-3.750696E-03   
-2.778070E-03   
-1.803970E-03   
-8.291921E-04   
 1.454667E-04   
 1.119211E-03   
 2.091246E-03   
 3.060779E-03   
 4.027022E-03   
 4.989187E-03   
 5.946493E-03   
 6.898161E-03   
 7.843419E-03   
 8.781501E-03   
 9.711646E-03   
 1.063310E-02   
 1.154512E-02   
 1.244697E-02   
 1.333792E-02   
 1.421725E-02   
 1.508425E-02   
 1.593823E-02   
 1.677849E-02   
 1.760437E-02   
 1.841520E-02   
 1.921033E-02   
 1.998913E-02   
 2.075096E-02   
 2.149523E-02   
 2.222134E-02   
 2.292872E-02   
 2.361679E-02   
 2.428501E-02   
 2.493287E-02   
 2.555983E-02   
 2.616541E-02   
 2.674913E-02   
 2.731053E-02   
 2.784917E-02   
 2.836463E-02   
 2.885651E-02   
 2.932442E-02   
 2.976801E-02   
 3.018693E-02   
 3.058085E-02   
 3.094949E-02   
 3.129255E-02   
 3.160978E-02   
 3.190093E-02   
 3.216581E-02   
 3.240420E-02   
 3.261593E-02   
 3.280086E-02   
 3.295886E-02   
 3.308981E-02   
 3.319364E-02   
 3.327028E-02   
 3.331969E-02   
 3.334185E-02   
 3.333676E-02   
 3.330446E-02   
 3.324499E-02   
 3.315843E-02   
 3.304486E-02   
 3.290439E-02   
 3.273718E-02   
 3.254337E-02   
 3.232314E-02   
 3.207670E-02   
 3.180427E-02   
 3.150609E-02   
 3.118243E-02   
 3.083357E-02   
 3.045982E-02   
 3.006150E-02   
 2.963896E-02   
 2.919257E-02   
 2.872270E-02   
 2.822976E-02   
 2.771417E-02   
 2.717637E-02   
 2.661682E-02   
 2.603600E-02   
 2.543438E-02   
 2.481249E-02   
 2.417085E-02   
 2.351000E-02   
 2.283048E-02   
 2.213288E-02   
 2.141778E-02   
 2.068577E-02   
 1.993747E-02   
 1.917350E-02   
 1.839449E-02   
 1.760110E-02   
 1.679399E-02   
 1.597383E-02   
 1.514129E-02   
 1.429706E-02   
 1.344185E-02   
 1.257637E-02   
 1.170132E-02   
 1.081743E-02   
 9.925427E-03   
 9.026050E-03   
 8.120037E-03   
 7.208133E-03   
 6.291088E-03   
 5.369654E-03   
 4.444589E-03   
 3.516649E-03   
 2.586595E-03   
 1.655189E-03   
 7.231920E-04   
-2.086348E-04   
-1.139530E-03   
-2.068735E-03   
-2.995493E-03   
-3.919047E-03   
-4.838647E-03   
-5.753546E-03   
-6.662999E-03   
-7.566269E-03   
-8.462624E-03   
-9.351336E-03   
-1.023169E-02   
-1.110296E-02   
-1.196446E-02   
-1.281549E-02   
-1.365536E-02   
-1.448339E-02   
-1.529892E-02   
-1.610129E-02   
-1.688986E-02   
-1.766399E-02   
-1.842306E-02   
-1.916648E-02   
-1.989363E-02   
-2.060395E-02   
-2.129687E-02   
-2.197182E-02   
-2.262829E-02   
-2.326574E-02   
-2.388368E-02   
-2.448161E-02   
-2.505906E-02   
-2.561557E-02   
-2.615072E-02   
-2.666407E-02   
-2.715523E-02   
-2.762382E-02   
-2.806947E-02   
-2.849183E-02   
-2.889059E-02   
-2.926543E-02   
-2.961606E-02   
-2.994223E-02   
-3.024368E-02   
-3.052019E-02   
-3.077155E-02   
-3.099758E-02   
-3.119812E-02   
-3.137301E-02   
-3.152215E-02   
-3.164542E-02   
-3.174276E-02   
-3.181409E-02   
-3.185939E-02   
-3.187863E-02   
-3.187183E-02   
-3.183901E-02   
-3.178022E-02   
-3.169553E-02   
-3.158503E-02   
-3.144882E-02   
-3.128705E-02   
-3.109986E-02   
-3.088743E-02   
-3.064995E-02   
-3.038764E-02   
-3.010072E-02   
-2.978947E-02   
-2.945414E-02   
-2.909504E-02   
-2.871247E-02   
-2.830677E-02   
-2.787829E-02   
-2.742739E-02   
-2.695447E-02   
-2.645992E-02   
-2.594417E-02   
-2.540765E-02   
-2.485083E-02   
-2.427417E-02   
-2.367816E-02   
-2.306330E-02   
-2.243012E-02   
-2.177913E-02   
-2.111089E-02   
-2.042596E-02   
-1.972491E-02   
-1.900832E-02   
-1.827680E-02   
-1.753096E-02   
-1.677140E-02   
-1.599877E-02   
-1.521371E-02   
-1.441687E-02   
-1.360891E-02   
-1.279049E-02   
-1.196230E-02   
-1.112501E-02   
-1.027933E-02   
-9.425943E-03   
-8.565556E-03   
-7.698877E-03   
-6.826620E-03   
-5.949500E-03   
-5.068238E-03   
-4.183558E-03   
-3.296184E-03   
-2.406843E-03   
-1.516263E-03   
-6.251727E-04   
 2.657009E-04   
 1.155630E-03   
 2.043889E-03   
 2.929753E-03   
 3.812502E-03   
 4.691417E-03   
 5.565783E-03   
 6.434891E-03   
 7.298034E-03   
 8.154513E-03   
 9.003635E-03   
 9.844710E-03   
 1.067706E-02   
 1.150001E-02   
 1.231290E-02   
 1.311507E-02   
 1.390588E-02   
 1.468469E-02   
 1.545087E-02   
 1.620381E-02   
 1.694290E-02   
 1.766755E-02   
 1.837719E-02   
 1.907124E-02   
 1.974915E-02   
 2.041038E-02   
 2.105440E-02   
 2.168071E-02   
 2.228880E-02   
 2.287820E-02   
 2.344843E-02   
 2.399905E-02   
 2.452962E-02   
 2.503973E-02   
 2.552898E-02   
 2.599698E-02   
 2.644338E-02   
 2.686781E-02   
 2.726996E-02   
 2.764951E-02   
 2.800618E-02   
 2.833969E-02   
 2.864978E-02   
 2.893623E-02   
 2.919881E-02   
 2.943734E-02   
 2.965163E-02   
 2.984154E-02   
 3.000693E-02   
 3.014768E-02   
 3.026369E-02   
 3.035490E-02   
 3.042125E-02   
 3.046271E-02   
 3.047925E-02   
 3.047090E-02   
 3.043767E-02   
 3.037961E-02   
 3.029679E-02   
 3.018930E-02   
 3.005725E-02   
 2.990077E-02   
 2.971999E-02   
 2.951510E-02   
 2.928627E-02   
 2.903371E-02   
 2.875766E-02   
 2.845834E-02   
 2.813604E-02   
 2.779102E-02   
 2.742359E-02   
 2.703407E-02   
 2.662279E-02   
 2.619011E-02   
 2.573639E-02   
 2.526203E-02   
 2.476743E-02   
 2.425301E-02   
 2.371921E-02   
 2.316647E-02   
 2.259527E-02   
 2.200609E-02   
 2.139941E-02   
 2.077576E-02   
 2.013566E-02   
 1.947963E-02   
 1.880823E-02   
 1.812203E-02   
 1.742158E-02   
 1.670748E-02   
 1.598033E-02   
 1.524072E-02   
 1.448926E-02   
 1.372659E-02   
 1.295334E-02   
 1.217013E-02   
 1.137763E-02   
 1.057649E-02   
 9.767363E-03   
 8.950923E-03   
 8.127840E-03   
 7.298792E-03   
 6.464461E-03   
 5.625533E-03   
 4.782697E-03   
 3.936643E-03   
 3.088066E-03   
 2.237660E-03   
 1.386121E-03   
 5.341451E-04   
-3.175708E-04   
-1.168332E-03   
-2.017445E-03   
-2.864217E-03   
-3.707958E-03   
-4.547983E-03   
-5.383609E-03   
-6.214156E-03   
-7.038951E-03   
-7.857325E-03   
-8.668614E-03   
-9.472163E-03   
-1.026732E-02   
-1.105345E-02   
-1.182990E-02   
-1.259607E-02   
-1.335132E-02   
-1.409505E-02   
-1.482667E-02   
-1.554559E-02   
-1.625122E-02   
-1.694300E-02   
-1.762039E-02   
-1.828284E-02   
-1.892981E-02   
-1.956080E-02   
-2.017530E-02   
-2.077283E-02   
-2.135291E-02   
-2.191508E-02   
-2.245889E-02   
-2.298392E-02   
-2.348975E-02   
-2.397599E-02   
-2.444226E-02   
-2.488819E-02   
-2.531343E-02   
-2.571765E-02   
-2.610054E-02   
-2.646181E-02   
-2.680118E-02   
-2.711838E-02   
-2.741318E-02   
-2.768536E-02   
-2.793471E-02   
-2.816104E-02   
-2.836420E-02   
-2.854402E-02   
-2.870040E-02   
-2.883321E-02   
-2.894236E-02   
-2.902780E-02   
-2.908946E-02   
-2.912732E-02   
-2.914137E-02   
-2.913161E-02   
-2.909806E-02   
-2.904079E-02   
-2.895985E-02   
-2.885533E-02   
-2.872733E-02   
-2.857598E-02   
-2.840142E-02   
-2.820380E-02   
-2.798333E-02   
-2.774018E-02   
-2.747458E-02   
-2.718676E-02   
-2.687697E-02   
-2.654550E-02   
-2.619261E-02   
-2.581863E-02   
-2.542388E-02   
-2.500868E-02   
-2.457340E-02   
-2.411841E-02   
-2.364410E-02   
-2.315087E-02   
-2.263914E-02   
-2.210934E-02   
-2.156192E-02   
-2.099735E-02   
-2.041608E-02   
-1.981862E-02   
-1.920547E-02   
-1.857713E-02   
-1.793414E-02   
-1.727703E-02   
-1.660634E-02   
-1.592265E-02   
-1.522651E-02   
-1.451851E-02   
-1.379923E-02   
-1.306927E-02   
-1.232923E-02   
-1.157973E-02   
-1.082139E-02   
-1.005483E-02   
-9.280685E-03   
-8.499594E-03   
-7.712202E-03   
-6.919155E-03   
-6.121105E-03   
-5.318709E-03   
-4.512626E-03   
-3.703515E-03   
-2.892042E-03   
-2.078869E-03   
-1.264663E-03   
-4.500895E-04   
 3.641866E-04   
 1.177500E-03   
 1.989189E-03   
 2.798590E-03   
 3.605045E-03   
 4.407897E-03   
 5.206495E-03   
 6.000189E-03   
 6.788336E-03   
 7.570296E-03   
 8.345436E-03   
 9.113128E-03   
 9.872753E-03   
 1.062369E-02   
 1.136535E-02   
 1.209712E-02   
 1.281841E-02   
 1.352865E-02   
 1.422726E-02   
 1.491368E-02   
 1.558736E-02   
 1.624777E-02   
 1.689437E-02   
 1.752664E-02   
 1.814409E-02   
 1.874622E-02   
 1.933255E-02   
 1.990261E-02   
 2.045596E-02   
 2.099215E-02   
 2.151077E-02   
 2.201139E-02   
 2.249364E-02   
 2.295712E-02   
 2.340148E-02   
 2.382636E-02   
 2.423144E-02   
 2.461641E-02   
 2.498096E-02   
 2.532482E-02   
 2.564771E-02   
 2.594940E-02   
 2.622966E-02   
 2.648826E-02   
 2.672503E-02   
 2.693978E-02   
 2.713236E-02   
 2.730263E-02   
 2.745046E-02   
 2.757575E-02   
 2.767843E-02   
 2.775842E-02   
 2.781569E-02   
 2.785019E-02   
 2.786192E-02   
 2.785089E-02   
 2.781713E-02   
 2.776068E-02   
 2.768161E-02   
 2.758000E-02   
 2.745596E-02   
 2.730959E-02   
 2.714105E-02   
 2.695048E-02   
 2.673806E-02   
 2.650398E-02   
 2.624845E-02   
 2.597169E-02   
 2.567396E-02   
 2.535550E-02   
 2.501660E-02   
 2.465754E-02   
 2.427865E-02   
 2.388024E-02   
 2.346266E-02   
 2.302626E-02   
 2.257141E-02   
 2.209850E-02   
 2.160794E-02   
 2.110013E-02   
 2.057551E-02   
 2.003451E-02   
 1.947760E-02   
 1.890524E-02   
 1.831791E-02   
 1.771610E-02   
 1.710031E-02   
 1.647107E-02   
 1.582888E-02   
 1.517430E-02   
 1.450786E-02   
 1.383012E-02   
 1.314164E-02   
 1.244299E-02   
 1.173475E-02   
 1.101751E-02   
 1.029186E-02   
 9.558394E-03   
 8.817723E-03   
 8.070457E-03   
 7.317211E-03   
 6.558605E-03   
 5.795263E-03   
 5.027812E-03   
 4.256883E-03   
 3.483107E-03   
 2.707118E-03   
 1.929553E-03   
 1.151047E-03   
 3.722366E-04   
-4.062416E-04   
-1.183753E-03   
-1.959662E-03   
-2.733338E-03   
-3.504150E-03   
-4.271471E-03   
-5.034678E-03   
-5.793151E-03   
-6.546274E-03   
-7.293437E-03   
-8.034034E-03   
-8.767466E-03   
-9.493140E-03   
-1.021047E-02   
-1.091888E-02   
-1.161779E-02   
-1.230665E-02   
-1.298489E-02   
-1.365198E-02   
-1.430737E-02   
-1.495055E-02   
-1.558099E-02   
-1.619820E-02   
-1.680168E-02   
-1.739094E-02   
-1.796552E-02   
-1.852496E-02   
-1.906882E-02   
-1.959667E-02   
-2.010808E-02   
-2.060266E-02   
-2.108000E-02   
-2.153975E-02   
-2.198153E-02   
-2.240500E-02   
-2.280983E-02   
-2.319571E-02   
-2.356233E-02   
-2.390941E-02   
-2.423668E-02   
-2.454390E-02   
-2.483082E-02   
-2.509724E-02   
-2.534294E-02   
-2.556775E-02   
-2.577150E-02   
-2.595403E-02   
-2.611523E-02   
-2.625497E-02   
-2.637316E-02   
-2.646971E-02   
-2.654457E-02   
-2.659770E-02   
-2.662906E-02   
-2.663866E-02   
-2.662649E-02   
-2.659260E-02   
-2.653701E-02   
-2.645981E-02   
-2.636106E-02   
-2.624086E-02   
-2.609934E-02   
-2.593662E-02   
-2.575286E-02   
-2.554821E-02   
-2.532287E-02   
-2.507704E-02   
-2.481094E-02   
-2.452479E-02   
-2.421885E-02   
-2.389338E-02   
-2.354867E-02   
-2.318501E-02   
-2.280271E-02   
-2.240211E-02   
-2.198354E-02   
-2.154737E-02   
-2.109395E-02   
-2.062369E-02   
-2.013696E-02   
-1.963419E-02   
-1.911580E-02   
-1.858222E-02   
-1.803391E-02   
-1.747131E-02   
-1.689491E-02   
-1.630519E-02   
-1.570263E-02   
-1.508774E-02   
-1.446104E-02   
-1.382304E-02   
-1.317427E-02   
-1.251527E-02   
-1.184660E-02   
-1.116879E-02   
-1.048242E-02   
-9.788052E-03   
-9.086256E-03   
-8.377615E-03   
-7.662711E-03   
-6.942134E-03   
-6.216477E-03   
-5.486337E-03   
-4.752312E-03   
-4.015007E-03   
-3.275025E-03   
-2.532973E-03   
-1.789459E-03   
-1.045091E-03   
-3.004774E-04   
 4.437736E-04   
 1.187055E-03   
 1.928759E-03   
 2.668283E-03   
 3.405025E-03   
 4.138384E-03   
 4.867765E-03   
 5.592576E-03   
 6.312229E-03   
 7.026139E-03   
 7.733730E-03   
 8.434427E-03   
 9.127665E-03   
 9.812884E-03   
 1.048953E-02   
 1.115706E-02   
 1.181493E-02   
 1.246262E-02   
 1.309961E-02   
 1.372537E-02   
 1.433942E-02   
 1.494126E-02   
 1.553040E-02   
 1.610639E-02   
 1.666875E-02   
 1.721704E-02   
 1.775082E-02   
 1.826968E-02   
 1.877319E-02   
 1.926096E-02   
 1.973261E-02   
 2.018776E-02   
 2.062605E-02   
 2.104714E-02   
 2.145071E-02   
 2.183642E-02   
 2.220399E-02   
 2.255313E-02   
 2.288357E-02   
 2.319506E-02   
 2.348735E-02   
 2.376022E-02   
 2.401347E-02   
 2.424690E-02   
 2.446034E-02   
 2.465364E-02   
 2.482665E-02   
 2.497924E-02   
 2.511131E-02   
 2.522277E-02   
 2.531355E-02   
 2.538357E-02   
 2.543282E-02   
 2.546125E-02   
 2.546888E-02   
 2.545570E-02   
 2.542174E-02   
 2.536706E-02   
 2.529170E-02   
 2.519576E-02   
 2.507932E-02   
 2.494249E-02   
 2.478541E-02   
 2.460823E-02   
 2.441109E-02   
 2.419418E-02   
 2.395769E-02   
 2.370183E-02   
 2.342682E-02   
 2.313291E-02   
 2.282036E-02   
 2.248942E-02   
 2.214039E-02   
 2.177356E-02   
 2.138926E-02   
 2.098781E-02   
 2.056954E-02   
 2.013482E-02   
 1.968401E-02   
 1.921750E-02   
 1.873568E-02   
 1.823895E-02   
 1.772774E-02   
 1.720246E-02   
 1.666357E-02   
 1.611151E-02   
 1.554675E-02   
 1.496975E-02   
 1.438100E-02   
 1.378099E-02   
 1.317022E-02   
 1.254919E-02   
 1.191842E-02   
 1.127843E-02   
 1.062976E-02   
 9.972933E-03   
 9.308502E-03   
 8.637012E-03   
 7.959019E-03   
 7.275079E-03   
 6.585758E-03   
 5.891623E-03   
 5.193243E-03   
 4.491192E-03   
 3.786048E-03   
 3.078388E-03   
 2.368792E-03   
 1.657842E-03   
 9.461177E-04   
 2.342024E-04   
-4.773229E-04   
-1.187877E-03   
-1.896882E-03   
-2.603758E-03   
-3.307932E-03   
-4.008829E-03   
-4.705880E-03   
-5.398520E-03   
-6.086186E-03   
-6.768320E-03   
-7.444372E-03   
-8.113792E-03   
-8.776040E-03   
-9.430582E-03   
-1.007689E-02   
-1.071444E-02   
-1.134272E-02   
-1.196123E-02   
-1.256946E-02   
-1.316693E-02   
-1.375317E-02   
-1.432769E-02   
-1.489005E-02   
-1.543979E-02   
-1.597647E-02   
-1.649967E-02   
-1.700897E-02   
-1.750397E-02   
-1.798426E-02   
-1.844948E-02   
-1.889926E-02   
-1.933323E-02   
-1.975107E-02   
-2.015244E-02   
-2.053702E-02   
-2.090452E-02   
-2.125465E-02   
-2.158713E-02   
-2.190172E-02   
-2.219817E-02   
-2.247625E-02   
-2.273575E-02   
-2.297648E-02   
-2.319824E-02   
-2.340088E-02   
-2.358425E-02   
-2.374821E-02   
-2.389265E-02   
-2.401746E-02   
-2.412255E-02   
-2.420786E-02   
-2.427333E-02   
-2.431894E-02   
-2.434464E-02   
-2.435045E-02   
-2.433636E-02   
-2.430242E-02   
-2.424866E-02   
-2.417515E-02   
-2.408195E-02   
-2.396917E-02   
-2.383690E-02   
-2.368528E-02   
-2.351445E-02   
-2.332455E-02   
-2.311576E-02   
-2.288827E-02   
-2.264227E-02   
-2.237799E-02   
-2.209564E-02   
-2.179549E-02   
-2.147778E-02   
-2.114280E-02   
-2.079083E-02   
-2.042216E-02   
-2.003712E-02   
-1.963604E-02   
-1.921925E-02   
-1.878710E-02   
-1.833997E-02   
-1.787823E-02   
-1.740226E-02   
-1.691247E-02   
-1.640928E-02   
-1.589309E-02   
-1.536435E-02   
-1.482350E-02   
-1.427098E-02   
-1.370726E-02   
-1.313281E-02   
-1.254811E-02   
-1.195363E-02   
-1.134988E-02   
-1.073736E-02   
-1.011657E-02   
-9.488021E-03   
-8.852241E-03   
-8.209752E-03   
-7.561083E-03   
-6.906771E-03   
-6.247353E-03   
-5.583372E-03   
-4.915374E-03   
-4.243908E-03   
-3.569525E-03   
-2.892778E-03   
-2.214222E-03   
-1.534411E-03   
-8.539029E-04   
-1.732530E-04   
 5.069825E-04   
 1.186249E-03   
 1.863991E-03   
 2.539659E-03   
 3.212701E-03   
 3.882569E-03   
 4.548721E-03   
 5.210614E-03   
 5.867712E-03   
 6.519483E-03   
 7.165397E-03   
 7.804933E-03   
 8.437574E-03   
 9.062808E-03   
 9.680132E-03   
 1.028905E-02   
 1.088906E-02   
 1.147970E-02   
 1.206048E-02   
 1.263093E-02   
 1.319061E-02   
 1.373906E-02   
 1.427584E-02   
 1.480053E-02   
 1.531270E-02   
 1.581195E-02   
 1.629789E-02   
 1.677011E-02   
 1.722826E-02   
 1.767197E-02   
 1.810088E-02   
 1.851467E-02   
 1.891299E-02   
 1.929555E-02   
 1.966204E-02   
 2.001218E-02   
 2.034569E-02   
 2.066231E-02   
 2.096180E-02   
 2.124393E-02   
 2.150849E-02   
 2.175526E-02   
 2.198407E-02   
 2.219475E-02   
 2.238712E-02   
 2.256106E-02   
 2.271644E-02   
 2.285314E-02   
 2.297106E-02   
 2.307014E-02   
 2.315029E-02   
 2.321147E-02   
 2.325366E-02   
 2.327682E-02   
 2.328095E-02   
 2.326607E-02   
 2.323220E-02   
 2.317940E-02   
 2.310770E-02   
 2.301720E-02   
 2.290798E-02   
 2.278014E-02   
 2.263380E-02   
 2.246910E-02   
 2.228619E-02   
 2.208523E-02   
 2.186640E-02   
 2.162989E-02   
 2.137592E-02   
 2.110470E-02   
 2.081646E-02   
 2.051147E-02   
 2.018997E-02   
 1.985225E-02   
 1.949859E-02   
 1.912931E-02   
 1.874470E-02   
 1.834510E-02   
 1.793085E-02   
 1.750230E-02   
 1.705980E-02   
 1.660374E-02   
 1.613448E-02   
 1.565244E-02   
 1.515801E-02   
 1.465161E-02   
 1.413366E-02   
 1.360458E-02   
 1.306484E-02   
 1.251486E-02   
 1.195511E-02   
 1.138606E-02   
 1.080818E-02   
 1.022194E-02   
 9.627838E-03   
 9.026356E-03   
 8.417995E-03   
 7.803257E-03   
 7.182649E-03   
 6.556683E-03   
 5.925874E-03   
 5.290741E-03   
 4.651807E-03   
 4.009596E-03   
 3.364635E-03   
 2.717454E-03   
 2.068582E-03   
 1.418551E-03   
 7.678923E-04   
 1.171379E-04   
-5.331808E-04   
-1.182533E-03   
-1.830390E-03   
-2.476223E-03   
-3.119506E-03   
-3.759717E-03   
-4.396336E-03   
-5.028844E-03   
-5.656730E-03   
-6.279484E-03   
-6.896603E-03   
-7.507585E-03   
-8.111939E-03   
-8.709175E-03   
-9.298812E-03   
-9.880375E-03   
-1.045339E-02   
-1.101741E-02   
-1.157197E-02   
-1.211663E-02   
-1.265095E-02   
-1.317450E-02   
-1.368687E-02   
-1.418764E-02   
-1.467642E-02   
-1.515281E-02   
-1.561645E-02   
-1.606695E-02   
-1.650397E-02   
-1.692715E-02   
-1.733617E-02   
-1.773069E-02   
-1.811042E-02   
-1.847504E-02   
-1.882429E-02   
-1.915787E-02   
-1.947555E-02   
-1.977706E-02   
-2.006217E-02   
-2.033067E-02   
-2.058235E-02   
-2.081702E-02   
-2.103449E-02   
-2.123462E-02   
-2.141724E-02   
-2.158222E-02   
-2.172945E-02   
-2.185881E-02   
-2.197022E-02   
-2.206360E-02   
-2.213888E-02   
-2.219603E-02   
-2.223500E-02   
-2.225579E-02   
-2.225839E-02   
-2.224281E-02   
-2.220908E-02   
-2.215724E-02   
-2.208735E-02   
-2.199949E-02   
-2.189373E-02   
-2.177018E-02   
-2.162896E-02   
-2.147018E-02   
-2.129401E-02   
-2.110060E-02   
-2.089011E-02   
-2.066273E-02   
-2.041867E-02   
-2.015814E-02   
-1.988136E-02   
-1.958857E-02   
-1.928002E-02   
-1.895599E-02   
-1.861674E-02   
-1.826256E-02   
-1.789376E-02   
-1.751065E-02   
-1.711356E-02   
-1.670281E-02   
-1.627877E-02   
-1.584177E-02   
-1.539220E-02   
-1.493043E-02   
-1.445684E-02   
-1.397183E-02   
-1.347581E-02   
-1.296920E-02   
-1.245240E-02   
-1.192586E-02   
-1.139001E-02   
-1.084530E-02   
-1.029218E-02   
-9.731104E-03   
-9.162542E-03   
-8.586962E-03   
-8.004840E-03   
-7.416657E-03   
-6.822899E-03   
-6.224054E-03   
-5.620615E-03   
-5.013080E-03   
-4.401948E-03   
-3.787720E-03   
-3.170901E-03   
-2.551997E-03   
-1.931513E-03   
-1.309960E-03   
-6.878442E-04   
-6.567479E-05   
 5.560402E-04   
 1.176793E-03   
 1.796079E-03   
 2.413392E-03   
 3.028230E-03   
 3.640094E-03   
 4.248486E-03   
 4.852911E-03   
 5.452881E-03   
 6.047908E-03   
 6.637511E-03   
 7.221212E-03   
 7.798541E-03   
 8.369029E-03   
 8.932219E-03   
 9.487655E-03   
 1.003489E-02   
 1.057348E-02   
 1.110300E-02   
 1.162303E-02   
 1.213313E-02   
 1.263292E-02   
 1.312197E-02   
 1.359992E-02   
 1.406637E-02   
 1.452095E-02   
 1.496331E-02   
 1.539308E-02   
 1.580994E-02   
 1.621354E-02   
 1.660358E-02   
 1.697974E-02   
 1.734172E-02   
 1.768925E-02   
 1.802206E-02   
 1.833987E-02   
 1.864245E-02   
 1.892957E-02   
 1.920099E-02   
 1.945650E-02   
 1.969593E-02   
 1.991907E-02   
 2.012577E-02   
 2.031587E-02   
 2.048922E-02   
 2.064570E-02   
 2.078519E-02   
 2.090760E-02   
 2.101283E-02   
 2.110082E-02   
 2.117151E-02   
 2.122485E-02   
 2.126082E-02   
 2.127940E-02   
 2.128059E-02   
 2.126440E-02   
 2.123086E-02   
 2.118001E-02   
 2.111191E-02   
 2.102662E-02   
 2.092424E-02   
 2.080485E-02   
 2.066857E-02   
 2.051553E-02   
 2.034586E-02   
 2.015971E-02   
 1.995726E-02   
 1.973867E-02   
 1.950414E-02   
 1.925388E-02   
 1.898811E-02   
 1.870704E-02   
 1.841093E-02   
 1.810003E-02   
 1.777460E-02   
 1.743492E-02   
 1.708128E-02   
 1.671399E-02   
 1.633335E-02   
 1.593968E-02   
 1.553331E-02   
 1.511460E-02   
 1.468388E-02   
 1.424153E-02   
 1.378791E-02   
 1.332340E-02   
 1.284839E-02   
 1.236327E-02   
 1.186846E-02   
 1.136436E-02   
 1.085139E-02   
 1.032998E-02   
 9.800564E-03   
 9.263574E-03   
 8.719459E-03   
 8.168669E-03   
 7.611658E-03   
 7.048886E-03   
 6.480818E-03   
 5.907922E-03   
 5.330670E-03   
 4.749536E-03   
 4.164999E-03   
 3.577538E-03   
 2.987635E-03   
 2.395775E-03   
 1.802441E-03   
 1.208120E-03   
 6.132982E-04   
 1.846105E-05   
-5.759055E-04   
-1.169316E-03   
-1.761288E-03   
-2.351338E-03   
-2.938986E-03   
-3.523755E-03   
-4.105168E-03   
-4.682755E-03   
-5.256047E-03   
-5.824578E-03   
-6.387890E-03   
-6.945525E-03   
-7.497033E-03   
-8.041970E-03   
-8.579895E-03   
-9.110374E-03   
-9.632982E-03   
-1.014730E-02   
-1.065291E-02   
-1.114940E-02   
-1.163639E-02   
-1.211348E-02   
-1.258029E-02   
-1.303644E-02   
-1.348158E-02   
-1.391534E-02   
-1.433739E-02   
-1.474739E-02   
-1.514501E-02   
-1.552993E-02   
-1.590187E-02   
-1.626051E-02   
-1.660559E-02   
-1.693682E-02   
-1.725395E-02   
-1.755673E-02   
-1.784494E-02   
-1.811833E-02   
-1.837671E-02   
-1.861987E-02   
-1.884763E-02   
-1.905981E-02   
-1.925625E-02   
-1.943681E-02   
-1.960136E-02   
-1.974976E-02   
-1.988191E-02   
-1.999772E-02   
-2.009711E-02   
-2.018001E-02   
-2.024636E-02   
-2.029612E-02   
-2.032928E-02   
-2.034580E-02   
-2.034570E-02   
-2.032898E-02   
-2.029568E-02   
-2.024583E-02   
-2.017949E-02   
-2.009673E-02   
-1.999763E-02   
-1.988227E-02   
-1.975078E-02   
-1.960327E-02   
-1.943986E-02   
-1.926072E-02   
-1.906600E-02   
-1.885587E-02   
-1.863051E-02   
-1.839013E-02   
-1.813492E-02   
-1.786512E-02   
-1.758095E-02   
-1.728265E-02   
-1.697049E-02   
-1.664472E-02   
-1.630563E-02   
-1.595349E-02   
-1.558863E-02   
-1.521132E-02   
-1.482191E-02   
-1.442071E-02   
-1.400807E-02   
-1.358432E-02   
-1.314983E-02   
-1.270495E-02   
-1.225006E-02   
-1.178554E-02   
-1.131178E-02   
-1.082917E-02   
-1.033811E-02   
-9.839005E-03   
-9.332276E-03   
-8.818341E-03   
-8.297625E-03   
-7.770559E-03   
-7.237578E-03   
-6.699123E-03   
-6.155637E-03   
-5.607568E-03   
-5.055368E-03   
-4.499491E-03   
-3.940394E-03   
-3.378535E-03   
-2.814377E-03   
-2.248382E-03   
-1.681012E-03   
-1.112733E-03   
-5.440101E-04   
 2.469301E-05   
 5.929116E-04   
 1.160182E-03   
 1.726042E-03   
 2.290030E-03   
 2.851688E-03   
 3.410559E-03   
 3.966188E-03   
 4.518126E-03   
 5.065923E-03   
 5.609136E-03   
 6.147326E-03   
 6.680056E-03   
 7.206897E-03   
 7.727423E-03   
 8.241214E-03   
 8.747856E-03   
 9.246941E-03   
 9.738068E-03   
 1.022084E-02   
 1.069488E-02   
 1.115979E-02   
 1.161521E-02   
 1.206078E-02   
 1.249613E-02   
 1.292093E-02   
 1.333482E-02   
 1.373749E-02   
 1.412862E-02   
 1.450789E-02   
 1.487500E-02   
 1.522966E-02   
 1.557160E-02   
 1.590055E-02   
 1.621624E-02   
 1.651844E-02   
 1.680690E-02   
 1.708140E-02   
 1.734173E-02   
 1.758768E-02   
 1.781907E-02   
 1.803573E-02   
 1.823748E-02   
 1.842417E-02   
 1.859567E-02   
 1.875184E-02   
 1.889257E-02   
 1.901776E-02   
 1.912732E-02   
 1.922118E-02   
 1.929926E-02   
 1.936151E-02   
 1.940791E-02   
 1.943842E-02   
 1.945303E-02   
 1.945175E-02   
 1.943459E-02   
 1.940157E-02   
 1.935273E-02   
 1.928813E-02   
 1.920784E-02   
 1.911192E-02   
 1.900048E-02   
 1.887362E-02   
 1.873144E-02   
 1.857409E-02   
 1.840170E-02   
 1.821442E-02   
 1.801243E-02   
 1.779589E-02   
 1.756500E-02   
 1.731995E-02   
 1.706096E-02   
 1.678825E-02   
 1.650205E-02   
 1.620261E-02   
 1.589019E-02   
 1.556505E-02   
 1.522746E-02   
 1.487771E-02   
 1.451611E-02   
 1.414294E-02   
 1.375853E-02   
 1.336320E-02   
 1.295728E-02   
 1.254111E-02   
 1.211504E-02   
 1.167943E-02   
 1.123463E-02   
 1.078103E-02   
 1.031899E-02   
 9.848900E-03   
 9.371154E-03   
 8.886147E-03   
 8.394279E-03   
 7.895959E-03   
 7.391598E-03   
 6.881613E-03   
 6.366426E-03   
 5.846461E-03   
 5.322146E-03   
 4.793913E-03   
 4.262198E-03   
 3.727436E-03   
 3.190067E-03   
 2.650533E-03   
 2.109274E-03   
 1.566735E-03   
 1.023360E-03   
 4.795928E-04   
-6.412192E-05   
-6.073404E-04   
-1.149619E-03   
-1.690517E-03   
-2.229592E-03   
-2.766407E-03   
-3.300524E-03   
-3.831510E-03   
-4.358934E-03   
-4.882368E-03   
-5.401388E-03   
-5.915574E-03   
-6.424509E-03   
-6.927783E-03   
-7.424989E-03   
-7.915726E-03   
-8.399598E-03   
-8.876217E-03   
-9.345199E-03   
-9.806167E-03   
-1.025875E-02   
-1.070259E-02   
-1.113733E-02   
-1.156261E-02   
-1.197811E-02   
-1.238349E-02   
-1.277843E-02   
-1.316260E-02   
-1.353572E-02   
-1.389748E-02   
-1.424760E-02   
-1.458579E-02   
-1.491180E-02   
-1.522537E-02   
-1.552625E-02   
-1.581421E-02   
-1.608902E-02   
-1.635046E-02   
-1.659834E-02   
-1.683247E-02   
-1.705266E-02   
-1.725874E-02   
-1.745057E-02   
-1.762798E-02   
-1.779086E-02   
-1.793908E-02   
-1.807253E-02   
-1.819112E-02   
-1.829475E-02   
-1.838336E-02   
-1.845689E-02   
-1.851528E-02   
-1.855851E-02   
-1.858655E-02   
-1.859939E-02   
-1.859703E-02   
-1.857949E-02   
-1.854679E-02   
-1.849897E-02   
-1.843609E-02   
-1.835821E-02   
-1.826539E-02   
-1.815774E-02   
-1.803535E-02   
-1.789834E-02   
-1.774682E-02   
-1.758093E-02   
-1.740082E-02   
-1.720665E-02   
-1.699859E-02   
-1.677682E-02   
-1.654153E-02   
-1.629293E-02   
-1.603122E-02   
-1.575664E-02   
-1.546941E-02   
-1.516979E-02   
-1.485803E-02   
-1.453439E-02   
-1.419914E-02   
-1.385258E-02   
-1.349499E-02   
-1.312666E-02   
-1.274792E-02   
-1.235909E-02   
-1.196047E-02   
-1.155242E-02   
-1.113526E-02   
-1.070936E-02   
-1.027505E-02   
-9.832715E-03   
-9.382708E-03   
-8.925408E-03   
-8.461193E-03   
-7.990448E-03   
-7.513562E-03   
-7.030931E-03   
-6.542953E-03   
-6.050030E-03   
-5.552570E-03   
-5.050982E-03   
-4.545680E-03   
-4.037078E-03   
-3.525595E-03   
-3.011651E-03   
-2.495667E-03   
-1.978067E-03   
-1.459274E-03   
-9.397132E-04   
-4.198093E-04   
 1.000127E-04   
 6.193287E-04   
 1.137715E-03   
 1.654749E-03   
 2.170009E-03   
 2.683077E-03   
 3.193535E-03   
 3.700968E-03   
 4.204966E-03   
 4.705118E-03   
 5.201019E-03   
 5.692269E-03   
 6.178469E-03   
 6.659228E-03   
 7.134156E-03   
 7.602871E-03   
 8.064995E-03   
 8.520157E-03   
 8.967989E-03   
 9.408133E-03   
 9.840236E-03   
 1.026395E-02   
 1.067894E-02   
 1.108487E-02   
 1.148141E-02   
 1.186826E-02   
 1.224510E-02   
 1.261163E-02   
 1.296757E-02   
 1.331262E-02   
 1.364653E-02   
 1.396902E-02   
 1.427984E-02   
 1.457874E-02   
 1.486550E-02   
 1.513988E-02   
 1.540168E-02   
 1.565068E-02   
 1.588671E-02   
 1.610957E-02   
 1.631909E-02   
 1.651512E-02   
 1.669750E-02   
 1.686609E-02   
 1.702078E-02   
 1.716144E-02   
 1.728798E-02   
 1.740029E-02   
 1.749831E-02   
 1.758196E-02   
 1.765118E-02   
 1.770593E-02   
 1.774618E-02   
 1.777190E-02   
 1.778310E-02   
 1.777976E-02   
 1.776191E-02   
 1.772957E-02   
 1.768278E-02   
 1.762158E-02   
 1.754605E-02   
 1.745625E-02   
 1.735228E-02   
 1.723421E-02   
 1.710218E-02   
 1.695628E-02   
 1.679666E-02   
 1.662345E-02   
 1.643681E-02   
 1.623690E-02   
 1.602390E-02   
 1.579798E-02   
 1.555936E-02   
 1.530822E-02   
 1.504478E-02   
 1.476928E-02   
 1.448194E-02   
 1.418301E-02   
 1.387274E-02   
 1.355140E-02   
 1.321925E-02   
 1.287659E-02   
 1.252368E-02   
 1.216084E-02   
 1.178837E-02   
 1.140657E-02   
 1.101577E-02   
 1.061630E-02   
 1.020848E-02   
 9.792664E-03   
 9.369188E-03   
 8.938407E-03   
 8.500680E-03   
 8.056368E-03   
 7.605841E-03   
 7.149471E-03   
 6.687636E-03   
 6.220717E-03   
 5.749100E-03   
 5.273173E-03   
 4.793330E-03   
 4.309964E-03   
 3.823473E-03   
 3.334258E-03   
 2.842719E-03   
 2.349261E-03   
 1.854287E-03   
 1.358203E-03   
 8.614157E-04   
 3.643303E-04   
-1.326467E-04   
-6.291096E-04   
-1.124653E-03   
-1.618874E-03   
-2.111370E-03   
-2.601739E-03   
-3.089583E-03   
-3.574506E-03   
-4.056115E-03   
-4.534018E-03   
-5.007829E-03   
-5.477163E-03   
-5.941642E-03   
-6.400890E-03   
-6.854536E-03   
-7.302215E-03   
-7.743566E-03   
-8.178233E-03   
-8.605868E-03   
-9.026126E-03   
-9.438670E-03   
-9.843171E-03   
-1.023930E-02   
-1.062675E-02   
-1.100521E-02   
-1.137437E-02   
-1.173394E-02   
-1.208363E-02   
-1.242317E-02   
-1.275229E-02   
-1.307073E-02   
-1.337824E-02   
-1.367457E-02   
-1.395950E-02   
-1.423279E-02   
-1.449423E-02   
-1.474363E-02   
-1.498079E-02   
-1.520552E-02   
-1.541765E-02   
-1.561701E-02   
-1.580347E-02   
-1.597686E-02   
-1.613707E-02   
-1.628397E-02   
-1.641746E-02   
-1.653742E-02   
-1.664379E-02   
-1.673648E-02   
-1.681543E-02   
-1.688058E-02   
-1.693190E-02   
-1.696935E-02   
-1.699291E-02   
-1.700257E-02   
-1.699835E-02   
-1.698025E-02   
-1.694830E-02   
-1.690253E-02   
-1.684300E-02   
-1.676977E-02   
-1.668290E-02   
-1.658248E-02   
-1.646860E-02   
-1.634137E-02   
-1.620090E-02   
-1.604731E-02   
-1.588075E-02   
-1.570135E-02   
-1.550928E-02   
-1.530470E-02   
-1.508780E-02   
-1.485874E-02   
-1.461775E-02   
-1.436501E-02   
-1.410075E-02   
-1.382520E-02   
-1.353857E-02   
-1.324113E-02   
-1.293312E-02   
-1.261480E-02   
-1.228644E-02   
-1.194831E-02   
-1.160071E-02   
-1.124391E-02   
-1.087823E-02   
-1.050396E-02   
-1.012142E-02   
-9.730924E-03   
-9.332804E-03   
-8.927389E-03   
-8.515015E-03   
-8.096025E-03   
-7.670766E-03   
-7.239591E-03   
-6.802856E-03   
-6.360923E-03   
-5.914157E-03   
-5.462926E-03   
-5.007604E-03   
-4.548564E-03   
-4.086184E-03   
-3.620846E-03   
-3.152931E-03   
-2.682823E-03   
-2.210909E-03   
-1.737575E-03   
-1.263209E-03   
-7.881979E-04   
-3.129315E-04   
 1.622023E-04   
 6.368157E-04   
 1.110522E-03   
 1.582934E-03   
 2.053668E-03   
 2.522340E-03   
 2.988571E-03   
 3.451980E-03   
 3.912192E-03   
 4.368834E-03   
 4.821536E-03   
 5.269930E-03   
 5.713656E-03   
 6.152354E-03   
 6.585669E-03   
 7.013254E-03   
 7.434762E-03   
 7.849856E-03   
 8.258201E-03   
 8.659469E-03   
 9.053338E-03   
 9.439493E-03   
 9.817625E-03   
 1.018743E-02   
 1.054862E-02   
 1.090090E-02   
 1.124398E-02   
 1.157761E-02   
 1.190151E-02   
 1.221543E-02   
 1.251912E-02   
 1.281234E-02   
 1.309485E-02   
 1.336645E-02   
 1.362690E-02   
 1.387602E-02   
 1.411360E-02   
 1.433946E-02   
 1.455344E-02   
 1.475535E-02   
 1.494505E-02   
 1.512239E-02   
 1.528723E-02   
 1.543946E-02   
 1.557896E-02   
 1.570563E-02   
 1.581936E-02   
 1.592009E-02   
 1.600773E-02   
 1.608223E-02   
 1.614354E-02   
 1.619162E-02   
 1.622643E-02   
 1.624797E-02   
 1.625622E-02   
 1.625119E-02   
 1.623290E-02   
 1.620136E-02   
 1.615662E-02   
 1.609873E-02   
 1.602774E-02   
 1.594372E-02   
 1.584674E-02   
 1.573691E-02   
 1.561432E-02   
 1.547907E-02   
 1.533130E-02   
 1.517113E-02   
 1.499870E-02   
 1.481417E-02   
 1.461769E-02   
 1.440943E-02   
 1.418958E-02   
 1.395832E-02   
 1.371586E-02   
 1.346239E-02   
 1.319813E-02   
 1.292332E-02   
 1.263817E-02   
 1.234294E-02   
 1.203787E-02   
 1.172322E-02   
 1.139926E-02   
 1.106625E-02   
 1.072448E-02   
 1.037422E-02   
 1.001579E-02   
 9.649467E-03   
 9.275564E-03   
 8.894394E-03   
 8.506271E-03   
 8.111520E-03   
 7.710468E-03   
 7.303447E-03   
 6.890795E-03   
 6.472853E-03   
 6.049967E-03   
 5.622486E-03   
 5.190763E-03   
 4.755154E-03   
 4.316018E-03   
 3.873717E-03   
 3.428613E-03   
 2.981073E-03   
 2.531465E-03   
 2.080156E-03   
 1.627517E-03   
 1.173919E-03   
 7.197332E-04   
 2.653302E-04   
-1.889184E-04   
-6.426418E-04   
-1.095470E-03   
-1.547034E-03   
-1.996966E-03   
-2.444900E-03   
-2.890472E-03   
-3.333319E-03   
-3.773084E-03   
-4.209408E-03   
-4.641939E-03   
-5.070326E-03   
-5.494223E-03   
-5.913288E-03   
-6.327182E-03   
-6.735572E-03   
-7.138128E-03   
-7.534527E-03   
-7.924449E-03   
-8.307583E-03   
-8.683620E-03   
-9.052260E-03   
-9.413207E-03   
-9.766173E-03   
-1.011088E-02   
-1.044704E-02   
-1.077440E-02   
-1.109270E-02   
-1.140167E-02   
-1.170109E-02   
-1.199071E-02   
-1.227029E-02   
-1.253963E-02   
-1.279852E-02   
-1.304674E-02   
-1.328410E-02   
-1.351042E-02   
-1.372553E-02   
-1.392925E-02   
-1.412143E-02   
-1.430193E-02   
-1.447060E-02   
-1.462731E-02   
-1.477195E-02   
-1.490442E-02   
-1.502460E-02   
-1.513242E-02   
-1.522779E-02   
-1.531065E-02   
-1.538094E-02   
-1.543862E-02   
-1.548364E-02   
-1.551598E-02   
-1.553563E-02   
-1.554257E-02   
-1.553682E-02   
-1.551838E-02   
-1.548729E-02   
-1.544358E-02   
-1.538729E-02   
-1.531848E-02   
-1.523723E-02   
-1.514359E-02   
-1.503767E-02   
-1.491955E-02   
-1.478935E-02   
-1.464718E-02   
-1.449316E-02   
-1.432744E-02   
-1.415015E-02   
-1.396145E-02   
-1.376151E-02   
-1.355049E-02   
-1.332858E-02   
-1.309597E-02   
-1.285285E-02   
-1.259944E-02   
-1.233594E-02   
-1.206259E-02   
-1.177961E-02   
-1.148725E-02   
-1.118574E-02   
-1.087535E-02   
-1.055633E-02   
-1.022895E-02   
-9.893479E-03   
-9.550209E-03   
-9.199420E-03   
-8.841406E-03   
-8.476465E-03   
-8.104901E-03   
-7.727021E-03   
-7.343141E-03   
-6.953578E-03   
-6.558656E-03   
-6.158700E-03   
-5.754042E-03   
-5.345016E-03   
-4.931960E-03   
-4.515213E-03   
-4.095120E-03   
-3.672026E-03   
-3.246279E-03   
-2.818229E-03   
-2.388228E-03   
-1.956627E-03   
-1.523781E-03   
-1.090044E-03   
-6.557716E-04   
-2.213181E-04   
 2.129614E-04   
 6.467124E-04   
 1.079581E-03   
 1.511215E-03   
 1.941262E-03   
 2.369373E-03   
 2.795200E-03   
 3.218396E-03   
 3.638619E-03   
 4.055528E-03   
 4.468785E-03   
 4.878055E-03   
 5.283008E-03   
 5.683316E-03   
 6.078657E-03   
 6.468711E-03   
 6.853165E-03   
 7.231709E-03   
 7.604039E-03   
 7.969855E-03   
 8.328865E-03   
 8.680781E-03   
 9.025322E-03   
 9.362211E-03   
 9.691180E-03   
 1.001197E-02   
 1.032432E-02   
 1.062798E-02   
 1.092272E-02   
 1.120830E-02   
 1.148449E-02   
 1.175108E-02   
 1.200786E-02   
 1.225462E-02   
 1.249118E-02   
 1.271734E-02   
 1.293293E-02   
 1.313779E-02   
 1.333175E-02   
 1.351467E-02   
 1.368640E-02   
 1.384681E-02   
 1.399579E-02   
 1.413322E-02   
 1.425899E-02   
 1.437302E-02   
 1.447522E-02   
 1.456552E-02   
 1.464385E-02   
 1.471016E-02   
 1.476440E-02   
 1.480654E-02   
 1.483656E-02   
 1.485444E-02   
 1.486017E-02   
 1.485377E-02   
 1.483524E-02   
 1.480461E-02   
 1.476192E-02   
 1.470721E-02   
 1.464054E-02   
 1.456196E-02   
 1.447156E-02   
 1.436942E-02   
 1.425562E-02   
 1.413028E-02   
 1.399350E-02   
 1.384541E-02   
 1.368613E-02   
 1.351581E-02   
 1.333459E-02   
 1.314263E-02   
 1.294010E-02   
 1.272716E-02   
 1.250401E-02   
 1.227082E-02   
 1.202781E-02   
 1.177518E-02   
 1.151313E-02   
 1.124190E-02   
 1.096171E-02   
 1.067280E-02   
 1.037541E-02   
 1.006979E-02   
 9.756201E-03   
 9.434899E-03   
 9.106155E-03   
 8.770243E-03   
 8.427445E-03   
 8.078045E-03   
 7.722334E-03   
 7.360607E-03   
 6.993166E-03   
 6.620315E-03   
 6.242362E-03   
 5.859621E-03   
 5.472407E-03   
 5.081041E-03   
 4.685846E-03   
 4.287147E-03   
 3.885273E-03   
 3.480555E-03   
 3.073325E-03   
 2.663918E-03   
 2.252670E-03   
 1.839919E-03   
 1.426002E-03   
 1.011259E-03   
 5.960285E-04   
 1.806505E-04   
-2.345358E-04   
-6.491916E-04   
-1.062979E-03   
-1.475560E-03   
-1.886599E-03   
-2.295763E-03   
-2.702717E-03   
-3.107133E-03   
-3.508681E-03   
-3.907036E-03   
-4.301875E-03   
-4.692880E-03   
-5.079733E-03   
-5.462122E-03   
-5.839739E-03   
-6.212280E-03   
-6.579443E-03   
-6.940934E-03   
-7.296462E-03   
-7.645742E-03   
-7.988494E-03   
-8.324443E-03   
-8.653320E-03   
-8.974863E-03   
-9.288814E-03   
-9.594925E-03   
-9.892951E-03   
-1.018265E-02   
-1.046381E-02   
-1.073619E-02   
-1.099958E-02   
-1.125377E-02   
-1.149857E-02   
-1.173377E-02   
-1.195921E-02   
-1.217469E-02   
-1.238006E-02   
-1.257515E-02   
-1.275981E-02   
-1.293391E-02   
-1.309730E-02   
-1.324986E-02   
-1.339148E-02   
-1.352204E-02   
-1.364146E-02   
-1.374965E-02   
-1.384651E-02   
-1.393200E-02   
-1.400603E-02   
-1.406857E-02   
-1.411957E-02   
-1.415900E-02   
-1.418683E-02   
-1.420306E-02   
-1.420768E-02   
-1.420069E-02   
-1.418211E-02   
-1.415197E-02   
-1.411030E-02   
-1.405713E-02   
-1.399254E-02   
-1.391657E-02   
-1.382930E-02   
-1.373080E-02   
-1.362118E-02   
-1.350052E-02   
-1.336894E-02   
-1.322655E-02   
-1.307347E-02   
-1.290985E-02   
-1.273581E-02   
-1.255152E-02   
-1.235713E-02   
-1.215281E-02   
-1.193873E-02   
-1.171508E-02   
-1.148205E-02   
-1.123983E-02   
-1.098863E-02   
-1.072866E-02   
-1.046014E-02   
-1.018330E-02   
-9.898377E-03   
-9.605600E-03   
-9.305219E-03   
-8.997484E-03   
-8.682654E-03   
-8.360991E-03   
-8.032763E-03   
-7.698244E-03   
-7.357713E-03   
-7.011451E-03   
-6.659747E-03   
-6.302892E-03   
-5.941182E-03   
-5.574916E-03   
-5.204397E-03   
-4.829931E-03   
-4.451826E-03   
-4.070395E-03   
-3.685952E-03   
-3.298813E-03   
-2.909297E-03   
-2.517723E-03   
-2.124413E-03   
-1.729689E-03   
-1.333875E-03   
-9.372957E-04   
-5.402745E-04   
-1.431363E-04   
